event_id,review_type,site,DateTime,NEE_raw,NEE_auto_screened,NEE_kept_for_diag,Rg,Ustar,VPD,wind_dir,qc_co2_flux,GrowingSeason,WinterWindow,is_daytime,is_night,low_ustar,flag_fetch_excluded,flag_remove_high_positive,flag_impossible,auto_remove_nee
LD_high_night_20240222_0730,high_night,LD,2024-02-22T12:30:00Z,56.8646,56.8646,56.8646,0.650977,0.0640857,0,179.79,1,FALSE,TRUE,FALSE,TRUE,TRUE,FALSE,FALSE,FALSE,FALSE
LD_high_night_20240326_0400,high_night,LD,2024-03-26T08:00:00Z,85.65746,85.65746,85.65746,0,0.485193,0.212175,142.448,1,FALSE,TRUE,FALSE,TRUE,FALSE,FALSE,FALSE,FALSE,FALSE
LD_high_day_20240326_1600,high_day,LD,2024-03-26T20:00:00Z,69.77268,69.77268,69.77268,220.407,0.844349,0.0884177,234.885,1,FALSE,TRUE,TRUE,FALSE,FALSE,FALSE,FALSE,FALSE,FALSE
LD_high_night_20240412_0200,high_night,LD,2024-04-12T06:00:00Z,87.72972,87.72972,87.72972,0,0.517215,0.00225653,312.812,1,TRUE,FALSE,FALSE,TRUE,FALSE,FALSE,FALSE,FALSE,FALSE
LD_high_day_20240417_1230,high_day,LD,2024-04-17T16:30:00Z,82.71151,82.71151,82.71151,222.114,0.78637,0.382684,182.182,2,TRUE,FALSE,TRUE,FALSE,FALSE,FALSE,FALSE,FALSE,FALSE
LD_high_night_20240427_0000,high_night,LD,2024-04-27T04:00:00Z,113.25159,113.25159,113.25159,0,0.394671,0.155658,107.919,0,TRUE,FALSE,FALSE,TRUE,FALSE,FALSE,FALSE,FALSE,FALSE
LD_high_night_20240427_0030,high_night,LD,2024-04-27T04:30:00Z,61.95532,61.95532,61.95532,0,0.390754,0.17311500000000002,108.169,0,TRUE,FALSE,FALSE,TRUE,FALSE,FALSE,FALSE,FALSE,FALSE
LD_high_day_20240429_1130,high_day,LD,2024-04-29T15:30:00Z,115.2405,115.2405,115.2405,132.661,0.266747,0,117.828,1,TRUE,FALSE,TRUE,FALSE,FALSE,FALSE,FALSE,FALSE,FALSE
LD_high_night_20240511_0130,high_night,LD,2024-05-11T05:30:00Z,57.958200000000005,57.958200000000005,57.958200000000005,0,0.292275,0.35585500000000003,237.467,2,TRUE,FALSE,FALSE,TRUE,FALSE,FALSE,FALSE,FALSE,FALSE
LD_high_day_20240513_1830,high_day,LD,2024-05-13T22:30:00Z,85.86845000000001,85.86845000000001,85.86845000000001,111.155,0.380978,0.6627419999999999,295.801,1,TRUE,FALSE,TRUE,FALSE,FALSE,FALSE,FALSE,FALSE,FALSE
LD_high_night_20240520_1900,high_night,LD,2024-05-20T23:00:00Z,68.1221,68.1221,68.1221,8.42534,0.415922,0,213.822,1,TRUE,FALSE,FALSE,TRUE,FALSE,FALSE,FALSE,FALSE,FALSE
LD_high_night_20240601_2230,high_night,LD,2024-06-02T02:30:00Z,63.75788,63.75788,63.75788,5.3747e-5,0.427879,0,134.443,1,TRUE,FALSE,FALSE,TRUE,FALSE,FALSE,FALSE,FALSE,FALSE
LD_high_night_20240601_2330,high_night,LD,2024-06-02T03:30:00Z,116.38871,116.38871,116.38871,0,0.505966,0,140.848,1,TRUE,FALSE,FALSE,TRUE,FALSE,FALSE,FALSE,FALSE,FALSE
LD_high_night_20240602_0030,high_night,LD,2024-06-02T04:30:00Z,114.47341,114.47341,114.47341,0,0.349284,0,137.373,1,TRUE,FALSE,FALSE,TRUE,FALSE,FALSE,FALSE,FALSE,FALSE
LD_high_day_20240622_1800,high_day,LD,2024-06-22T22:00:00Z,112.7239,112.7239,112.7239,53.6371,0.23347300000000001,0,186.615,0,TRUE,FALSE,TRUE,FALSE,FALSE,FALSE,FALSE,FALSE,FALSE
LD_high_night_20240623_0000,high_night,LD,2024-06-23T04:00:00Z,91.75567000000001,91.75567000000001,91.75567000000001,0,0.20457,0,91.5321,1,TRUE,FALSE,FALSE,TRUE,FALSE,FALSE,FALSE,FALSE,FALSE
LD_high_night_20240624_0330,high_night,LD,2024-06-24T07:30:00Z,69.7504,69.7504,69.7504,9.81252e-5,0.014858,0,265.104,1,TRUE,FALSE,FALSE,TRUE,TRUE,FALSE,FALSE,FALSE,FALSE
LD_high_night_20240629_0330,high_night,LD,2024-06-29T07:30:00Z,137.99808,137.99808,137.99808,0,0.427933,0,166.114,1,TRUE,FALSE,FALSE,TRUE,FALSE,FALSE,FALSE,FALSE,FALSE
LD_high_night_20240713_0400,high_night,LD,2024-07-13T08:00:00Z,65.3806,65.3806,65.3806,0,0.0499124,0,239.915,1,TRUE,FALSE,FALSE,TRUE,TRUE,FALSE,FALSE,FALSE,FALSE
LD_high_night_20240715_0400,high_night,LD,2024-07-15T08:00:00Z,50.843090000000004,50.843090000000004,50.843090000000004,0,0.578229,0,158.981,1,TRUE,FALSE,FALSE,TRUE,FALSE,FALSE,FALSE,FALSE,FALSE
LD_high_night_20240716_0100,high_night,LD,2024-07-16T05:00:00Z,94.79876,94.79876,94.79876,0,0.376827,0,162.653,1,TRUE,FALSE,FALSE,TRUE,FALSE,FALSE,FALSE,FALSE,FALSE
LD_high_night_20240716_0230,high_night,LD,2024-07-16T06:30:00Z,87.04501,87.04501,87.04501,0,0.24414,0,266.546,1,TRUE,FALSE,FALSE,TRUE,FALSE,FALSE,FALSE,FALSE,FALSE
LD_high_day_20240720_0800,high_day,LD,2024-07-20T12:00:00Z,55.3264,55.3264,55.3264,118.647,0.177776,0,233.6,1,TRUE,FALSE,TRUE,FALSE,FALSE,FALSE,FALSE,FALSE,FALSE
LD_high_day_20240729_1730,high_day,LD,2024-07-29T21:30:00Z,121.1799,121.1799,121.1799,82.8068,0.348288,0,121.966,1,TRUE,FALSE,TRUE,FALSE,FALSE,FALSE,FALSE,FALSE,FALSE
LD_high_day_20240729_1800,high_day,LD,2024-07-29T22:00:00Z,112.81805,112.81805,112.81805,110.472,0.246799,0,152.834,1,TRUE,FALSE,TRUE,FALSE,FALSE,FALSE,FALSE,FALSE,FALSE
LD_high_night_20240823_0400,high_night,LD,2024-08-23T08:00:00Z,86.77600000000001,86.77600000000001,86.77600000000001,5.59905e-4,0.271238,0.057710700000000004,162.539,1,TRUE,FALSE,FALSE,TRUE,FALSE,FALSE,FALSE,FALSE,FALSE
LD_high_night_20240925_0300,high_night,LD,2024-09-25T07:00:00Z,58.99984,58.99984,58.99984,0,0.528779,0,300.753,0,TRUE,FALSE,FALSE,TRUE,FALSE,FALSE,FALSE,FALSE,FALSE
LD_high_night_20240927_0300,high_night,LD,2024-09-27T07:00:00Z,70.3933,70.3933,70.3933,0,0.0135882,0,154.789,2,TRUE,FALSE,FALSE,TRUE,TRUE,FALSE,FALSE,FALSE,FALSE
LD_high_night_20241002_0630,high_night,LD,2024-10-02T10:30:00Z,71.1917,71.1917,71.1917,0,0.0852328,0,91.3785,1,TRUE,FALSE,FALSE,TRUE,TRUE,FALSE,FALSE,FALSE,FALSE
LD_high_night_20241025_0800,high_night,LD,2024-10-25T12:00:00Z,64.6239,64.6239,64.6239,0.0309471,0.287674,0,163.639,2,TRUE,FALSE,FALSE,TRUE,FALSE,FALSE,FALSE,FALSE,FALSE
LD_high_night_20241101_0200,high_night,LD,2024-11-01T06:00:00Z,117.9456,117.9456,117.9456,0,0.865093,0.220334,271.11,1,FALSE,TRUE,FALSE,TRUE,FALSE,FALSE,FALSE,FALSE,FALSE
LD_high_night_20241101_0230,high_night,LD,2024-11-01T06:30:00Z,62.308460000000004,62.308460000000004,62.308460000000004,0,0.830612,0.20656200000000002,271.217,2,FALSE,TRUE,FALSE,TRUE,FALSE,FALSE,FALSE,FALSE,FALSE
LD_high_night_20241101_0330,high_night,LD,2024-11-01T07:30:00Z,106.11439999999999,106.11439999999999,106.11439999999999,0,0.613934,0.09523770000000001,269.62,1,FALSE,TRUE,FALSE,TRUE,FALSE,FALSE,FALSE,FALSE,FALSE
LD_high_night_20241101_0600,high_night,LD,2024-11-01T10:00:00Z,58.4792,58.4792,58.4792,0,0.571346,NA,304.816,1,FALSE,TRUE,FALSE,TRUE,FALSE,FALSE,FALSE,FALSE,FALSE
LD_high_night_20241103_2000,high_night,LD,2024-11-04T01:00:00Z,113.59287,113.59287,113.59287,0,0.582849,0.5740700000000001,114.429,1,FALSE,TRUE,FALSE,TRUE,FALSE,FALSE,FALSE,FALSE,FALSE
LD_high_night_20241104_0230,high_night,LD,2024-11-04T07:30:00Z,65.2397,65.2397,65.2397,0,0.391086,0.015241,134.07,1,FALSE,TRUE,FALSE,TRUE,FALSE,FALSE,FALSE,FALSE,FALSE
LD_high_day_20241104_1000,high_day,LD,2024-11-04T15:00:00Z,89.2234,89.2234,89.2234,59.6864,0.474508,NA,169.075,2,FALSE,TRUE,TRUE,FALSE,FALSE,FALSE,FALSE,FALSE,FALSE
LD_high_night_20241104_2000,high_night,LD,2024-11-05T01:00:00Z,112.42160000000001,112.42160000000001,112.42160000000001,0,0.409713,NA,211.852,2,FALSE,TRUE,FALSE,TRUE,FALSE,FALSE,FALSE,FALSE,FALSE
LD_high_night_20241105_2200,high_night,LD,2024-11-06T03:00:00Z,137.046,137.046,137.046,0,0.440183,NA,240.005,0,FALSE,TRUE,FALSE,TRUE,FALSE,FALSE,FALSE,FALSE,FALSE
LD_high_night_20241105_2300,high_night,LD,2024-11-06T04:00:00Z,83.0601,83.0601,83.0601,0,0.43487,NA,242.94,0,FALSE,TRUE,FALSE,TRUE,FALSE,FALSE,FALSE,FALSE,FALSE
LD_high_day_20241106_1630,high_day,LD,2024-11-06T21:30:00Z,121.85549,121.85549,121.85549,53.0579,0.32528,NA,298.238,1,FALSE,TRUE,TRUE,FALSE,FALSE,FALSE,FALSE,FALSE,FALSE
LD_high_night_20241114_0130,high_night,LD,2024-11-14T06:30:00Z,126.75515999999999,126.75515999999999,126.75515999999999,7.64301e-6,0.330571,NA,100.731,0,FALSE,TRUE,FALSE,TRUE,FALSE,FALSE,FALSE,FALSE,FALSE
LD_high_night_20241114_0200,high_night,LD,2024-11-14T07:00:00Z,51.650371,51.650371,51.650371,5.47331e-5,0.270592,NA,99.5501,0,FALSE,TRUE,FALSE,TRUE,FALSE,FALSE,FALSE,FALSE,FALSE
LD_high_night_20241114_0500,high_night,LD,2024-11-14T10:00:00Z,123.78331999999999,123.78331999999999,123.78331999999999,0,0.330235,NA,100.24,1,FALSE,TRUE,FALSE,TRUE,FALSE,FALSE,FALSE,FALSE,FALSE
LD_high_night_20241114_0800,high_night,LD,2024-11-14T13:00:00Z,107.23259999999999,107.23259999999999,107.23259999999999,0.930503,0.246164,NA,99.6464,1,FALSE,TRUE,FALSE,TRUE,FALSE,FALSE,FALSE,FALSE,FALSE
LD_high_night_20241119_0430,high_night,LD,2024-11-19T09:30:00Z,73.80664,73.80664,73.80664,9.2208e-5,0.589543,0.215983,109.403,1,FALSE,TRUE,FALSE,TRUE,FALSE,FALSE,FALSE,FALSE,FALSE
LD_high_night_20241119_0500,high_night,LD,2024-11-19T10:00:00Z,55.46510000000001,55.46510000000001,55.46510000000001,0,0.563899,0.133471,110.531,2,FALSE,TRUE,FALSE,TRUE,FALSE,FALSE,FALSE,FALSE,FALSE
LD_high_day_20241121_1100,high_day,LD,2024-11-21T16:00:00Z,141.442,141.442,141.442,150.464,0.359868,NA,201.265,2,FALSE,TRUE,TRUE,FALSE,FALSE,FALSE,FALSE,FALSE,FALSE
LD_high_night_20241123_0200,high_night,LD,2024-11-23T07:00:00Z,55.457899999999995,55.457899999999995,55.457899999999995,0,0.790506,0.0061307900000000005,298.88,1,FALSE,TRUE,FALSE,TRUE,FALSE,FALSE,FALSE,FALSE,FALSE
LD_high_night_20241215_0300,high_night,LD,2024-12-15T08:00:00Z,83.7408,83.7408,83.7408,0.00164766,0.650484,NA,99.4993,1,FALSE,TRUE,FALSE,TRUE,FALSE,FALSE,FALSE,FALSE,FALSE
LD_high_night_20241215_0400,high_night,LD,2024-12-15T09:00:00Z,81.67214,81.67214,81.67214,7.13503e-4,0.791984,NA,106.898,1,FALSE,TRUE,FALSE,TRUE,FALSE,FALSE,FALSE,FALSE,FALSE
LD_high_night_20241215_0830,high_night,LD,2024-12-15T13:30:00Z,115.18443,115.18443,115.18443,1.39709,0.687807,NA,116.29,1,FALSE,TRUE,FALSE,TRUE,FALSE,FALSE,FALSE,FALSE,FALSE
LD_high_night_20241228_0030,high_night,LD,2024-12-28T05:30:00Z,63.524770000000004,63.524770000000004,63.524770000000004,0,0.442575,NA,132.377,1,FALSE,TRUE,FALSE,TRUE,FALSE,FALSE,FALSE,FALSE,FALSE
LD_high_night_20241228_0100,high_night,LD,2024-12-28T06:00:00Z,69.30201,69.30201,69.30201,0,0.470197,NA,136.726,2,FALSE,TRUE,FALSE,TRUE,FALSE,FALSE,FALSE,FALSE,FALSE
MD_high_night_20240123_0830,high_night,MD,2024-01-23T13:30:00Z,97.81632,97.81632,97.81632,0.4722222222222222,0.22453,0.007923080351699419,137.973,1,FALSE,TRUE,FALSE,TRUE,FALSE,FALSE,FALSE,FALSE,FALSE
MD_high_night_20240123_0930,high_night,MD,2024-01-23T14:30:00Z,100.40270000000001,100.40270000000001,100.40270000000001,2.9722222222222223,0.846288,0.37216000000000005,131.595,1,FALSE,TRUE,FALSE,TRUE,FALSE,FALSE,FALSE,FALSE,FALSE
MD_high_night_20240123_1800,high_night,MD,2024-01-23T23:00:00Z,84.80212,84.80212,84.80212,4.444444444444445,0.394541,0.146735,84.362,1,FALSE,TRUE,FALSE,TRUE,FALSE,FALSE,FALSE,FALSE,FALSE
MD_high_night_20240126_0230,high_night,MD,2024-01-26T07:30:00Z,57.70125,57.70125,57.70125,1.31902e-4,0.341129,0.0263356,55.2025,1,FALSE,TRUE,FALSE,TRUE,FALSE,FALSE,FALSE,FALSE,FALSE
MD_high_night_20240126_0530,high_night,MD,2024-01-26T10:30:00Z,57.498009999999994,57.498009999999994,57.498009999999994,7.71689e-5,0.263099,0.0168044,18.0585,1,FALSE,TRUE,FALSE,TRUE,FALSE,FALSE,FALSE,FALSE,FALSE
MD_high_night_20240126_0800,high_night,MD,2024-01-26T13:00:00Z,58.05723999999999,58.05723999999999,58.05723999999999,0.349004,0.22692,0.0257666,46.8032,1,FALSE,TRUE,FALSE,TRUE,FALSE,FALSE,FALSE,FALSE,FALSE
MD_high_night_20240215_0600,high_night,MD,2024-02-15T11:00:00Z,67.0358,67.0358,67.0358,0.05555555555555556,0.528367,0.153245,142.248,2,FALSE,TRUE,FALSE,TRUE,FALSE,FALSE,FALSE,FALSE,FALSE
MD_high_night_20240305_0630,high_night,MD,2024-03-05T11:30:00Z,66.50210000000001,66.50210000000001,66.50210000000001,0,0.38279,0.0286152,334.179,1,FALSE,TRUE,FALSE,TRUE,FALSE,FALSE,FALSE,FALSE,FALSE
MD_high_night_20240305_2300,high_night,MD,2024-03-06T04:00:00Z,63.9775,63.9775,63.9775,0,0.33158,0.0971029,72.4792,1,FALSE,TRUE,FALSE,TRUE,FALSE,FALSE,FALSE,FALSE,FALSE
MD_high_night_20240308_1900,high_night,MD,2024-03-09T00:00:00Z,63.361005,63.361005,63.361005,0.62707,0.418564,0.0367635,67.2761,0,FALSE,TRUE,FALSE,TRUE,FALSE,FALSE,FALSE,FALSE,FALSE
MD_high_day_20240314_1330,high_day,MD,2024-03-14T17:30:00Z,82.56447,82.56447,82.56447,100.621,0.662485,0.09330419999999999,73.8923,0,FALSE,TRUE,TRUE,FALSE,FALSE,FALSE,FALSE,FALSE,FALSE
MD_high_day_20240314_1700,high_day,MD,2024-03-14T21:00:00Z,58.323710000000005,58.323710000000005,58.323710000000005,50.5408,0.721152,0.0697854,50.2254,1,FALSE,TRUE,TRUE,FALSE,FALSE,FALSE,FALSE,FALSE,FALSE
MD_high_day_20240322_1530,high_day,MD,2024-03-22T19:30:00Z,59.94342,59.94342,59.94342,315.413,0.29479,0.08272280000000001,103.348,1,FALSE,TRUE,TRUE,FALSE,FALSE,FALSE,FALSE,FALSE,FALSE
MD_high_day_20240322_1600,high_day,MD,2024-03-22T20:00:00Z,52.007006,52.007006,52.007006,244.417,0.3021,0.0724075,101.086,1,FALSE,TRUE,TRUE,FALSE,FALSE,FALSE,FALSE,FALSE,FALSE
MD_high_night_20240326_0430,high_night,MD,2024-03-26T08:30:00Z,86.52055,86.52055,86.52055,0,0.705883,0.186296,147.553,0,FALSE,TRUE,FALSE,TRUE,FALSE,FALSE,FALSE,FALSE,FALSE
MD_high_night_20240326_0600,high_night,MD,2024-03-26T10:00:00Z,99.06862,99.06862,99.06862,0,0.803642,0.14724500000000001,144.732,0,FALSE,TRUE,FALSE,TRUE,FALSE,FALSE,FALSE,FALSE,FALSE
MD_high_night_20240326_0800,high_night,MD,2024-03-26T12:00:00Z,105.36000000000001,105.36000000000001,105.36000000000001,0.659168,0.902807,0.122639,153.006,0,FALSE,TRUE,FALSE,TRUE,FALSE,FALSE,FALSE,FALSE,FALSE
MD_high_day_20240402_1400,high_day,MD,2024-04-02T18:00:00Z,62.662800000000004,62.662800000000004,62.662800000000004,103.033,0.645067,0.0612251,90.5079,1,TRUE,FALSE,TRUE,FALSE,FALSE,FALSE,FALSE,FALSE,FALSE
MD_high_day_20240402_1500,high_day,MD,2024-04-02T19:00:00Z,51.3407,51.3407,51.3407,107.481,0.706111,0.0455204,84.8834,0,TRUE,FALSE,TRUE,FALSE,FALSE,FALSE,FALSE,FALSE,FALSE
MD_high_night_20240402_2030,high_night,MD,2024-04-03T00:30:00Z,50.34143,50.34143,50.34143,0.407997,0.602011,0.0491813,100.49,1,TRUE,FALSE,FALSE,TRUE,FALSE,FALSE,FALSE,FALSE,FALSE
MD_high_night_20240402_2330,high_night,MD,2024-04-03T03:30:00Z,53.01867,53.01867,53.01867,0,0.643434,0.0976823,197.425,1,TRUE,FALSE,FALSE,TRUE,FALSE,FALSE,FALSE,FALSE,FALSE
MD_high_day_20240404_1230,high_day,MD,2024-04-04T16:30:00Z,109.67688,109.67688,109.67688,197.23,0.512644,0.091357,18.4361,1,TRUE,FALSE,TRUE,FALSE,FALSE,FALSE,FALSE,FALSE,FALSE
MD_high_day_20240411_1530,high_day,MD,2024-04-11T19:30:00Z,100.50909,100.50909,100.50909,151.903,0.655633,0.115882,6.79291,1,TRUE,FALSE,TRUE,FALSE,FALSE,FALSE,FALSE,FALSE,FALSE
MD_high_day_20240411_1830,high_day,MD,2024-04-11T22:30:00Z,63.642579999999995,63.642579999999995,63.642579999999995,46.1335,0.485566,0.10752500000000001,350.725,1,TRUE,FALSE,TRUE,FALSE,FALSE,FALSE,FALSE,FALSE,FALSE
MD_high_night_20240417_0430,high_night,MD,2024-04-17T08:30:00Z,60.8558,60.8558,60.8558,0,0.652374,0.457748,109.28,1,TRUE,FALSE,FALSE,TRUE,FALSE,FALSE,FALSE,FALSE,FALSE
MD_high_night_20240419_0400,high_night,MD,2024-04-19T08:00:00Z,51.074400000000004,51.074400000000004,51.074400000000004,0,0.152579,0.0701662,301.113,1,TRUE,FALSE,FALSE,TRUE,FALSE,FALSE,FALSE,FALSE,FALSE
MD_high_night_20240427_0600,high_night,MD,2024-04-27T10:00:00Z,67.82916,67.82916,67.82916,0,0.440933,0.0802021,150.506,1,TRUE,FALSE,FALSE,TRUE,FALSE,FALSE,FALSE,FALSE,FALSE
MD_high_day_20240429_1330,high_day,MD,2024-04-29T17:30:00Z,76.39671,76.39671,76.39671,638.601,0.57838,0.396924,234.977,0,TRUE,FALSE,TRUE,FALSE,FALSE,FALSE,FALSE,FALSE,FALSE
MD_high_night_20240503_0230,high_night,MD,2024-05-03T06:30:00Z,94.86110000000001,94.86110000000001,94.86110000000001,0,0.4376,0.13625,206.463,1,TRUE,FALSE,FALSE,TRUE,FALSE,FALSE,FALSE,FALSE,FALSE
MD_high_night_20240510_0400,high_night,MD,2024-05-10T08:00:00Z,57.82982,57.82982,57.82982,0,0.0692739,0.0168719,98.0021,1,TRUE,FALSE,FALSE,TRUE,TRUE,FALSE,FALSE,FALSE,FALSE
MD_high_night_20240511_0200,high_night,MD,2024-05-11T06:00:00Z,66.9339,66.9339,66.9339,0,0.448558,0.0945491,280.534,0,TRUE,FALSE,FALSE,TRUE,FALSE,FALSE,FALSE,FALSE,FALSE
MD_high_night_20240520_1900,high_night,MD,2024-05-20T23:00:00Z,70.38130000000001,70.38130000000001,70.38130000000001,8.42534,0.627106,0.14837799999999998,187.281,0,TRUE,FALSE,FALSE,TRUE,FALSE,FALSE,FALSE,FALSE,FALSE
MD_high_night_20240527_0200,high_night,MD,2024-05-27T06:00:00Z,55.762280000000004,55.762280000000004,55.762280000000004,0,0.42101,NA,150.052,1,TRUE,FALSE,FALSE,TRUE,FALSE,FALSE,FALSE,FALSE,FALSE
MD_high_day_20240622_1630,high_day,MD,2024-06-22T20:30:00Z,121.07079999999999,121.07079999999999,121.07079999999999,86.7461,0.481999,0.027552700000000003,241.411,2,TRUE,FALSE,TRUE,FALSE,FALSE,FALSE,FALSE,FALSE,FALSE
MD_high_night_20240623_0430,high_night,MD,2024-06-23T08:30:00Z,74.961,74.961,74.961,0,0.622193,NA,235.616,1,TRUE,FALSE,FALSE,TRUE,FALSE,FALSE,FALSE,FALSE,FALSE
MD_high_night_20240626_0300,high_night,MD,2024-06-26T07:00:00Z,51.6417,51.6417,51.6417,0,0.165322,NA,303.505,0,TRUE,FALSE,FALSE,TRUE,FALSE,FALSE,FALSE,FALSE,FALSE
MD_high_night_20240629_0300,high_night,MD,2024-06-29T07:00:00Z,60.31721,60.31721,60.31721,0,0.337997,NA,179.683,0,TRUE,FALSE,FALSE,TRUE,FALSE,FALSE,FALSE,FALSE,FALSE
MD_high_night_20240629_0330,high_night,MD,2024-06-29T07:30:00Z,55.77867,55.77867,55.77867,0,0.368985,NA,179.572,1,TRUE,FALSE,FALSE,TRUE,FALSE,FALSE,FALSE,FALSE,FALSE
MD_high_night_20240629_0430,high_night,MD,2024-06-29T08:30:00Z,55.09121,55.09121,55.09121,0,0.430674,NA,193.629,1,TRUE,FALSE,FALSE,TRUE,FALSE,FALSE,FALSE,FALSE,FALSE
MD_high_night_20240710_2330,high_night,MD,2024-07-11T03:30:00Z,55.366935999999995,55.366935999999995,55.366935999999995,0,0.0099003,NA,235.636,1,TRUE,FALSE,FALSE,TRUE,TRUE,FALSE,FALSE,FALSE,FALSE
MD_high_day_20240711_0830,high_day,MD,2024-07-11T12:30:00Z,80.5415,80.5415,80.5415,240.02,0.191818,0.0614662,41.003,2,TRUE,FALSE,TRUE,FALSE,FALSE,FALSE,FALSE,FALSE,FALSE
MD_high_night_20240716_0130,high_night,MD,2024-07-16T05:30:00Z,77.67796,77.67796,77.67796,0,0.559982,0.0133221,220.841,1,TRUE,FALSE,FALSE,TRUE,FALSE,FALSE,FALSE,FALSE,FALSE
MD_high_day_20240717_0830,high_day,MD,2024-07-17T12:30:00Z,84.9618,84.9618,84.9618,231.026,0.237584,0.0700413,294.847,1,TRUE,FALSE,TRUE,FALSE,FALSE,FALSE,FALSE,FALSE,FALSE
MD_high_night_20240721_0400,high_night,MD,2024-07-21T08:00:00Z,62.8009,62.8009,62.8009,0,0.0703688,0.00500782,189.633,1,TRUE,FALSE,FALSE,TRUE,TRUE,FALSE,FALSE,FALSE,FALSE
MD_high_night_20240801_0200,high_night,MD,2024-08-01T06:00:00Z,109.64529999999999,109.64529999999999,109.64529999999999,0,0.132128,NA,218.139,1,TRUE,FALSE,FALSE,TRUE,FALSE,FALSE,FALSE,FALSE,FALSE
MD_high_night_20240802_0230,high_night,MD,2024-08-02T06:30:00Z,71.287584,71.287584,71.287584,0,0.235591,0.0293024,126.749,1,TRUE,FALSE,FALSE,TRUE,FALSE,FALSE,FALSE,FALSE,FALSE
MD_high_day_20240804_0900,high_day,MD,2024-08-04T13:00:00Z,101.38775,101.38775,101.38775,219.418,0.0358006,0.212606,196.068,2,TRUE,FALSE,TRUE,FALSE,TRUE,FALSE,FALSE,FALSE,FALSE
MD_high_night_20240805_0300,high_night,MD,2024-08-05T07:00:00Z,53.47426,53.47426,53.47426,0,0.134215,0.13384000000000001,81.922,1,TRUE,FALSE,FALSE,TRUE,FALSE,FALSE,FALSE,FALSE,FALSE
MD_high_night_20240812_0600,high_night,MD,2024-08-12T10:00:00Z,74.8977,74.8977,74.8977,1.75046e-5,0.10234,NA,119.49,1,TRUE,FALSE,FALSE,TRUE,FALSE,FALSE,FALSE,FALSE,FALSE
MD_high_night_20240812_0630,high_night,MD,2024-08-12T10:30:00Z,68.63749999999999,68.63749999999999,68.63749999999999,0.0778629,0.049694,NA,123.324,1,TRUE,FALSE,FALSE,TRUE,TRUE,FALSE,FALSE,FALSE,FALSE
MD_high_night_20240821_0700,high_night,MD,2024-08-21T11:00:00Z,53.2852,53.2852,53.2852,1.57751,0.0529794,NA,36.7881,1,TRUE,FALSE,FALSE,TRUE,TRUE,FALSE,FALSE,FALSE,FALSE
MD_high_night_20240827_0530,high_night,MD,2024-08-27T09:30:00Z,50.258300000000006,50.258300000000006,50.258300000000006,0,0.39554,0,323.997,1,TRUE,FALSE,FALSE,TRUE,FALSE,FALSE,FALSE,FALSE,FALSE
MD_high_day_20240827_1530,high_day,MD,2024-08-27T19:30:00Z,60.1859,60.1859,60.1859,435.33333333333337,1.17565,0.387014,322.313,0,TRUE,FALSE,TRUE,FALSE,FALSE,FALSE,FALSE,FALSE,FALSE
MD_high_night_20240827_2300,high_night,MD,2024-08-28T03:00:00Z,58.97127,58.97127,58.97127,0,0.129533,0.209427,322.872,1,TRUE,FALSE,FALSE,TRUE,FALSE,FALSE,FALSE,FALSE,FALSE
MD_high_night_20240831_0630,high_night,MD,2024-08-31T10:30:00Z,61.076800000000006,61.076800000000006,61.076800000000006,0.08333333333333333,0.0692481,0.630409,259.473,1,TRUE,FALSE,FALSE,TRUE,TRUE,FALSE,FALSE,FALSE,FALSE
MD_high_night_20240920_2230,high_night,MD,2024-09-21T02:30:00Z,55.5149,55.5149,55.5149,0,0.0171666,NA,189.051,2,TRUE,FALSE,FALSE,TRUE,TRUE,FALSE,FALSE,FALSE,FALSE
MD_high_night_20241017_0100,high_night,MD,2024-10-17T05:00:00Z,55.82938,55.82938,55.82938,0.00323197,0.0345819,NA,180.165,2,TRUE,FALSE,FALSE,TRUE,TRUE,FALSE,FALSE,FALSE,FALSE
MD_high_night_20241117_2230,high_night,MD,2024-11-18T03:30:00Z,70.2241,70.2241,70.2241,7.92644e-4,0.146894,NA,257.151,1,FALSE,TRUE,FALSE,TRUE,FALSE,FALSE,FALSE,FALSE,FALSE
MD_high_night_20241119_0500,high_night,MD,2024-11-19T10:00:00Z,60.5683,60.5683,60.5683,0,0.735753,0.131541,123.185,2,FALSE,TRUE,FALSE,TRUE,FALSE,FALSE,FALSE,FALSE,FALSE
MD_high_night_20241215_0700,high_night,MD,2024-12-15T12:00:00Z,72.3778,72.3778,72.3778,0,0.579381,NA,112.931,2,FALSE,TRUE,FALSE,TRUE,FALSE,FALSE,FALSE,FALSE,FALSE
MD_high_night_20241215_0830,high_night,MD,2024-12-15T13:30:00Z,61.50302000000001,61.50302000000001,61.50302000000001,1.39709,0.441815,NA,125.934,1,FALSE,TRUE,FALSE,TRUE,FALSE,FALSE,FALSE,FALSE,FALSE
MD_high_night_20241226_2300,high_night,MD,2024-12-27T04:00:00Z,50.92413,50.92413,50.92413,0,0.403771,NA,145.215,1,FALSE,TRUE,FALSE,TRUE,FALSE,FALSE,FALSE,FALSE,FALSE
MD_high_night_20241227_1930,high_night,MD,2024-12-28T00:30:00Z,70.09877999999999,70.09877999999999,70.09877999999999,0,0.545746,NA,124.05,1,FALSE,TRUE,FALSE,TRUE,FALSE,FALSE,FALSE,FALSE,FALSE
MD_high_night_20241228_0800,high_night,MD,2024-12-28T13:00:00Z,57.2216,57.2216,57.2216,0.0516784,0.620752,0.0150415,229.372,2,FALSE,TRUE,FALSE,TRUE,FALSE,FALSE,FALSE,FALSE,FALSE
MD_high_night_20241230_0200,high_night,MD,2024-12-30T07:00:00Z,51.814640000000004,51.814640000000004,51.814640000000004,0,0.560138,NA,311.609,0,FALSE,TRUE,FALSE,TRUE,FALSE,FALSE,FALSE,FALSE,FALSE
MD_high_night_20241230_0400,high_night,MD,2024-12-30T09:00:00Z,138.15640000000002,138.15640000000002,138.15640000000002,0,0.582085,0.00505568,305.893,1,FALSE,TRUE,FALSE,TRUE,FALSE,FALSE,FALSE,FALSE,FALSE
