Year,Date,PlotDate,Daily_precipitation_mm,Cumulative_precipitation_mm
2024,2024-03-28,2000-03-28,0,0
2024,2024-03-29,2000-03-29,0,0
2024,2024-03-30,2000-03-30,1.2,1.2
2024,2024-03-31,2000-03-31,0.1,1.3
2024,2024-04-01,2000-04-01,0.6,1.9
2024,2024-04-02,2000-04-02,13.8,15.700000000000001
2024,2024-04-03,2000-04-03,5.5,21.200000000000003
2024,2024-04-04,2000-04-04,1.8,23.000000000000004
2024,2024-04-05,2000-04-05,0.5,23.500000000000004
2024,2024-04-06,2000-04-06,0,23.500000000000004
2024,2024-04-07,2000-04-07,0,23.500000000000004
2024,2024-04-08,2000-04-08,1.3,24.800000000000004
2024,2024-04-09,2000-04-09,0,24.800000000000004
2024,2024-04-10,2000-04-10,0,24.800000000000004
2024,2024-04-11,2000-04-11,2.7,27.500000000000004
2024,2024-04-12,2000-04-12,6.4,33.900000000000006
2024,2024-04-13,2000-04-13,0,33.900000000000006
2024,2024-04-14,2000-04-14,0,33.900000000000006
2024,2024-04-15,2000-04-15,0,33.900000000000006
2024,2024-04-16,2000-04-16,0,33.900000000000006
2024,2024-04-17,2000-04-17,7.3,41.2
2024,2024-04-18,2000-04-18,0.2,41.400000000000006
2024,2024-04-19,2000-04-19,0.8,42.2
2024,2024-04-20,2000-04-20,0,42.2
2024,2024-04-21,2000-04-21,0,42.2
2024,2024-04-22,2000-04-22,0,42.2
2024,2024-04-23,2000-04-23,0,42.2
2024,2024-04-24,2000-04-24,0,42.2
2024,2024-04-25,2000-04-25,0,42.2
2024,2024-04-26,2000-04-26,0,42.2
2024,2024-04-27,2000-04-27,4.4,46.6
2024,2024-04-28,2000-04-28,4.6,51.2
2024,2024-04-29,2000-04-29,9.2,60.400000000000006
2024,2024-04-30,2000-04-30,0,60.400000000000006
2024,2024-05-01,2000-05-01,0,60.400000000000006
2024,2024-05-02,2000-05-02,0,60.400000000000006
2024,2024-05-03,2000-05-03,8,68.4
2024,2024-05-04,2000-05-04,0,68.4
2024,2024-05-05,2000-05-05,1.5,69.9
2024,2024-05-06,2000-05-06,0,69.9
2024,2024-05-07,2000-05-07,4.9,74.80000000000001
2024,2024-05-08,2000-05-08,1.9,76.70000000000002
2024,2024-05-09,2000-05-09,0,76.70000000000002
2024,2024-05-10,2000-05-10,0,76.70000000000002
2024,2024-05-11,2000-05-11,5.3,82.00000000000001
2024,2024-05-12,2000-05-12,0,82.00000000000001
2024,2024-05-13,2000-05-13,3.2,85.20000000000002
2024,2024-05-14,2000-05-14,0,85.20000000000002
2024,2024-05-15,2000-05-15,0,85.20000000000002
2024,2024-05-16,2000-05-16,0,85.20000000000002
2024,2024-05-17,2000-05-17,0,85.20000000000002
2024,2024-05-18,2000-05-18,0,85.20000000000002
2024,2024-05-19,2000-05-19,0,85.20000000000002
2024,2024-05-20,2000-05-20,19,104.20000000000002
2024,2024-05-21,2000-05-21,1.9,106.10000000000002
2024,2024-05-22,2000-05-22,0,106.10000000000002
2024,2024-05-23,2000-05-23,0,106.10000000000002
2024,2024-05-24,2000-05-24,0,106.10000000000002
2024,2024-05-25,2000-05-25,1.1,107.20000000000002
2024,2024-05-26,2000-05-26,3,110.20000000000002
2024,2024-05-27,2000-05-27,0.2,110.40000000000002
2024,2024-05-28,2000-05-28,2.6,113.00000000000001
2024,2024-05-29,2000-05-29,0,113.00000000000001
2024,2024-05-30,2000-05-30,0,113.00000000000001
2024,2024-05-31,2000-05-31,0,113.00000000000001
2024,2024-06-01,2000-06-01,11.7,124.70000000000002
2024,2024-06-02,2000-06-02,8.4,133.10000000000002
2024,2024-06-03,2000-06-03,0,133.10000000000002
2024,2024-06-04,2000-06-04,0,133.10000000000002
2024,2024-06-05,2000-06-05,3.2,136.3
2024,2024-06-06,2000-06-06,0.7,137
2024,2024-06-07,2000-06-07,0,137
2024,2024-06-08,2000-06-08,4.5,141.5
2024,2024-06-09,2000-06-09,0.2,141.7
2024,2024-06-10,2000-06-10,0,141.7
2024,2024-06-11,2000-06-11,0,141.7
2024,2024-06-12,2000-06-12,0,141.7
2024,2024-06-13,2000-06-13,0,141.7
2024,2024-06-14,2000-06-14,0,141.7
2024,2024-06-15,2000-06-15,0,141.7
2024,2024-06-16,2000-06-16,0,141.7
2024,2024-06-17,2000-06-17,0,141.7
2024,2024-06-18,2000-06-18,1.3,143
2024,2024-06-19,2000-06-19,0,143
2024,2024-06-20,2000-06-20,1.3,144.3
2024,2024-06-21,2000-06-21,0,144.3
2024,2024-06-22,2000-06-22,8.2,152.5
2024,2024-06-23,2000-06-23,17.3,169.8
2024,2024-06-24,2000-06-24,17.6,187.4
2024,2024-06-25,2000-06-25,23.4,210.8
2024,2024-06-26,2000-06-26,0.1,210.9
2024,2024-06-27,2000-06-27,0,210.9
2024,2024-06-28,2000-06-28,0,210.9
2024,2024-06-29,2000-06-29,12.6,223.5
2024,2024-06-30,2000-06-30,0,223.5
2024,2024-07-01,2000-07-01,0,223.5
2024,2024-07-02,2000-07-02,2.6,226.1
2024,2024-07-03,2000-07-03,0.4,226.5
2024,2024-07-04,2000-07-04,0,226.5
2024,2024-07-05,2000-07-05,0.6,227.1
2024,2024-07-06,2000-07-06,0,227.1
2024,2024-07-07,2000-07-07,0,227.1
2024,2024-07-08,2000-07-08,3.3,230.4
2024,2024-07-09,2000-07-09,0,230.4
2024,2024-07-10,2000-07-10,1,231.4
2024,2024-07-11,2000-07-11,0.3,231.70000000000002
2024,2024-07-12,2000-07-12,1.1,232.8
2024,2024-07-13,2000-07-13,0,232.8
2024,2024-07-14,2000-07-14,0.2,233
2024,2024-07-15,2000-07-15,2.1,235.1
2024,2024-07-16,2000-07-16,3.9,239
2024,2024-07-17,2000-07-17,0,239
2024,2024-07-18,2000-07-18,0,239
2024,2024-07-19,2000-07-19,0,239
2024,2024-07-20,2000-07-20,0,239
2024,2024-07-21,2000-07-21,0,239
2024,2024-07-22,2000-07-22,0,239
2024,2024-07-23,2000-07-23,0,239
2024,2024-07-24,2000-07-24,0,239
2024,2024-07-25,2000-07-25,0,239
2024,2024-07-26,2000-07-26,0,239
2024,2024-07-27,2000-07-27,0,239
2024,2024-07-28,2000-07-28,0,239
2024,2024-07-29,2000-07-29,14.6,253.6
2024,2024-07-30,2000-07-30,2.2,255.79999999999998
2024,2024-07-31,2000-07-31,0,255.79999999999998
2024,2024-08-01,2000-08-01,0.1,255.89999999999998
2024,2024-08-02,2000-08-02,2.8,258.7
2024,2024-08-03,2000-08-03,0,258.7
2024,2024-08-04,2000-08-04,0,258.7
2024,2024-08-05,2000-08-05,0,258.7
2024,2024-08-06,2000-08-06,25.2,283.9
2024,2024-08-07,2000-08-07,0.1,284
2024,2024-08-08,2000-08-08,0,284
2024,2024-08-09,2000-08-09,0,284
2024,2024-08-10,2000-08-10,0,284
2024,2024-08-11,2000-08-11,0,284
2024,2024-08-12,2000-08-12,0,284
2024,2024-08-13,2000-08-13,0,284
2024,2024-08-14,2000-08-14,0,284
2024,2024-08-15,2000-08-15,1.2,285.2
2024,2024-08-16,2000-08-16,29.4,314.59999999999997
2024,2024-08-17,2000-08-17,0.76,315.35999999999996
2024,2024-08-18,2000-08-18,0,315.35999999999996
2024,2024-08-19,2000-08-19,0,315.35999999999996
2024,2024-08-20,2000-08-20,0,315.35999999999996
2024,2024-08-21,2000-08-21,0,315.35999999999996
2024,2024-08-22,2000-08-22,0,315.35999999999996
2024,2024-08-23,2000-08-23,0,315.35999999999996
2024,2024-08-24,2000-08-24,0,315.35999999999996
2024,2024-08-25,2000-08-25,0,315.35999999999996
2024,2024-08-26,2000-08-26,0,315.35999999999996
2024,2024-08-27,2000-08-27,13.719999999999999,329.0799999999999
2024,2024-08-28,2000-08-28,0,329.0799999999999
2024,2024-08-29,2000-08-29,0,329.0799999999999
2024,2024-08-30,2000-08-30,0,329.0799999999999
2024,2024-08-31,2000-08-31,0,329.0799999999999
2024,2024-09-01,2000-09-01,0,329.0799999999999
2024,2024-09-02,2000-09-02,0,329.0799999999999
2024,2024-09-03,2000-09-03,0,329.0799999999999
2024,2024-09-04,2000-09-04,0,329.0799999999999
2024,2024-09-05,2000-09-05,6.859999999999999,335.93999999999994
2024,2024-09-06,2000-09-06,0.25,336.18999999999994
2024,2024-09-07,2000-09-07,0,336.18999999999994
2024,2024-09-08,2000-09-08,0,336.18999999999994
2024,2024-09-09,2000-09-09,0,336.18999999999994
2024,2024-09-10,2000-09-10,0,336.18999999999994
2024,2024-09-11,2000-09-11,0,336.18999999999994
2024,2024-09-12,2000-09-12,0,336.18999999999994
2024,2024-09-13,2000-09-13,0,336.18999999999994
2024,2024-09-14,2000-09-14,0,336.18999999999994
2024,2024-09-15,2000-09-15,0,336.18999999999994
2024,2024-09-16,2000-09-16,0,336.18999999999994
2024,2024-09-17,2000-09-17,0,336.18999999999994
2024,2024-09-18,2000-09-18,0,336.18999999999994
2024,2024-09-19,2000-09-19,0,336.18999999999994
2024,2024-09-20,2000-09-20,0.1,336.28999999999996
2024,2024-09-21,2000-09-21,0.4,336.68999999999994
2024,2024-09-22,2000-09-22,13.5,350.18999999999994
2024,2024-09-23,2000-09-23,0.1,350.28999999999996
2024,2024-09-24,2000-09-24,0.1,350.39
2024,2024-09-25,2000-09-25,0,350.39
2024,2024-09-26,2000-09-26,0,350.39
2024,2024-09-27,2000-09-27,0,350.39
2024,2024-09-28,2000-09-28,0,350.39
2024,2024-09-29,2000-09-29,0,350.39
2024,2024-09-30,2000-09-30,0,350.39
2024,2024-10-01,2000-10-01,0,350.39
2024,2024-10-02,2000-10-02,0,350.39
2024,2024-10-03,2000-10-03,0,350.39
2024,2024-10-04,2000-10-04,0,350.39
2024,2024-10-05,2000-10-05,0,350.39
2024,2024-10-06,2000-10-06,0,350.39
2024,2024-10-07,2000-10-07,0,350.39
2024,2024-10-08,2000-10-08,0,350.39
2024,2024-10-09,2000-10-09,0,350.39
2024,2024-10-10,2000-10-10,0,350.39
2024,2024-10-11,2000-10-11,0,350.39
2024,2024-10-12,2000-10-12,0.1,350.49
2024,2024-10-13,2000-10-13,0,350.49
2024,2024-10-14,2000-10-14,0,350.49
2024,2024-10-15,2000-10-15,0,350.49
2024,2024-10-16,2000-10-16,0,350.49
2024,2024-10-17,2000-10-17,0,350.49
2024,2024-10-18,2000-10-18,0,350.49
2024,2024-10-19,2000-10-19,0,350.49
2024,2024-10-20,2000-10-20,0,350.49
2024,2024-10-21,2000-10-21,0,350.49
2024,2024-10-22,2000-10-22,0,350.49
2024,2024-10-23,2000-10-23,0,350.49
2024,2024-10-24,2000-10-24,0.1,350.59000000000003
2024,2024-10-25,2000-10-25,0,350.59000000000003
2024,2024-10-26,2000-10-26,0,350.59000000000003
2024,2024-10-27,2000-10-27,0,350.59000000000003
2024,2024-10-28,2000-10-28,0,350.59000000000003
2024,2024-10-29,2000-10-29,0.1,350.69000000000005
2024,2024-10-30,2000-10-30,0,350.69000000000005
2024,2024-10-31,2000-10-31,0.1,350.7900000000001
2025,2025-04-15,2000-04-15,1.2,1.2
2025,2025-04-16,2000-04-16,0,1.2
2025,2025-04-17,2000-04-17,0,1.2
2025,2025-04-18,2000-04-18,13.3,14.5
2025,2025-04-19,2000-04-19,14.3,28.8
2025,2025-04-20,2000-04-20,0.6,29.400000000000002
2025,2025-04-21,2000-04-21,0.5,29.900000000000002
2025,2025-04-22,2000-04-22,0,29.900000000000002
2025,2025-04-23,2000-04-23,0,29.900000000000002
2025,2025-04-24,2000-04-24,0,29.900000000000002
2025,2025-04-25,2000-04-25,0,29.900000000000002
2025,2025-04-26,2000-04-26,0.1,30.000000000000004
2025,2025-04-27,2000-04-27,0,30.000000000000004
2025,2025-04-28,2000-04-28,0,30.000000000000004
2025,2025-04-29,2000-04-29,0,30.000000000000004
2025,2025-04-30,2000-04-30,0,30.000000000000004
2025,2025-05-01,2000-05-01,18.1,48.10000000000001
2025,2025-05-02,2000-05-02,0,48.10000000000001
2025,2025-05-03,2000-05-03,0,48.10000000000001
2025,2025-05-04,2000-05-04,0,48.10000000000001
2025,2025-05-05,2000-05-05,0.6,48.70000000000001
2025,2025-05-06,2000-05-06,0,48.70000000000001
2025,2025-05-07,2000-05-07,0,48.70000000000001
2025,2025-05-08,2000-05-08,0,48.70000000000001
2025,2025-05-09,2000-05-09,0,48.70000000000001
2025,2025-05-10,2000-05-10,0,48.70000000000001
2025,2025-05-11,2000-05-11,0,48.70000000000001
2025,2025-05-12,2000-05-12,0,48.70000000000001
2025,2025-05-13,2000-05-13,4.5,53.20000000000001
2025,2025-05-14,2000-05-14,3.6,56.80000000000001
2025,2025-05-15,2000-05-15,0.5,57.30000000000001
2025,2025-05-16,2000-05-16,18.3,75.60000000000001
2025,2025-05-17,2000-05-17,4.7,80.30000000000001
2025,2025-05-18,2000-05-18,0,80.30000000000001
2025,2025-05-19,2000-05-19,0,80.30000000000001
2025,2025-05-20,2000-05-20,9.9,90.20000000000002
2025,2025-05-21,2000-05-21,10.4,100.60000000000002
2025,2025-05-22,2000-05-22,3.6,104.20000000000002
2025,2025-05-23,2000-05-23,0,104.20000000000002
2025,2025-05-24,2000-05-24,0,104.20000000000002
2025,2025-05-25,2000-05-25,0,104.20000000000002
2025,2025-05-26,2000-05-26,0,104.20000000000002
2025,2025-05-27,2000-05-27,0,104.20000000000002
2025,2025-05-28,2000-05-28,11.5,115.70000000000002
2025,2025-05-29,2000-05-29,1.5,117.20000000000002
2025,2025-05-30,2000-05-30,0,117.20000000000002
2025,2025-05-31,2000-05-31,0,117.20000000000002
2025,2025-06-01,2000-06-01,0,117.20000000000002
2025,2025-06-02,2000-06-02,0,117.20000000000002
2025,2025-06-03,2000-06-03,0,117.20000000000002
2025,2025-06-04,2000-06-04,7.3,124.50000000000001
2025,2025-06-05,2000-06-05,0,124.50000000000001
2025,2025-06-06,2000-06-06,0,124.50000000000001
2025,2025-06-07,2000-06-07,0,124.50000000000001
2025,2025-06-08,2000-06-08,0,124.50000000000001
2025,2025-06-09,2000-06-09,0.8,125.30000000000001
2025,2025-06-10,2000-06-10,0,125.30000000000001
2025,2025-06-11,2000-06-11,0,125.30000000000001
2025,2025-06-12,2000-06-12,0.4,125.70000000000002
2025,2025-06-13,2000-06-13,1.2,126.90000000000002
2025,2025-06-14,2000-06-14,0,126.90000000000002
2025,2025-06-15,2000-06-15,0,126.90000000000002
2025,2025-06-16,2000-06-16,0,126.90000000000002
2025,2025-06-17,2000-06-17,0,126.90000000000002
2025,2025-06-18,2000-06-18,12.6,139.50000000000003
2025,2025-06-19,2000-06-19,8.6,148.10000000000002
2025,2025-06-20,2000-06-20,0.3,148.40000000000003
2025,2025-06-21,2000-06-21,1.7,150.10000000000002
2025,2025-06-22,2000-06-22,0,150.10000000000002
2025,2025-06-23,2000-06-23,0,150.10000000000002
2025,2025-06-24,2000-06-24,0,150.10000000000002
2025,2025-06-25,2000-06-25,1.1,151.20000000000002
2025,2025-06-26,2000-06-26,0,151.20000000000002
2025,2025-06-27,2000-06-27,13.5,164.70000000000002
2025,2025-06-28,2000-06-28,0,164.70000000000002
2025,2025-06-29,2000-06-29,0,164.70000000000002
2025,2025-06-30,2000-06-30,0,164.70000000000002
2025,2025-07-01,2000-07-01,0,164.70000000000002
2025,2025-07-02,2000-07-02,0,164.70000000000002
2025,2025-07-03,2000-07-03,0.1,164.8
2025,2025-07-04,2000-07-04,0,164.8
2025,2025-07-05,2000-07-05,0,164.8
2025,2025-07-06,2000-07-06,0.1,164.9
2025,2025-07-07,2000-07-07,0.1,165
2025,2025-07-08,2000-07-08,0,165
2025,2025-07-09,2000-07-09,0,165
2025,2025-07-10,2000-07-10,0,165
2025,2025-07-11,2000-07-11,0.1,165.1
2025,2025-07-12,2000-07-12,0,165.1
2025,2025-07-13,2000-07-13,0,165.1
2025,2025-07-14,2000-07-14,0,165.1
2025,2025-07-15,2000-07-15,0,165.1
2025,2025-07-16,2000-07-16,0,165.1
2025,2025-07-17,2000-07-17,4.6,169.7
2025,2025-07-18,2000-07-18,0,169.7
2025,2025-07-19,2000-07-19,17.3,187
2025,2025-07-20,2000-07-20,0.2,187.2
2025,2025-07-21,2000-07-21,0,187.2
2025,2025-07-22,2000-07-22,0,187.2
2025,2025-07-23,2000-07-23,0,187.2
2025,2025-07-24,2000-07-24,0,187.2
2025,2025-07-25,2000-07-25,0,187.2
2025,2025-07-26,2000-07-26,4.4,191.6
2025,2025-07-27,2000-07-27,0.1,191.7
2025,2025-07-28,2000-07-28,0,191.7
2025,2025-07-29,2000-07-29,0,191.7
2025,2025-07-30,2000-07-30,7.6,199.29999999999998
2025,2025-07-31,2000-07-31,0.5,199.79999999999998
2025,2025-08-01,2000-08-01,0,199.79999999999998
2025,2025-08-02,2000-08-02,0,199.79999999999998
2025,2025-08-03,2000-08-03,0,199.79999999999998
2025,2025-08-04,2000-08-04,0,199.79999999999998
2025,2025-08-05,2000-08-05,0,199.79999999999998
2025,2025-08-06,2000-08-06,0,199.79999999999998
2025,2025-08-07,2000-08-07,0,199.79999999999998
2025,2025-08-08,2000-08-08,1.7,201.49999999999997
2025,2025-08-09,2000-08-09,0,201.49999999999997
2025,2025-08-10,2000-08-10,0,201.49999999999997
2025,2025-08-11,2000-08-11,0,201.49999999999997
2025,2025-08-12,2000-08-12,50.6,252.09999999999997
2025,2025-08-13,2000-08-13,1.6,253.69999999999996
2025,2025-08-14,2000-08-14,0,253.69999999999996
2025,2025-08-15,2000-08-15,0,253.69999999999996
2025,2025-08-16,2000-08-16,0.8,254.49999999999997
2025,2025-08-17,2000-08-17,0,254.49999999999997
2025,2025-08-18,2000-08-18,0,254.49999999999997
2025,2025-08-19,2000-08-19,51.7,306.2
2025,2025-08-20,2000-08-20,0,306.2
2025,2025-08-21,2000-08-21,0,306.2
2025,2025-08-22,2000-08-22,0,306.2
2025,2025-08-23,2000-08-23,0,306.2
2025,2025-08-24,2000-08-24,1.4,307.59999999999997
2025,2025-08-25,2000-08-25,0.2,307.79999999999995
2025,2025-08-26,2000-08-26,0,307.79999999999995
2025,2025-08-27,2000-08-27,0,307.79999999999995
2025,2025-08-28,2000-08-28,3.6,311.4
2025,2025-08-29,2000-08-29,0,311.4
2025,2025-08-30,2000-08-30,0,311.4
2025,2025-08-31,2000-08-31,0,311.4
2025,2025-09-01,2000-09-01,0,311.4
2025,2025-09-02,2000-09-02,0,311.4
2025,2025-09-03,2000-09-03,23.8,335.2
2025,2025-09-04,2000-09-04,0,335.2
2025,2025-09-05,2000-09-05,0.6,335.8
2025,2025-09-06,2000-09-06,0,335.8
2025,2025-09-07,2000-09-07,0,335.8
2025,2025-09-08,2000-09-08,0,335.8
2025,2025-09-09,2000-09-09,0,335.8
2025,2025-09-10,2000-09-10,0,335.8
2025,2025-09-11,2000-09-11,0,335.8
2025,2025-09-12,2000-09-12,0,335.8
2025,2025-09-13,2000-09-13,1.7,337.5
2025,2025-09-14,2000-09-14,0,337.5
2025,2025-09-15,2000-09-15,0,337.5
2025,2025-09-16,2000-09-16,0,337.5
2025,2025-09-17,2000-09-17,0,337.5
2025,2025-09-18,2000-09-18,0,337.5
2025,2025-09-19,2000-09-19,0,337.5
2025,2025-09-20,2000-09-20,0,337.5
2025,2025-09-21,2000-09-21,32.2,369.7
2025,2025-09-22,2000-09-22,4,373.7
2025,2025-09-23,2000-09-23,2.8,376.5
2025,2025-09-24,2000-09-24,0,376.5
2025,2025-09-25,2000-09-25,0,376.5
2025,2025-09-26,2000-09-26,0.1,376.6
2025,2025-09-27,2000-09-27,0.1,376.70000000000005
2025,2025-09-28,2000-09-28,0,376.70000000000005
2025,2025-09-29,2000-09-29,0,376.70000000000005
2025,2025-09-30,2000-09-30,0.1,376.80000000000007
2025,2025-10-01,2000-10-01,0,376.80000000000007
2025,2025-10-02,2000-10-02,0,376.80000000000007
2025,2025-10-03,2000-10-03,0,376.80000000000007
2025,2025-10-04,2000-10-04,0,376.80000000000007
2025,2025-10-05,2000-10-05,0,376.80000000000007
2025,2025-10-06,2000-10-06,0,376.80000000000007
2025,2025-10-07,2000-10-07,17.8,394.6000000000001
2025,2025-10-08,2000-10-08,0,394.6000000000001
2025,2025-10-09,2000-10-09,0.1,394.7000000000001
2025,2025-10-10,2000-10-10,0,394.7000000000001
2025,2025-10-11,2000-10-11,0.1,394.8000000000001
2025,2025-10-12,2000-10-12,0.1,394.90000000000015
2025,2025-10-13,2000-10-13,0.1,395.00000000000017
2025,2025-10-14,2000-10-14,0,395.00000000000017
2025,2025-10-15,2000-10-15,1.4,396.40000000000015
2025,2025-10-16,2000-10-16,0.1,396.50000000000017
2025,2025-10-17,2000-10-17,0.3,396.8000000000002
2025,2025-10-18,2000-10-18,13,409.8000000000002
2025,2025-10-19,2000-10-19,19.5,429.3000000000002
2025,2025-10-20,2000-10-20,0,429.3000000000002
2025,2025-10-21,2000-10-21,6.3,435.6000000000002
2025,2025-10-22,2000-10-22,0.1,435.7000000000002
2025,2025-10-23,2000-10-23,2.6,438.30000000000024
2025,2025-10-24,2000-10-24,0.1,438.40000000000026
2025,2025-10-25,2000-10-25,0,438.40000000000026
2025,2025-10-26,2000-10-26,0.1,438.5000000000003
2025,2025-10-27,2000-10-27,0,438.5000000000003
2025,2025-10-28,2000-10-28,0,438.5000000000003
2025,2025-10-29,2000-10-29,0,438.5000000000003
2025,2025-10-30,2000-10-30,0,438.5000000000003
2025,2025-10-31,2000-10-31,0.4,438.90000000000026
