Orchard,Date,NECB_increment_gC_m2,Increment_type,Cumulative_NECB_gC_m2
LD,2023-12-31,0,Starting value,0
LD,2024-01-01,0.46404537133867607,Daily NEE,0.46404537133867607
LD,2024-01-02,0.5268010390260001,Daily NEE,0.9908464103646761
LD,2024-01-03,0.29101082160758507,Daily NEE,1.2818572319722612
LD,2024-01-04,0.49296498668076805,Daily NEE,1.7748222186530294
LD,2024-01-05,0.5362759119585131,Daily NEE,2.3110981306115423
LD,2024-01-06,0.5891781544045721,Daily NEE,2.9002762850161146
LD,2024-01-07,0.891453112328057,Daily NEE,3.7917293973441715
LD,2024-01-08,0.9405417090198851,Daily NEE,4.732271106364056
LD,2024-01-09,1.11878015101767,Daily NEE,5.851051257381727
LD,2024-01-10,0.9688665717606227,Daily NEE,6.81991782914235
LD,2024-01-11,0.9857685816850349,Daily NEE,7.805686410827384
LD,2024-01-12,0.80515717126008,Daily NEE,8.610843582087464
LD,2024-01-13,0.900792588502697,Daily NEE,9.51163617059016
LD,2024-01-14,0.7545328764192,Daily NEE,10.26616904700936
LD,2024-01-15,0.8348037031440001,Daily NEE,11.10097275015336
LD,2024-01-16,0.836119126296,Daily NEE,11.93709187644936
LD,2024-01-17,0.8356685345205491,Daily NEE,12.772760410969909
LD,2024-01-18,0.7648075015281021,Daily NEE,13.53756791249801
LD,2024-01-19,0.7138936116574801,Daily NEE,14.251461524155491
LD,2024-01-20,0.6946805269453069,Daily NEE,14.946142051100798
LD,2024-01-21,0.6890720194627169,Daily NEE,15.635214070563515
LD,2024-01-22,0.707539836647431,Daily NEE,16.34275390721095
LD,2024-01-23,0.7596820220373259,Daily NEE,17.102435929248273
LD,2024-01-24,0.7122082259254099,Daily NEE,17.81464415517368
LD,2024-01-25,0.6755562480578158,Daily NEE,18.490200403231498
LD,2024-01-26,0.6875818180792379,Daily NEE,19.177782221310736
LD,2024-01-27,0.598618892187556,Daily NEE,19.77640111349829
LD,2024-01-28,0.4815831371588511,Daily NEE,20.25798425065714
LD,2024-01-29,0.8679368246393461,Daily NEE,21.12592107529649
LD,2024-01-30,0.9231766385416801,Daily NEE,22.04909771383817
LD,2024-01-31,0.9158033666930401,Daily NEE,22.96490108053121
LD,2024-02-01,0.373535013151472,Daily NEE,23.33843609368268
LD,2024-02-02,0.717143192085156,Daily NEE,24.055579285767838
LD,2024-02-03,0.5656950096678162,Daily NEE,24.621274295435654
LD,2024-02-04,0.17038650498050398,Daily NEE,24.791660800416157
LD,2024-02-05,0.180962463275486,Daily NEE,24.97262326369164
LD,2024-02-06,0.22595585633762702,Daily NEE,25.19857912002927
LD,2024-02-07,0.39620541720714203,Daily NEE,25.59478453723641
LD,2024-02-08,0.5447592734760002,Daily NEE,26.13954381071241
LD,2024-02-09,2.0304618301727997,Daily NEE,28.17000564088521
LD,2024-02-10,1.84164775109066,Daily NEE,30.01165339197587
LD,2024-02-11,1.7168863200876,Daily NEE,31.72853971206347
LD,2024-02-12,0.540576298038692,Daily NEE,32.26911601010216
LD,2024-02-13,0.9749545818158829,Daily NEE,33.244070591918046
LD,2024-02-14,1.1337218963786597,Daily NEE,34.377792488296706
LD,2024-02-15,1.32884981013224,Daily NEE,35.706642298428946
LD,2024-02-16,1.87809849007228,Daily NEE,37.58474078850123
LD,2024-02-17,1.6151072916449098,Daily NEE,39.19984808014614
LD,2024-02-18,1.09127510782721,Daily NEE,40.29112318797335
LD,2024-02-19,0.7020063412566228,Daily NEE,40.99312952922997
LD,2024-02-20,0.988108926576338,Daily NEE,41.981238455806306
LD,2024-02-21,1.1847679899355403,Daily NEE,43.16600644574184
LD,2024-02-22,-0.15311127143609904,Daily NEE,43.01289517430575
LD,2024-02-23,-0.07619192628625784,Daily NEE,42.93670324801949
LD,2024-02-24,-0.19811741886226805,Daily NEE,42.73858582915722
LD,2024-02-25,-0.108409792862486,Daily NEE,42.630176036294735
LD,2024-02-26,0.320039711998128,Daily NEE,42.95021574829286
LD,2024-02-27,0.760621805969229,Daily NEE,43.71083755426209
LD,2024-02-28,0.661789262445445,Daily NEE,44.37262681670754
LD,2024-02-29,0.30127250835783603,Daily NEE,44.67389932506537
LD,2024-03-01,0.32174101364687197,Daily NEE,44.99564033871224
LD,2024-03-02,0.0031336845263998502,Daily NEE,44.99877402323864
LD,2024-03-03,0.138644897508884,Daily NEE,45.13741892074752
LD,2024-03-04,1.0056430950224695,Daily NEE,46.14306201576999
LD,2024-03-05,1.4255908761699696,Daily NEE,47.56865289193996
LD,2024-03-06,0.3203080746950411,Daily NEE,47.888960966635004
LD,2024-03-07,0.46790746539566613,Daily NEE,48.35686843203067
LD,2024-03-08,1.2345113162205499,Daily NEE,49.59137974825122
LD,2024-03-09,1.77281230157704,Daily NEE,51.36419204982826
LD,2024-03-10,0.916274387435698,Daily NEE,52.28046643726396
LD,2024-03-11,1.1366401774918102,Daily NEE,53.417106614755774
LD,2024-03-12,1.5612826302149398,Daily NEE,54.978389244970714
LD,2024-03-13,1.2300453682794699,Daily NEE,56.20843461325018
LD,2024-03-14,3.1739344241239102,Daily NEE,59.38236903737409
LD,2024-03-15,-0.598984684438117,Daily NEE,58.783384352935975
LD,2024-03-16,1.6648678683975102,Daily NEE,60.44825222133348
LD,2024-03-17,0.6752074432442939,Daily NEE,61.12345966457778
LD,2024-03-18,1.2176014951266896,Daily NEE,62.341061159704466
LD,2024-03-19,-0.23067621072,Daily NEE,62.11038494898447
LD,2024-03-20,2.5365732172962,Daily NEE,64.64695816628067
LD,2024-03-21,0.799053642469212,Daily NEE,65.44601180874989
LD,2024-03-22,3.800634848796381,Daily NEE,69.24664665754626
LD,2024-03-23,0.182729676385465,Daily NEE,69.42937633393173
LD,2024-03-24,0.252508298173763,Daily NEE,69.6818846321055
LD,2024-03-25,-0.5398979361120001,Daily NEE,69.1419866959935
LD,2024-03-26,-0.7007095436953851,Daily NEE,68.44127715229811
LD,2024-03-27,0.32778069909696006,Daily NEE,68.76905785139508
LD,2024-03-28,-1.2034690796950598,Daily NEE,67.56558877170002
LD,2024-03-29,-1.17933843272329,Daily NEE,66.38625033897674
LD,2024-03-30,0.12322643949367403,Daily NEE,66.50947677847041
LD,2024-03-31,-0.307212201756874,Daily NEE,66.20226457671355
LD,2024-04-01,-1.25650412690228,Daily NEE,64.94576044981126
LD,2024-04-02,0.9993684517124108,Daily NEE,65.94512890152367
LD,2024-04-03,-2.6685893827577907,Daily NEE,63.27653951876589
LD,2024-04-04,-0.4365980916994291,Daily NEE,62.83994142706646
LD,2024-04-05,-2.21278953297989,Daily NEE,60.627151894086566
LD,2024-04-06,-2.95117692184943,Daily NEE,57.675974972237135
LD,2024-04-07,-1.1107801069783403,Daily NEE,56.565194865258796
LD,2024-04-08,-1.1708523382320002,Daily NEE,55.394342527026794
LD,2024-04-09,-1.5068921526786498,Daily NEE,53.88745037434814
LD,2024-04-10,-1.6036442961613597,Daily NEE,52.28380607818678
LD,2024-04-11,1.1309138609015503,Daily NEE,53.41471993908833
LD,2024-04-12,0.5343580136660261,Daily NEE,53.94907795275436
LD,2024-04-13,-1.29783246074763,Daily NEE,52.65124549200673
LD,2024-04-14,-1.6260499642644002,Daily NEE,51.025195527742326
LD,2024-04-15,-1.7064619366401799,Daily NEE,49.318733591102145
LD,2024-04-16,-1.7505861123724897,Daily NEE,47.56814747872966
LD,2024-04-17,1.25771861077175,Daily NEE,48.8258660895014
LD,2024-04-18,-1.22830901324354,Daily NEE,47.597557076257864
LD,2024-04-19,-2.2446430663976003,Daily NEE,45.352914009860264
LD,2024-04-20,-1.4694061791383999,Daily NEE,43.88350783072186
LD,2024-04-21,-2.8853909578571106,Daily NEE,40.99811687286475
LD,2024-04-22,-2.4126166653021497,Daily NEE,38.585500207562596
LD,2024-04-23,-0.6486452879965712,Daily NEE,37.936854919566024
LD,2024-04-24,-2.5386503142603396,Daily NEE,35.398204605305686
LD,2024-04-25,-3.7201654285939303,Daily NEE,31.678039176711756
LD,2024-04-26,-3.5698345100566105,Daily NEE,28.108204666655148
LD,2024-04-27,1.9238472909800597,Daily NEE,30.032051957635208
LD,2024-04-28,3.63942738740404,Daily NEE,33.671479345039245
LD,2024-04-29,2.02247733875756,Daily NEE,35.693956683796806
LD,2024-04-30,-3.5038081931790592,Daily NEE,32.190148490617744
LD,2024-05-01,-2.12244629297272,Daily NEE,30.067702197645026
LD,2024-05-02,-3.5918273391497895,Daily NEE,26.47587485849524
LD,2024-05-03,4.039148510062191,Daily NEE,30.51502336855743
LD,2024-05-04,-4.478398113015632,Daily NEE,26.036625255541797
LD,2024-05-05,-1.63375354867397,Daily NEE,24.402871706867828
LD,2024-05-06,-4.87351191550425,Daily NEE,19.52935979136358
LD,2024-05-07,0.39634317999092705,Daily NEE,19.925702971354507
LD,2024-05-08,-3.0314032565201,Daily NEE,16.894299714834407
LD,2024-05-09,0.11586564677074102,Daily NEE,17.010165361605146
LD,2024-05-10,-4.386404272666669,Daily NEE,12.623761088938476
LD,2024-05-11,-2.91791443758809,Daily NEE,9.705846651350386
LD,2024-05-12,-4.1082255428428205,Daily NEE,5.597621108507566
LD,2024-05-13,-3.2103597984172905,Daily NEE,2.3872613100902753
LD,2024-05-14,0.6628872672390339,Daily NEE,3.0501485773293093
LD,2024-05-15,-6.1209515460019475,Daily NEE,-3.070802968672638
LD,2024-05-16,-7.0121413710925,Daily NEE,-10.082944339765138
LD,2024-05-17,-3.87740747766911,Daily NEE,-13.960351817434248
LD,2024-05-18,-5.12530576153013,Daily NEE,-19.085657578964376
LD,2024-05-19,-4.59779873035409,Daily NEE,-23.683456309318466
LD,2024-05-20,-2.9898456005771195,Daily NEE,-26.673301909895585
LD,2024-05-21,-2.7457790128300603,Daily NEE,-29.419080922725644
LD,2024-05-22,-3.2801755075200005,Daily NEE,-32.69925643024565
LD,2024-05-23,-5.323272810656509,Daily NEE,-38.02252924090216
LD,2024-05-24,-5.779507789665731,Daily NEE,-43.80203703056789
LD,2024-05-25,-4.27646032719544,Daily NEE,-48.078497357763325
LD,2024-05-26,-1.88440300633927,Daily NEE,-49.962900364102595
LD,2024-05-27,-1.0735387379999999,Daily NEE,-51.03643910210259
LD,2024-05-28,-6.98571122456935,Daily NEE,-58.02215032667194
LD,2024-05-29,-6.735205969981671,Daily NEE,-64.75735629665361
LD,2024-05-30,-6.72014862959472,Daily NEE,-71.47750492624833
LD,2024-05-31,-5.128623478577409,Daily NEE,-76.60612840482574
LD,2024-06-01,-2.66490536632552,Daily NEE,-79.27103377115125
LD,2024-06-02,-5.78851859070783,Daily NEE,-85.05955236185908
LD,2024-06-03,-6.1098634715599,Daily NEE,-91.16941583341898
LD,2024-06-04,-4.99359552281455,Daily NEE,-96.16301135623353
LD,2024-06-05,-0.12062291764043001,Daily NEE,-96.28363427387396
LD,2024-06-06,-3.15690770478789,Daily NEE,-99.44054197866184
LD,2024-06-07,-0.7553831744065399,Daily NEE,-100.19592515306839
LD,2024-06-08,0.805130133407343,Daily NEE,-99.39079501966104
LD,2024-06-09,-0.905048163959818,Daily NEE,-100.29584318362086
LD,2024-06-10,-3.4850076292839196,Daily NEE,-103.78085081290477
LD,2024-06-11,-3.2319281202240995,Daily NEE,-107.01277893312887
LD,2024-06-12,-4.321056177672589,Daily NEE,-111.33383511080146
LD,2024-06-13,-4.5039253567833795,Daily NEE,-115.83776046758484
LD,2024-06-14,-5.23447702232343,Daily NEE,-121.07223748990828
LD,2024-06-15,-3.6543027761200504,Daily NEE,-124.72654026602832
LD,2024-06-16,-4.103994938678069,Daily NEE,-128.8305352047064
LD,2024-06-17,-4.8918463466399995,Daily NEE,-133.7223815513464
LD,2024-06-18,-5.354957026304559,Daily NEE,-139.07733857765095
LD,2024-06-19,-2.9540354173199996,Daily NEE,-142.03137399497095
LD,2024-06-20,-1.62768560461283,Daily NEE,-143.65905959958377
LD,2024-06-21,-3.6644184860450397,Daily NEE,-147.3234780856288
LD,2024-06-22,2.15865106694957,Daily NEE,-145.16482701867923
LD,2024-06-23,2.61335523180596,Daily NEE,-142.55147178687326
LD,2024-06-24,-3.49571526018351,Daily NEE,-146.04718704705678
LD,2024-06-25,-1.1747850106982802,Daily NEE,-147.22197205775507
LD,2024-06-26,0.9735708115963589,Daily NEE,-146.24840124615872
LD,2024-06-27,-4.36731241103335,Daily NEE,-150.61571365719206
LD,2024-06-28,-0.888642638157324,Daily NEE,-151.5043562953494
LD,2024-06-29,-0.209101566425173,Daily NEE,-151.71345786177457
LD,2024-06-30,-4.90033066311864,Daily NEE,-156.6137885248932
LD,2024-07-01,-5.65582809866634,Daily NEE,-162.26961662355956
LD,2024-07-02,-0.13968376154415799,Daily NEE,-162.4093003851037
LD,2024-07-03,-1.29926116668204,Daily NEE,-163.70856155178575
LD,2024-07-04,-4.896290777723561,Daily NEE,-168.6048523295093
LD,2024-07-05,-4.520878052269289,Daily NEE,-173.1257303817786
LD,2024-07-06,-3.3631469383731796,Daily NEE,-176.48887732015177
LD,2024-07-07,-3.36118696734764,Daily NEE,-179.8500642874994
LD,2024-07-08,-2.70841619174274,Daily NEE,-182.55848047924215
LD,2024-07-09,-3.0600621631531495,Daily NEE,-185.6185426423953
LD,2024-07-10,-3.15106738976335,Daily NEE,-188.76961003215865
LD,2024-07-11,-5.33814056388485,Daily NEE,-194.1077505960435
LD,2024-07-12,-3.40094343902631,Daily NEE,-197.50869403506982
LD,2024-07-13,-5.243318098893931,Daily NEE,-202.75201213396375
LD,2024-07-14,-1.92428068428229,Daily NEE,-204.67629281824603
LD,2024-07-15,-2.91496415185432,Daily NEE,-207.59125697010035
LD,2024-07-16,0.5298899529974751,Daily NEE,-207.06136701710287
LD,2024-07-17,-7.427401843100949,Daily NEE,-214.4887688602038
LD,2024-07-18,-3.7759054937605994,Daily NEE,-218.2646743539644
LD,2024-07-19,-4.120810131490759,Daily NEE,-222.38548448545518
LD,2024-07-20,-3.287722661227591,Daily NEE,-225.67320714668278
LD,2024-07-21,-4.46256151565686,Daily NEE,-230.13576866233964
LD,2024-07-22,-5.714540637980339,Daily NEE,-235.85030930032
LD,2024-07-23,-3.77518718990365,Daily NEE,-239.62549649022364
LD,2024-07-24,-3.10937041372279,Daily NEE,-242.73486690394643
LD,2024-07-25,-5.7281581356255495,Daily NEE,-248.463025039572
LD,2024-07-26,-3.97614683146591,Daily NEE,-252.4391718710379
LD,2024-07-27,-3.8367958378868696,Daily NEE,-256.2759677089248
LD,2024-07-28,-4.558983871211999,Daily NEE,-260.83495158013676
LD,2024-07-29,-1.4200713067822999,Daily NEE,-262.25502288691905
LD,2024-07-30,-2.80475930161899,Daily NEE,-265.05978218853807
LD,2024-07-31,-2.29135135935464,Daily NEE,-267.3511335478927
LD,2024-08-01,-1.8777927927226497,Daily NEE,-269.2289263406153
LD,2024-08-02,-1.0160987065308,Daily NEE,-270.2450250471461
LD,2024-08-03,-3.6883072951664406,Daily NEE,-273.93333234231255
LD,2024-08-04,-4.56246262464995,Daily NEE,-278.4957949669625
LD,2024-08-05,-0.44307339687005004,Daily NEE,-278.9388683638325
LD,2024-08-06,-1.7274751188525999,Daily NEE,-280.66634348268514
LD,2024-08-07,-5.46006295885906,Daily NEE,-286.1264064415442
LD,2024-08-08,-5.246208811701721,Daily NEE,-291.3726152532459
LD,2024-08-09,-3.9062620347643495,Daily NEE,-295.2788772880102
LD,2024-08-10,-4.6074546471527285,Daily NEE,-299.88633193516296
LD,2024-08-11,-4.90083631963298,Daily NEE,-304.7871682547959
LD,2024-08-12,-5.80105564847282,Daily NEE,-310.5882239032687
LD,2024-08-13,-4.564948342579039,Daily NEE,-315.15317224584777
LD,2024-08-14,-2.4870591426927104,Daily NEE,-317.6402313885405
LD,2024-08-15,-1.68337519601369,Daily NEE,-319.32360658455417
LD,2024-08-16,-1.5201086472719998,Daily NEE,-320.8437152318262
LD,2024-08-17,-1.087887356352,Daily NEE,-321.9316025881782
LD,2024-08-18,-1.6810107511552002,Daily NEE,-323.6126133393334
LD,2024-08-19,-2.9871722026789507,Daily NEE,-326.59978554201234
LD,2024-08-20,-6.21661825002343,Daily NEE,-332.81640379203577
LD,2024-08-21,-5.888428709372161,Daily NEE,-338.7048325014079
LD,2024-08-22,-7.02432828170409,Daily NEE,-345.729160783112
LD,2024-08-23,-8.01271720336307,Daily NEE,-353.74187798647506
LD,2024-08-24,-1.44837604194,Daily NEE,-355.19025402841504
LD,2024-08-25,1.4060129005388602,Daily NEE,-353.78424112787616
LD,2024-08-26,1.3768286382694297,Daily NEE,-352.4074124896067
LD,2024-08-27,0.19692528076524704,Daily NEE,-352.21048720884147
LD,2024-08-28,-1.88089762396405,Daily NEE,-354.09138483280555
LD,2024-08-29,-2.1437707927261607,Daily NEE,-356.2351556255317
LD,2024-08-30,-1.8423370656787703,Daily NEE,-358.07749269121047
LD,2024-08-31,-0.895325066764906,Daily NEE,-358.97281775797535
LD,2024-09-01,0.554534502351564,Daily NEE,-358.4182832556238
LD,2024-09-02,-3.34748769687409,Daily NEE,-361.7657709524979
LD,2024-09-03,-2.4333940942420904,Daily NEE,-364.19916504674
LD,2024-09-04,-2.572855536380139,Daily NEE,-366.77202058312014
LD,2024-09-05,-2.5872968126341704,Daily NEE,-369.3593173957543
LD,2024-09-06,-2.98135838628059,Daily NEE,-372.3406757820349
LD,2024-09-07,-2.2568734455446595,Daily NEE,-374.5975492275796
LD,2024-09-08,-1.7447966387989298,Daily NEE,-376.3423458663785
LD,2024-09-09,-3.4380172034331395,Daily NEE,-379.78036306981164
LD,2024-09-10,-3.49710817055143,Daily NEE,-383.27747124036307
LD,2024-09-11,-3.43749952475533,Daily NEE,-386.7149707651184
LD,2024-09-12,-1.2699216882448894,Daily NEE,-387.9848924533633
LD,2024-09-13,-2.140166747291091,Daily NEE,-390.1250592006544
LD,2024-09-14,-1.4415514013111699,Daily NEE,-391.5666106019656
LD,2024-09-15,-1.2719223825851496,Daily NEE,-392.83853298455074
LD,2024-09-16,-1.6762650309011102,Daily NEE,-394.51479801545185
LD,2024-09-17,-1.3854388234155601,Daily NEE,-395.9002368388674
LD,2024-09-18,-1.4422879469289303,Daily NEE,-397.34252478579634
LD,2024-09-19,-1.4157669076132497,Daily NEE,-398.7582916934096
LD,2024-09-20,-0.29428995404353797,Daily NEE,-399.05258164745317
LD,2024-09-21,-0.0597270094110725,Daily NEE,-399.11230865686423
LD,2024-09-22,2.4410595376708395,Daily NEE,-396.67124911919336
LD,2024-09-23,0.382622076248736,Daily NEE,-396.28862704294465
LD,2024-09-24,5.5858098205137,Daily NEE,-390.70281722243095
LD,2024-09-25,1.9910570043650202,Daily NEE,-388.71176021806593
LD,2024-09-26,-0.37024117537379897,Daily NEE,-389.0820013934397
LD,2024-09-27,0.4311321933689001,Daily NEE,-388.6508692000708
LD,2024-09-28,1.1333162929085498,Daily NEE,-387.51755290716227
LD,2024-09-29,-0.21253514502095502,Daily NEE,-387.73008805218325
LD,2024-09-30,0.500822326604025,Daily NEE,-387.22926572557924
LD,2024-10-01,2.03336651619487,Daily NEE,-385.1958992093844
LD,2024-10-02,-1.3795179953287002,Daily NEE,-386.57541720471306
LD,2024-10-03,-1.1521496618238802,Daily NEE,-387.72756686653696
LD,2024-10-04,-0.22331569225216302,Daily NEE,-387.95088255878915
LD,2024-10-05,-1.1742456736205802,Daily NEE,-389.12512823240974
LD,2024-10-06,-0.667804517157599,Daily NEE,-389.79293274956734
LD,2024-10-07,-0.229042528630452,Daily NEE,-390.0219752781978
LD,2024-10-08,-1.0118329814699698,Daily NEE,-391.03380825966775
LD,2024-10-09,-1.7951887874928998,Daily NEE,-392.82899704716067
LD,2024-10-10,-1.31533010446463,Daily NEE,-394.1443271516253
LD,2024-10-11,-0.6442439531545161,Daily NEE,-394.7885711047798
LD,2024-10-12,0.4870400909893481,Daily NEE,-394.30153101379045
LD,2024-10-13,3.3111793385937696,Daily NEE,-390.9903516751967
LD,2024-10-14,-0.913915940604285,Daily NEE,-391.90426761580096
LD,2024-10-15,-1.5820777905185701,Daily NEE,-393.4863454063195
LD,2024-10-16,-1.40444248100502,Daily NEE,-394.8907878873245
LD,2024-10-17,-1.14579766464568,Daily NEE,-396.0365855519702
LD,2024-10-18,-0.4844261178438371,Daily NEE,-396.521011669814
LD,2024-10-19,-0.97384199941198,Daily NEE,-397.494853669226
LD,2024-10-20,0.0312533727640966,Daily NEE,-397.46360029646195
LD,2024-10-21,0.6281250540486161,Daily NEE,-396.83547524241334
LD,2024-10-22,0.6024036849028678,Daily NEE,-396.23307155751047
LD,2024-10-23,-0.174576358371585,Daily NEE,-396.4076479158821
LD,2024-10-24,-1.55048164622135,Daily NEE,-397.9581295621034
LD,2024-10-25,1.1794803178242899,Daily NEE,-396.7786492442791
LD,2024-10-26,-1.6508865237636903,Daily NEE,-398.4295357680428
LD,2024-10-27,-0.360678829098566,Daily NEE,-398.79021459714136
LD,2024-10-28,-1.4814683466538499,Daily NEE,-400.2716829437952
LD,2024-10-29,0.9605102331923668,Daily NEE,-399.3111727106028
LD,2024-10-30,1.874196753336,Daily NEE,-397.43697595726684
LD,2024-10-31,4.054606036055999,Daily NEE,-393.38236992121085
LD,2024-11-01,177.3831376882678,Daily NEE; Harvested-fruit export,-215.99923223294306
LD,2024-11-02,0.20384048858060705,Daily NEE,-215.79539174436246
LD,2024-11-03,0.180788673835971,Daily NEE,-215.6146030705265
LD,2024-11-04,7.190760529230899,Daily NEE,-208.4238425412956
LD,2024-11-05,6.596903101264701,Daily NEE,-201.8269394400309
LD,2024-11-06,2.8291727788620706,Daily NEE,-198.99776666116884
LD,2024-11-07,1.1987979280915904,Daily NEE,-197.79896873307726
LD,2024-11-08,0.7801166679876848,Daily NEE,-197.01885206508956
LD,2024-11-09,0.28529893615444807,Daily NEE,-196.7335531289351
LD,2024-11-10,1.8704864348237205,Daily NEE,-194.86306669411138
LD,2024-11-11,1.9615393762616498,Daily NEE,-192.90152731784974
LD,2024-11-12,0.190855538064451,Daily NEE,-192.7106717797853
LD,2024-11-13,0.24096596009735105,Daily NEE,-192.46970581968793
LD,2024-11-14,2.0309865571309804,Daily NEE,-190.43871926255696
LD,2024-11-15,1.4943062971696996,Daily NEE,-188.94441296538727
LD,2024-11-16,1.08277982281017,Daily NEE,-187.8616331425771
LD,2024-11-17,0.6127841287223998,Daily NEE,-187.24884901385468
LD,2024-11-18,0.3688182281747481,Daily NEE,-186.88003078567993
LD,2024-11-19,-0.00422728472131021,Daily NEE,-186.88425807040124
LD,2024-11-20,-0.30998004033976206,Daily NEE,-187.194238110741
LD,2024-11-21,0.5063851599462948,Daily NEE,-186.6878529507947
LD,2024-11-22,1.0115163715095898,Daily NEE,-185.6763365792851
LD,2024-11-23,2.57126396798151,Daily NEE,-183.1050726113036
LD,2024-11-24,0.5518373295924579,Daily NEE,-182.55323528171115
LD,2024-11-25,1.32847267042206,Daily NEE,-181.2247626112891
LD,2024-11-26,1.0060474854622101,Daily NEE,-180.2187151258269
LD,2024-11-27,1.17661333278439,Daily NEE,-179.0421017930425
LD,2024-11-28,1.2398890023865898,Daily NEE,-177.80221279065591
LD,2024-11-29,1.4828382986145296,Daily NEE,-176.3193744920414
LD,2024-11-30,1.4271338981341894,Daily NEE,-174.8922405939072
LD,2024-12-01,0.632097002247219,Daily NEE,-174.26014359165998
LD,2024-12-02,1.00869735288379,Daily NEE,-173.2514462387762
LD,2024-12-03,1.3349078483682602,Daily NEE,-171.91653839040794
LD,2024-12-04,1.3725292134532299,Daily NEE,-170.54400917695472
LD,2024-12-05,1.3449830978328998,Daily NEE,-169.1990260791218
LD,2024-12-06,1.35196858482636,Daily NEE,-167.84705749429546
LD,2024-12-07,1.0455423653412401,Daily NEE,-166.8015151289542
LD,2024-12-08,-0.149115164428286,Daily NEE,-166.9506302933825
LD,2024-12-09,1.26426764079527,Daily NEE,-165.6863626525872
LD,2024-12-10,1.4709898152634298,Daily NEE,-164.21537283732377
LD,2024-12-11,1.4158322751508896,Daily NEE,-162.7995405621729
LD,2024-12-12,1.2071644834355397,Daily NEE,-161.59237607873735
LD,2024-12-13,0.454781146222285,Daily NEE,-161.13759493251507
LD,2024-12-14,0.14638214534400001,Daily NEE,-160.99121278717107
LD,2024-12-15,-0.517256655218913,Daily NEE,-161.50846944238998
LD,2024-12-16,3.8680973471580002,Daily NEE,-157.64037209523198
LD,2024-12-17,1.7033224573766998,Daily NEE,-155.9370496378553
LD,2024-12-18,1.1872031378035401,Daily NEE,-154.74984650005175
LD,2024-12-19,0.6803648237436188,Daily NEE,-154.06948167630813
LD,2024-12-20,0.219849976208272,Daily NEE,-153.84963170009985
LD,2024-12-21,0.7131384735398821,Daily NEE,-153.13649322655996
LD,2024-12-22,0.7076820278891479,Daily NEE,-152.42881119867081
LD,2024-12-23,1.0693207605729598,Daily NEE,-151.35949043809785
LD,2024-12-24,0.8786628313796581,Daily NEE,-150.48082760671818
LD,2024-12-25,0.677857662327477,Daily NEE,-149.8029699443907
LD,2024-12-26,0.799429684207896,Daily NEE,-149.0035402601828
LD,2024-12-27,1.1864059291112106,Daily NEE,-147.8171343310716
LD,2024-12-28,1.38425369673002,Daily NEE,-146.4328806343416
LD,2024-12-29,1.5923591269846102,Daily NEE,-144.84052150735698
LD,2024-12-30,0.14473648520125504,Daily NEE,-144.69578502215572
LD,2024-12-31,1.2168170108894898,Daily NEE,-143.47896801126623
LD,2025-01-01,0.74343933979488,Daily NEE,-142.73552867147134
LD,2025-01-02,1.00511565296128,Daily NEE,-141.73041301851006
LD,2025-01-03,0.7811337405442899,Daily NEE,-140.9492792779658
LD,2025-01-04,0.9589455765504002,Daily NEE,-139.99033370141538
LD,2025-01-05,1.38477830247736,Daily NEE,-138.605555398938
LD,2025-01-06,1.2624032837123598,Daily NEE,-137.34315211522565
LD,2025-01-07,0.9463134256118609,Daily NEE,-136.3968386896138
LD,2025-01-08,0.5676986527777421,Daily NEE,-135.82914003683604
LD,2025-01-09,0.9305784856918871,Daily NEE,-134.89856155114416
LD,2025-01-10,0.44041765930001203,Daily NEE,-134.45814389184414
LD,2025-01-11,1.3964430972194297,Daily NEE,-133.06170079462473
LD,2025-01-12,1.5283395553756898,Daily NEE,-131.53336123924905
LD,2025-01-13,0.9836507123712,Daily NEE,-130.54971052687785
LD,2025-01-14,0.812615191532049,Daily NEE,-129.7370953353458
LD,2025-01-15,0.954272337713358,Daily NEE,-128.78282299763245
LD,2025-01-16,1.2168243435599997,Daily NEE,-127.56599865407244
LD,2025-01-17,1.23124571094053,Daily NEE,-126.33475294313192
LD,2025-01-18,1.15283826015227,Daily NEE,-125.18191468297965
LD,2025-01-19,0.44485240106114204,Daily NEE,-124.73706228191851
LD,2025-01-20,0.351306549089117,Daily NEE,-124.3857557328294
LD,2025-01-21,-0.017532398821175,Daily NEE,-124.40328813165057
LD,2025-01-22,0.14676323692079105,Daily NEE,-124.25652489472978
LD,2025-01-23,0.897843330214921,Daily NEE,-123.35868156451485
LD,2025-01-24,0.982947324854791,Daily NEE,-122.37573423966006
LD,2025-01-25,0.9945157790879999,Daily NEE,-121.38121846057206
LD,2025-01-26,1.29401134502657,Daily NEE,-120.08720711554548
LD,2025-01-27,1.6563264654054,Daily NEE,-118.43088065014008
LD,2025-01-28,1.9165990187887998,Daily NEE,-116.51428163135128
LD,2025-01-29,1.8353338423931298,Daily NEE,-114.67894778895815
LD,2025-01-30,1.3704590686561602,Daily NEE,-113.308488720302
LD,2025-01-31,1.67102167983054,Daily NEE,-111.63746704047145
LD,2025-02-01,0.960808096795,Daily NEE,-110.67665894367644
LD,2025-02-02,0.468290353708153,Daily NEE,-110.20836858996829
LD,2025-02-03,1.47934200540641,Daily NEE,-108.72902658456188
LD,2025-02-04,1.1550023353010401,Daily NEE,-107.57402424926084
LD,2025-02-05,0.9413842768281421,Daily NEE,-106.6326399724327
LD,2025-02-06,1.09510309885195,Daily NEE,-105.53753687358075
LD,2025-02-07,1.48138858647366,Daily NEE,-104.05614828710709
LD,2025-02-08,0.76818733872479,Daily NEE,-103.2879609483823
LD,2025-02-09,0.7083682099823938,Daily NEE,-102.57959273839991
LD,2025-02-10,0.7934824497122546,Daily NEE,-101.78611028868765
LD,2025-02-11,0.537451550155101,Daily NEE,-101.24865873853255
LD,2025-02-12,0.6612899982859608,Daily NEE,-100.58736874024659
LD,2025-02-13,0.37298177419836803,Daily NEE,-100.21438696604822
LD,2025-02-14,0.777176221061801,Daily NEE,-99.43721074498642
LD,2025-02-15,0.49925845715384004,Daily NEE,-98.93795228783257
LD,2025-02-16,0.6642469147534529,Daily NEE,-98.27370537307912
LD,2025-02-17,0.5454376697192729,Daily NEE,-97.72826770335985
LD,2025-02-18,1.3980951303234301,Daily NEE,-96.33017257303642
LD,2025-02-19,0.587394173988771,Daily NEE,-95.74277839904765
LD,2025-02-20,0.5340821945501449,Daily NEE,-95.2086962044975
LD,2025-02-21,0.695241578331509,Daily NEE,-94.513454626166
LD,2025-02-22,1.29478808611337,Daily NEE,-93.21866654005262
LD,2025-02-23,1.60093332018852,Daily NEE,-91.6177332198641
LD,2025-02-24,1.7494058646222101,Daily NEE,-89.8683273552419
LD,2025-02-25,1.0812800433376,Daily NEE,-88.7870473119043
LD,2025-02-26,2.813777541626331,Daily NEE,-85.97326977027797
LD,2025-02-27,1.14413499563359,Daily NEE,-84.82913477464437
LD,2025-02-28,1.2858467938503697,Daily NEE,-83.543287980794
LD,2025-03-01,0.570570573979107,Daily NEE,-82.9727174068149
LD,2025-03-02,0.285247187964336,Daily NEE,-82.68747021885056
LD,2025-03-03,0.11526526720805302,Daily NEE,-82.5722049516425
LD,2025-03-04,1.2843297728644196,Daily NEE,-81.28787517877808
LD,2025-03-05,2.75779001367878,Daily NEE,-78.5300851650993
LD,2025-03-06,1.80245201540976,Daily NEE,-76.72763314968954
LD,2025-03-07,0.9958068702169169,Daily NEE,-75.73182627947263
LD,2025-03-08,0.75489220083141,Daily NEE,-74.97693407864122
LD,2025-03-09,1.25652466978121,Daily NEE,-73.72040940886001
LD,2025-03-10,1.4659080898769699,Daily NEE,-72.25450131898303
LD,2025-03-11,1.19749947253851,Daily NEE,-71.05700184644452
LD,2025-03-12,0.541396724381414,Daily NEE,-70.5156051220631
LD,2025-03-13,0.30940828412883303,Daily NEE,-70.20619683793427
LD,2025-03-14,0.924837097272693,Daily NEE,-69.28135974066159
LD,2025-03-15,2.49118551128335,Daily NEE,-66.79017422937824
LD,2025-03-16,3.1194529733409495,Daily NEE,-63.67072125603729
LD,2025-03-17,0.7828571643877008,Daily NEE,-62.88786409164959
LD,2025-03-18,0.9453349434990861,Daily NEE,-61.942529148150506
LD,2025-03-19,1.87707045649339,Daily NEE,-60.06545869165711
LD,2025-03-20,1.5026442246741198,Daily NEE,-58.56281446698299
LD,2025-03-21,0.942155497806237,Daily NEE,-57.62065896917675
LD,2025-03-22,-0.0691267526723765,Daily NEE,-57.68978572184913
LD,2025-03-23,-0.5195523371966488,Daily NEE,-58.20933805904578
LD,2025-03-24,0.32245675150921105,Daily NEE,-57.88688130753657
LD,2025-03-25,1.3641550613844102,Daily NEE,-56.52272624615216
LD,2025-03-26,1.6116655927026298,Daily NEE,-54.91106065344953
LD,2025-03-27,1.64039418663257,Daily NEE,-53.27066646681696
LD,2025-03-28,4.552459557043439,Daily NEE,-48.71820690977352
LD,2025-03-29,4.672104226667998,Daily NEE,-44.046102683105524
LD,2025-03-30,5.06707900119014,Daily NEE,-38.979023681915386
LD,2025-03-31,0.44033476148188205,Daily NEE,-38.5386889204335
LD,2025-04-01,-0.491577629721701,Daily NEE,-39.030266550155204
LD,2025-04-02,0.42293043477365405,Daily NEE,-38.60733611538155
LD,2025-04-03,1.6908723224100002,Daily NEE,-36.91646379297155
LD,2025-04-04,-0.27540233165320005,Daily NEE,-37.191866124624745
LD,2025-04-05,-0.0469308325988262,Daily NEE,-37.23879695722357
LD,2025-04-06,-0.8397375089866639,Daily NEE,-38.078534466210236
LD,2025-04-07,0.165889344719582,Daily NEE,-37.912645121490655
LD,2025-04-08,-0.6151025886719158,Daily NEE,-38.52774771016257
LD,2025-04-09,-0.924973203075628,Daily NEE,-39.4527209132382
LD,2025-04-10,-0.00533091940361542,Daily NEE,-39.45805183264182
LD,2025-04-11,-1.5507969625993598,Daily NEE,-41.00884879524118
LD,2025-04-12,-1.2245831296113003,Daily NEE,-42.23343192485248
LD,2025-04-13,0.723420605638845,Daily NEE,-41.51001131921364
LD,2025-04-14,-2.5731056304756796,Daily NEE,-44.08311694968932
LD,2025-04-15,-0.038099497551428,Daily NEE,-44.12121644724075
LD,2025-04-16,-1.2655996121871294,Daily NEE,-45.38681605942788
LD,2025-04-17,-0.8575425274161941,Daily NEE,-46.24435858684407
LD,2025-04-18,0.4860157853918791,Daily NEE,-45.758342801452194
LD,2025-04-19,-1.26489294574388,Daily NEE,-47.023235747196075
LD,2025-04-20,-2.4357045812558598,Daily NEE,-49.45894032845194
LD,2025-04-21,-0.0220696980128617,Daily NEE,-49.4810100264648
LD,2025-04-22,-1.33253673225672,Daily NEE,-50.81354675872152
LD,2025-04-23,-1.9454332856910397,Daily NEE,-52.75898004441256
LD,2025-04-24,-1.7985088821221298,Daily NEE,-54.55748892653469
LD,2025-04-25,-3.40949183704404,Daily NEE,-57.966980763578725
LD,2025-04-26,-3.6570319380953706,Daily NEE,-61.6240127016741
LD,2025-04-27,-3.39412702447994,Daily NEE,-65.01813972615403
LD,2025-04-28,-2.6295860069341503,Daily NEE,-67.64772573308818
LD,2025-04-29,-2.9145117792888,Daily NEE,-70.56223751237698
LD,2025-04-30,-3.18887547802784,Daily NEE,-73.75111299040482
LD,2025-05-01,5.395647489292551,Daily NEE,-68.35546550111226
LD,2025-05-02,-4.02902936180954,Daily NEE,-72.3844948629218
LD,2025-05-03,-2.4159127805566,Daily NEE,-74.8004076434784
LD,2025-05-04,-2.992402590328209,Daily NEE,-77.7928102338066
LD,2025-05-05,-2.3433474126563505,Daily NEE,-80.13615764646296
LD,2025-05-06,-0.03525095353121469,Daily NEE,-80.17140859999418
LD,2025-05-07,-4.7482204629907105,Daily NEE,-84.9196290629849
LD,2025-05-08,-4.514631564602979,Daily NEE,-89.43426062758788
LD,2025-05-09,-4.229050095733781,Daily NEE,-93.66331072332166
LD,2025-05-10,-5.7598779319892,Daily NEE,-99.42318865531085
LD,2025-05-11,-4.385614642269899,Daily NEE,-103.80880329758075
LD,2025-05-12,-2.44946466057163,Daily NEE,-106.25826795815239
LD,2025-05-13,-1.0980197798105102,Daily NEE,-107.3562877379629
LD,2025-05-14,-2.1939464966478797,Daily NEE,-109.55023423461078
LD,2025-05-15,-0.8049462892215921,Daily NEE,-110.35518052383237
LD,2025-05-16,-3.11689939760177,Daily NEE,-113.47207992143414
LD,2025-05-17,0.962860673456415,Daily NEE,-112.50921924797773
LD,2025-05-18,-6.40216383714864,Daily NEE,-118.91138308512636
LD,2025-05-19,-4.62390369772532,Daily NEE,-123.53528678285168
LD,2025-05-20,3.3684469268586894,Daily NEE,-120.16683985599299
LD,2025-05-21,5.4238180590640095,Daily NEE,-114.74302179692899
LD,2025-05-22,-6.6908908825419,Daily NEE,-121.43391267947088
LD,2025-05-23,-5.8351915563197085,Daily NEE,-127.26910423579059
LD,2025-05-24,-5.53582417913424,Daily NEE,-132.80492841492483
LD,2025-05-25,-6.82832957327716,Daily NEE,-139.633257988202
LD,2025-05-26,-5.27568742863755,Daily NEE,-144.90894541683954
LD,2025-05-27,-3.63171147513013,Daily NEE,-148.54065689196966
LD,2025-05-28,2.030521240917411,Daily NEE,-146.51013565105225
LD,2025-05-29,-3.287522370446531,Daily NEE,-149.7976580214988
LD,2025-05-30,-1.15478986798419,Daily NEE,-150.95244788948298
LD,2025-05-31,-7.65066585183326,Daily NEE,-158.60311374131624
LD,2025-06-01,-8.849982261315601,Daily NEE,-167.45309600263184
LD,2025-06-02,-6.652097052912,Daily NEE,-174.10519305554385
LD,2025-06-03,-3.9896706927617998,Daily NEE,-178.09486374830564
LD,2025-06-04,0.385374558232394,Daily NEE,-177.70948919007324
LD,2025-06-05,-5.6248773238915595,Daily NEE,-183.3343665139648
LD,2025-06-06,-5.40963825095745,Daily NEE,-188.74400476492224
LD,2025-06-07,-6.20145174184901,Daily NEE,-194.94545650677125
LD,2025-06-08,-4.92719184480613,Daily NEE,-199.87264835157737
LD,2025-06-09,-5.82323806973483,Daily NEE,-205.6958864213122
LD,2025-06-10,-4.3460371583672694,Daily NEE,-210.04192357967946
LD,2025-06-11,-5.669625408613121,Daily NEE,-215.71154898829258
LD,2025-06-12,-2.87933387394623,Daily NEE,-218.5908828622388
LD,2025-06-13,-4.02846147520508,Daily NEE,-222.6193443374439
LD,2025-06-14,-6.92295929439394,Daily NEE,-229.54230363183783
LD,2025-06-15,-4.51875074605183,Daily NEE,-234.06105437788966
LD,2025-06-16,-4.150980176728198,Daily NEE,-238.21203455461787
LD,2025-06-17,-4.24692483027983,Daily NEE,-242.4589593848977
LD,2025-06-18,3.0571722597315003,Daily NEE,-239.4017871251662
LD,2025-06-19,1.26150441154652,Daily NEE,-238.14028271361968
LD,2025-06-20,-2.3066805610096397,Daily NEE,-240.44696327462933
LD,2025-06-21,-1.7989444590319699,Daily NEE,-242.24590773366128
LD,2025-06-22,-2.608827696216,Daily NEE,-244.85473542987728
LD,2025-06-23,-2.7983230977947002,Daily NEE,-247.653058527672
LD,2025-06-24,-3.6495235529392005,Daily NEE,-251.3025820806112
LD,2025-06-25,0.8175520638548629,Daily NEE,-250.48503001675633
LD,2025-06-26,-5.3007674259254,Daily NEE,-255.7857974426817
LD,2025-06-27,-3.603586751210581,Daily NEE,-259.3893841938923
LD,2025-06-28,-2.7182311680371707,Daily NEE,-262.10761536192945
LD,2025-06-29,-4.365908488976899,Daily NEE,-266.47352385090636
LD,2025-06-30,-3.823124041536001,Daily NEE,-270.29664789244237
LD,2025-07-01,-4.74603654937447,Daily NEE,-275.04268444181685
LD,2025-07-02,-5.17769047955273,Daily NEE,-280.22037492136957
LD,2025-07-03,-3.7836287359955305,Daily NEE,-284.0040036573651
LD,2025-07-04,-5.2077857110504695,Daily NEE,-289.21178936841557
LD,2025-07-05,-5.338563362474111,Daily NEE,-294.5503527308897
LD,2025-07-06,-5.052955575806078,Daily NEE,-299.6033083066958
LD,2025-07-07,-3.6071085993664704,Daily NEE,-303.2104169060623
LD,2025-07-08,-6.2365758998053,Daily NEE,-309.4469928058676
LD,2025-07-09,-4.23385566726361,Daily NEE,-313.68084847313116
LD,2025-07-10,-6.040257190802081,Daily NEE,-319.72110566393326
LD,2025-07-11,-1.5253332911683397,Daily NEE,-321.2464389551016
LD,2025-07-12,-5.59810155579468,Daily NEE,-326.8445405108963
LD,2025-07-13,-6.168442057204489,Daily NEE,-333.0129825681008
LD,2025-07-14,-4.333613282193632,Daily NEE,-337.3465958502945
LD,2025-07-15,-2.9309277584685804,Daily NEE,-340.27752360876303
LD,2025-07-16,-5.0258123829244,Daily NEE,-345.30333599168745
LD,2025-07-17,-2.24367525503346,Daily NEE,-347.5470112467209
LD,2025-07-18,-2.4896407298853998,Daily NEE,-350.0366519766063
LD,2025-07-19,-1.1293628190704499,Daily NEE,-351.16601479567674
LD,2025-07-20,-3.4016576639389497,Daily NEE,-354.5676724596157
LD,2025-07-21,-3.27549802847427,Daily NEE,-357.84317048809
LD,2025-07-22,-3.86475877254857,Daily NEE,-361.70792926063854
LD,2025-07-23,-3.3700931232252693,Daily NEE,-365.0780223838638
LD,2025-07-24,-3.9493410252052796,Daily NEE,-369.0273634090691
LD,2025-07-25,-2.8960425798325593,Daily NEE,-371.92340598890166
LD,2025-07-26,-3.2120389521568797,Daily NEE,-375.13544494105855
LD,2025-07-27,-3.37561437132965,Daily NEE,-378.5110593123882
LD,2025-07-28,-4.913651719999891,Daily NEE,-383.42471103238813
LD,2025-07-29,-4.655153573002919,Daily NEE,-388.07986460539104
LD,2025-07-30,-2.8769190325411995,Daily NEE,-390.95678363793223
LD,2025-07-31,-2.94689407310238,Daily NEE,-393.9036777110346
LD,2025-08-01,-3.2441741841103404,Daily NEE,-397.147851895145
LD,2025-08-02,-3.6256390792010103,Daily NEE,-400.773490974346
LD,2025-08-03,-4.379408461669061,Daily NEE,-405.15289943601505
LD,2025-08-04,-5.01809565137156,Daily NEE,-410.1709950873866
LD,2025-08-05,-4.138680103682601,Daily NEE,-414.3096751910692
LD,2025-08-06,-2.73399063546687,Daily NEE,-417.043665826536
LD,2025-08-07,-3.0810117440813607,Daily NEE,-420.1246775706174
LD,2025-08-08,-3.38930386334171,Daily NEE,-423.5139814339591
LD,2025-08-09,-4.67575520205752,Daily NEE,-428.1897366360166
LD,2025-08-10,-4.400633202409501,Daily NEE,-432.5903698384261
LD,2025-08-11,-5.80822906790173,Daily NEE,-438.39859890632783
LD,2025-08-12,3.7955237984339205,Daily NEE,-434.6030751078939
LD,2025-08-13,0.036735089676990094,Daily NEE,-434.5663400182169
LD,2025-08-14,-1.9089135227453,Daily NEE,-436.4752535409622
LD,2025-08-15,-2.6996342345494,Daily NEE,-439.17488777551165
LD,2025-08-16,-1.11908674987344,Daily NEE,-440.29397452538507
LD,2025-08-17,-1.03446281794554,Daily NEE,-441.3284373433306
LD,2025-08-18,0.14292994015816204,Daily NEE,-441.18550740317244
LD,2025-08-19,3.6662733090617396,Daily NEE,-437.5192340941107
LD,2025-08-20,-0.43791297331137313,Daily NEE,-437.95714706742206
LD,2025-08-21,-1.7489903630826398,Daily NEE,-439.70613743050467
LD,2025-08-22,-3.85914484496957,Daily NEE,-443.56528227547426
LD,2025-08-23,-1.98659260468807,Daily NEE,-445.5518748801623
LD,2025-08-24,-2.1474121275474305,Daily NEE,-447.69928700770976
LD,2025-08-25,-3.4548578427791,Daily NEE,-451.1541448504889
LD,2025-08-26,-4.17461688064902,Daily NEE,-455.3287617311379
LD,2025-08-27,-5.199257101019871,Daily NEE,-460.5280188321578
LD,2025-08-28,-2.8648418512608598,Daily NEE,-463.39286068341863
LD,2025-08-29,-3.4244368206836997,Daily NEE,-466.8172975041023
LD,2025-08-30,-3.747333793148911,Daily NEE,-470.56463129725125
LD,2025-08-31,-4.1600651542568,Daily NEE,-474.72469645150807
LD,2025-09-01,-4.393580667991149,Daily NEE,-479.1182771194992
LD,2025-09-02,-5.13815875289734,Daily NEE,-484.25643587239654
LD,2025-09-03,0.345722950972885,Daily NEE,-483.9107129214236
LD,2025-09-04,-3.09469150251302,Daily NEE,-487.0054044239366
LD,2025-09-05,-2.5728746793908295,Daily NEE,-489.5782791033275
LD,2025-09-06,-1.5724475461100902,Daily NEE,-491.15072664943756
LD,2025-09-07,-3.6836932060285204,Daily NEE,-494.8344198554661
LD,2025-09-08,-4.131801695740181,Daily NEE,-498.9662215512063
LD,2025-09-09,-4.17912446021228,Daily NEE,-503.14534601141855
LD,2025-09-10,-3.08486975651827,Daily NEE,-506.23021576793684
LD,2025-09-11,-3.11558896830778,Daily NEE,-509.34580473624465
LD,2025-09-12,-3.2106753092541793,Daily NEE,-512.5564800454988
LD,2025-09-13,-3.3204619136797393,Daily NEE,-515.8769419591786
LD,2025-09-14,-2.9485155547182,Daily NEE,-518.8254575138968
LD,2025-09-15,-1.5318473981244896,Daily NEE,-520.3573049120213
LD,2025-09-16,-1.7794837157209198,Daily NEE,-522.1367886277422
LD,2025-09-17,-1.6532141526246598,Daily NEE,-523.7900027803669
LD,2025-09-18,-2.1670969973075107,Daily NEE,-525.9570997776744
LD,2025-09-19,-1.8934205467548,Daily NEE,-527.8505203244292
LD,2025-09-20,-0.5687074623718792,Daily NEE,-528.4192277868011
LD,2025-09-21,1.5303719627187202,Daily NEE,-526.8888558240824
LD,2025-09-22,1.0015523953131498,Daily NEE,-525.8873034287692
LD,2025-09-23,0.40881959201669305,Daily NEE,-525.4784838367525
LD,2025-09-24,1.7476240928042195,Daily NEE,-523.7308597439483
LD,2025-09-25,1.06084106660516,Daily NEE,-522.6700186773431
LD,2025-09-26,-0.7602339827231999,Daily NEE,-523.4302526600663
LD,2025-09-27,0.7258634675629949,Daily NEE,-522.7043891925033
LD,2025-09-28,-1.37072073290523,Daily NEE,-524.0751099254086
LD,2025-09-29,-2.8669485691905994,Daily NEE,-526.9420584945992
LD,2025-09-30,-2.4836544667737996,Daily NEE,-529.425712961373
LD,2025-10-01,-2.19557344423267,Daily NEE,-531.6212864056057
LD,2025-10-02,-2.8112961241896293,Daily NEE,-534.4325825297954
LD,2025-10-03,-2.1787208034561103,Daily NEE,-536.6113033332515
LD,2025-10-04,-2.13995469361773,Daily NEE,-538.7512580268692
LD,2025-10-05,-2.8835163851982597,Daily NEE,-541.6347744120675
LD,2025-10-06,-2.2205460432351503,Daily NEE,-543.8553204553026
LD,2025-10-07,-1.5090253222143197,Daily NEE,-545.364345777517
LD,2025-10-08,-2.7029334893645798,Daily NEE,-548.0672792668815
LD,2025-10-09,-1.1866303577942898,Daily NEE,-549.2539096246759
LD,2025-10-10,0.11238260378654301,Daily NEE,-549.1415270208894
LD,2025-10-11,-0.449318108581365,Daily NEE,-549.5908451294707
LD,2025-10-12,-1.2749755266665304,Daily NEE,-550.8658206561372
LD,2025-10-13,-1.82436728515327,Daily NEE,-552.6901879412904
LD,2025-10-14,-1.9102825773714,Daily NEE,-554.6004705186618
LD,2025-10-15,-0.8451395350551771,Daily NEE,-555.445610053717
LD,2025-10-16,-0.4333690933863461,Daily NEE,-555.8789791471033
LD,2025-10-17,-0.32760760189283106,Daily NEE,-556.2065867489962
LD,2025-10-18,0.9192565699771789,Daily NEE,-555.287330179019
LD,2025-10-19,0.6901512400471339,Daily NEE,-554.5971789389719
LD,2025-10-20,-0.5730714128187352,Daily NEE,-555.1702503517906
LD,2025-10-21,0.65840287181258494,Daily NEE,-554.5118474799781
LD,2025-10-22,2.214091717924971,Daily NEE,-552.2977557620532
LD,2025-10-23,2.8620951795360097,Daily NEE,-549.4356605825171
LD,2025-10-24,-0.32791616480917807,Daily NEE,-549.7635767473263
LD,2025-10-25,0.13693860586318402,Daily NEE,-549.6266381414631
LD,2025-10-26,-0.660047579353594,Daily NEE,-550.2866857208166
LD,2025-10-27,-0.39120914268575496,Daily NEE,-550.6778948635024
LD,2025-10-28,0.23027672812866598,Daily NEE,-550.4476181353738
LD,2025-10-29,0.5979149903056299,Daily NEE,-549.8497031450681
LD,2025-10-30,-0.696229444546511,Daily NEE,-550.5459325896146
LD,2025-10-31,1.4377986498580897,Daily NEE,-549.1081339397565
LD,2025-11-01,70.47883854103499,Daily NEE; Harvested-fruit export,-478.6292953987215
LD,2025-11-02,0.820286033595349,Daily NEE,-477.8090093651262
LD,2025-11-03,0.48407753951236404,Daily NEE,-477.3249318256138
LD,2025-11-04,0.655095562262904,Daily NEE,-476.66983626335093
LD,2025-11-05,0.881254318700521,Daily NEE,-475.7885819446504
LD,2025-11-06,-0.33537473904041204,Daily NEE,-476.1239566836908
LD,2025-11-07,1.62298851045992,Daily NEE,-474.50096817323083
LD,2025-11-08,1.21497553046118,Daily NEE,-473.28599264276966
LD,2025-11-09,0.713501874141986,Daily NEE,-472.5724907686277
LD,2025-11-10,0.9525323097308168,Daily NEE,-471.61995845889686
LD,2025-11-11,0.9111193045141961,Daily NEE,-470.70883915438264
LD,2025-11-12,0.9412677192866089,Daily NEE,-469.76757143509604
LD,2025-11-13,0.2823709637947502,Daily NEE,-469.4852004713013
LD,2025-11-14,0.48189563964887006,Daily NEE,-469.00330483165243
LD,2025-11-15,2.4328136874511994,Daily NEE,-466.57049114420124
LD,2025-11-16,1.12585262543217,Daily NEE,-465.44463851876907
LD,2025-11-17,0.5451915683350881,Daily NEE,-464.89944695043397
LD,2025-11-18,1.4105243318269398,Daily NEE,-463.48892261860703
LD,2025-11-19,0.8752555593215802,Daily NEE,-462.61366705928543
LD,2025-11-20,3.9667268720676905,Daily NEE,-458.64694018721775
LD,2025-11-21,1.7380346083725597,Daily NEE,-456.9089055788452
LD,2025-11-22,1.14156136937729,Daily NEE,-455.76734420946786
LD,2025-11-23,0.8947625679289548,Daily NEE,-454.8725816415389
LD,2025-11-24,1.2470895513912401,Daily NEE,-453.62549209014765
LD,2025-11-25,2.5269120750812397,Daily NEE,-451.09858001506643
LD,2025-11-26,3.7781205898654604,Daily NEE,-447.32045942520097
LD,2025-11-27,2.60232363459007,Daily NEE,-444.7181357906109
LD,2025-11-28,2.1962522923703998,Daily NEE,-442.5218834982405
LD,2025-11-29,1.7232557343615602,Daily NEE,-440.798627763879
LD,2025-11-30,1.84083248017981,Daily NEE,-438.95779528369917
LD,2025-12-01,2.37799395546468,Daily NEE,-436.5798013282345
LD,2025-12-02,1.8122928124108,Daily NEE,-434.7675085158237
LD,2025-12-03,1.1632033043280001,Daily NEE,-433.60430521149567
LD,2025-12-04,1.6510887449817704,Daily NEE,-431.9532164665139
LD,2025-12-05,1.18433009833525,Daily NEE,-430.76888636817864
LD,2025-12-06,1.5636000106054297,Daily NEE,-429.2052863575732
LD,2025-12-07,1.9198414709197198,Daily NEE,-427.28544488665347
LD,2025-12-08,2.80887449512691,Daily NEE,-424.47657039152654
LD,2025-12-09,3.11579238118604,Daily NEE,-421.3607780103405
LD,2025-12-10,1.6421733216957903,Daily NEE,-419.7186046886447
LD,2025-12-11,1.33207033330248,Daily NEE,-418.38653435534223
LD,2025-12-12,2.00926381596779,Daily NEE,-416.3772705393744
LD,2025-12-13,1.3648638644588602,Daily NEE,-415.01240667491555
LD,2025-12-14,1.1365565398024502,Daily NEE,-413.8758501351131
LD,2025-12-15,1.09213697283731,Daily NEE,-412.78371316227583
LD,2025-12-16,0.9483158098206249,Daily NEE,-411.83539735245523
LD,2025-12-17,1.72670783320896,Daily NEE,-410.1086895192463
LD,2025-12-18,1.73903231034101,Daily NEE,-408.36965720890527
LD,2025-12-19,1.2080159613604002,Daily NEE,-407.1616412475449
LD,2025-12-20,0.8793954335290033,Daily NEE,-406.2822458140159
LD,2025-12-21,1.22491727642834,Daily NEE,-405.0573285375875
LD,2025-12-22,0.9980884136924911,Daily NEE,-404.05924012389505
LD,2025-12-23,1.0431992834155996,Daily NEE,-403.01604084047943
LD,2025-12-24,1.0093647501448395,Daily NEE,-402.0066760903346
LD,2025-12-25,2.0782478193907097,Daily NEE,-399.9284282709439
LD,2025-12-26,3.6104973907379305,Daily NEE,-396.317930880206
LD,2025-12-27,0.905944808191052,Daily NEE,-395.41198607201494
LD,2025-12-28,1.93482816192813,Daily NEE,-393.4771579100868
LD,2025-12-29,2.3386558586971997,Daily NEE,-391.1385020513896
LD,2025-12-30,1.2511947455600596,Daily NEE,-389.88730730582955
LD,2025-12-31,1.9694611870509096,Daily NEE,-387.91784611877864
MD,2023-12-31,0,Starting value,0
MD,2024-01-01,0.2852295999768001,Daily NEE,0.2852295999768001
MD,2024-01-02,0.30555387648,Daily NEE,0.5907834764568001
MD,2024-01-03,0.572737938826528,Daily NEE,1.163521415283328
MD,2024-01-04,0.4185691636320001,Daily NEE,1.5820905789153281
MD,2024-01-05,0.459169603540142,Daily NEE,2.04126018245547
MD,2024-01-06,0.25741598229000007,Daily NEE,2.29867616474547
MD,2024-01-07,0.0440687113783014,Daily NEE,2.3427448761237715
MD,2024-01-08,0.511835581224,Daily NEE,2.8545804573477715
MD,2024-01-09,0.5266499371218532,Daily NEE,3.3812303944696245
MD,2024-01-10,0.47801026561474513,Daily NEE,3.8592406600843696
MD,2024-01-11,0.889803531277121,Daily NEE,4.749044191361491
MD,2024-01-12,1.4449650278903998,Daily NEE,6.194009219251891
MD,2024-01-13,1.6074557687304,Daily NEE,7.801464987982291
MD,2024-01-14,1.0952460409464,Daily NEE,8.89671102892869
MD,2024-01-15,0.7317008314639201,Daily NEE,9.62841186039261
MD,2024-01-16,0.8130549556080001,Daily NEE,10.441466816000611
MD,2024-01-17,0.7791559523511431,Daily NEE,11.220622768351754
MD,2024-01-18,0.708329023958419,Daily NEE,11.928951792310173
MD,2024-01-19,1.0641402929076798,Daily NEE,12.993092085217853
MD,2024-01-20,1.0963294932132,Daily NEE,14.089421578431054
MD,2024-01-21,0.9975351823631999,Daily NEE,15.086956760794253
MD,2024-01-22,0.8257598723520002,Daily NEE,15.912716633146253
MD,2024-01-23,14.6137834137377,Daily NEE,30.526500046883953
MD,2024-01-24,1.9308218791377698,Daily NEE,32.45732192602172
MD,2024-01-25,0.5713089135896101,Daily NEE,33.02863083961133
MD,2024-01-26,2.83782752240817,Daily NEE,35.8664583620195
MD,2024-01-27,0.6635638144751509,Daily NEE,36.530022176494654
MD,2024-01-28,0.3214889785402701,Daily NEE,36.85151115503493
MD,2024-01-29,0.4285318652322081,Daily NEE,37.28004302026714
MD,2024-01-30,0.7418838294719999,Daily NEE,38.02192684973914
MD,2024-01-31,0.6621032675519999,Daily NEE,38.68403011729114
MD,2024-02-01,0.6361190228868,Daily NEE,39.32014914017794
MD,2024-02-02,1.3209528928715402,Daily NEE,40.64110203304948
MD,2024-02-03,0.7032389048030219,Daily NEE,41.3443409378525
MD,2024-02-04,-0.21904478705606806,Daily NEE,41.12529615079643
MD,2024-02-05,-0.17197616652698103,Daily NEE,40.95331998426945
MD,2024-02-06,-0.0980213595338036,Daily NEE,40.855298624735646
MD,2024-02-07,0.12193304503402301,Daily NEE,40.977231669769665
MD,2024-02-08,0.8687510232480002,Daily NEE,41.84598269301767
MD,2024-02-09,3.8856179601,Daily NEE,45.73160065311767
MD,2024-02-10,0.9181829562552,Daily NEE,46.64978360937287
MD,2024-02-11,0.221154403658793,Daily NEE,46.87093801303166
MD,2024-02-12,-0.21976013845429707,Daily NEE,46.651177874577364
MD,2024-02-13,0.22004152149488299,Daily NEE,46.87121939607225
MD,2024-02-14,-0.09749784193604641,Daily NEE,46.7737215541362
MD,2024-02-15,1.9494404156466498,Daily NEE,48.72316196978285
MD,2024-02-16,1.41978585938578,Daily NEE,50.142947829168634
MD,2024-02-17,0.6305648301027269,Daily NEE,50.77351265927136
MD,2024-02-18,0.9724522769999999,Daily NEE,51.74596493627136
MD,2024-02-19,0.5266084948878981,Daily NEE,52.27257343115926
MD,2024-02-20,0.4228598243400741,Daily NEE,52.69543325549933
MD,2024-02-21,1.6001724989389101,Daily NEE,54.29560575443824
MD,2024-02-22,0.291109020327599,Daily NEE,54.58671477476584
MD,2024-02-23,0.46212605983403504,Daily NEE,55.04884083459987
MD,2024-02-24,-0.9309997880748001,Daily NEE,54.11784104652507
MD,2024-02-25,-0.45172231632000004,Daily NEE,53.66611873020507
MD,2024-02-26,-0.114475762317608,Daily NEE,53.55164296788746
MD,2024-02-27,0.4061015359790541,Daily NEE,53.957744503866515
MD,2024-02-28,2.0034047538272404,Daily NEE,55.961149257693755
MD,2024-02-29,-0.3702539029914,Daily NEE,55.590895354702354
MD,2024-03-01,-0.197723703354151,Daily NEE,55.393171651348204
MD,2024-03-02,-0.5863707732803489,Daily NEE,54.806800878067854
MD,2024-03-03,-0.341760117948341,Daily NEE,54.465040760119514
MD,2024-03-04,0.5866145686506479,Daily NEE,55.05165532877016
MD,2024-03-05,1.09198706259393,Daily NEE,56.14364239136409
MD,2024-03-06,-0.620305353167442,Daily NEE,55.52333703819665
MD,2024-03-07,0.24390459072000004,Daily NEE,55.76724162891665
MD,2024-03-08,2.80803554810084,Daily NEE,58.57527717701749
MD,2024-03-09,-0.102433480584506,Daily NEE,58.47284369643298
MD,2024-03-10,0.1379267217216,Daily NEE,58.61077041815458
MD,2024-03-11,-0.9518169854794349,Daily NEE,57.65895343267515
MD,2024-03-12,-0.446427058065947,Daily NEE,57.2125263746092
MD,2024-03-13,-0.47232331319373505,Daily NEE,56.740203061415464
MD,2024-03-14,4.35835116246227,Daily NEE,61.098554223877734
MD,2024-03-15,-0.9081823942808169,Daily NEE,60.19037182959692
MD,2024-03-16,0.0105000418444123,Daily NEE,60.20087187144133
MD,2024-03-17,0.009736376880973369,Daily NEE,60.2106082483223
MD,2024-03-18,0.22073398419600004,Daily NEE,60.431342232518304
MD,2024-03-19,-1.2270824310096,Daily NEE,59.204259801508705
MD,2024-03-20,0.18611396191465596,Daily NEE,59.39037376342336
MD,2024-03-21,0.8534399385093782,Daily NEE,60.24381370193274
MD,2024-03-22,0.332024854265765,Daily NEE,60.575838556198505
MD,2024-03-23,-0.8628548836352902,Daily NEE,59.71298367256321
MD,2024-03-24,-0.679344009558994,Daily NEE,59.033639663004216
MD,2024-03-25,-1.0727048077919998,Daily NEE,57.960934855212216
MD,2024-03-26,3.4651813373719507,Daily NEE,61.42611619258417
MD,2024-03-27,0.21054696708188003,Daily NEE,61.63666315966605
MD,2024-03-28,-2.0614091861947395,Daily NEE,59.57525397347131
MD,2024-03-29,-2.1279319798462306,Daily NEE,57.44732199362508
MD,2024-03-30,2.12641844006634,Daily NEE,59.57374043369142
MD,2024-03-31,-0.6627066975920219,Daily NEE,58.9110337360994
MD,2024-04-01,0.15452732113921402,Daily NEE,59.06556105723861
MD,2024-04-02,-0.11910431084886398,Daily NEE,58.94645674638975
MD,2024-04-03,-0.318931083512158,Daily NEE,58.627525662877595
MD,2024-04-04,-0.4310427238507001,Daily NEE,58.19648293902689
MD,2024-04-05,-0.4158212591496541,Daily NEE,57.78066167987724
MD,2024-04-06,-1.2978631395526499,Daily NEE,56.482798540324595
MD,2024-04-07,0.008318188660185646,Daily NEE,56.49111672898478
MD,2024-04-08,-1.0873310165913999,Daily NEE,55.40378571239338
MD,2024-04-09,-1.2678911892241396,Daily NEE,54.13589452316924
MD,2024-04-10,-1.59626514008713,Daily NEE,52.539629383082115
MD,2024-04-11,3.1225994105469104,Daily NEE,55.662228793629026
MD,2024-04-12,1.4084816588993097,Daily NEE,57.07071045252834
MD,2024-04-13,-1.9790927033039998,Daily NEE,55.09161774922434
MD,2024-04-14,-1.3608903659472,Daily NEE,53.73072738327714
MD,2024-04-15,-1.9233713702944695,Daily NEE,51.80735601298267
MD,2024-04-16,-1.97094322844681,Daily NEE,49.83641278453587
MD,2024-04-17,0.8565754770842722,Daily NEE,50.69298826162014
MD,2024-04-18,-1.2519370931279998,Daily NEE,49.44105116849214
MD,2024-04-19,-2.8346593127240296,Daily NEE,46.60639185576811
MD,2024-04-20,-1.9083844179359999,Daily NEE,44.69800743783211
MD,2024-04-21,-3.67630402937943,Daily NEE,41.02170340845268
MD,2024-04-22,-3.52919088291388,Daily NEE,37.4925125255388
MD,2024-04-23,-3.0180798308915397,Daily NEE,34.47443269464726
MD,2024-04-24,-2.5480661681520003,Daily NEE,31.92636652649526
MD,2024-04-25,-2.51020318256041,Daily NEE,29.41616334393485
MD,2024-04-26,-2.8343053575181996,Daily NEE,26.58185798641665
MD,2024-04-27,2.3966317701915103,Daily NEE,28.978489756608163
MD,2024-04-28,0.130629190319999,Daily NEE,29.109118946928163
MD,2024-04-29,-4.6184571514799995,Daily NEE,24.490661795448162
MD,2024-04-30,-2.3563862314572197,Daily NEE,22.134275563990943
MD,2024-05-01,-2.5198020536608996,Daily NEE,19.614473510330043
MD,2024-05-02,-2.25802304542814,Daily NEE,17.356450464901904
MD,2024-05-03,2.2822696030648393,Daily NEE,19.638720067966744
MD,2024-05-04,-2.40981798858051,Daily NEE,17.228902079386234
MD,2024-05-05,-0.8799345605210771,Daily NEE,16.34896751886516
MD,2024-05-06,-3.40065909958793,Daily NEE,12.948308419277229
MD,2024-05-07,-1.29418945837665,Daily NEE,11.654118960900579
MD,2024-05-08,-2.7198221936288993,Daily NEE,8.934296767271679
MD,2024-05-09,-0.0021670949051782198,Daily NEE,8.9321296723665
MD,2024-05-10,-4.63417755398468,Daily NEE,4.29795211838182
MD,2024-05-11,-1.87665629117183,Daily NEE,2.42129582720999
MD,2024-05-12,-4.42990166205854,Daily NEE,-2.0086058348485496
MD,2024-05-13,-2.5320567318918497,Daily NEE,-4.5406625667404
MD,2024-05-14,-1.48243014924951,Daily NEE,-6.023092715989909
MD,2024-05-15,-5.093901218159999,Daily NEE,-11.116993934149908
MD,2024-05-16,-5.63760245889693,Daily NEE,-16.75459639304684
MD,2024-05-17,-3.0350481021176594,Daily NEE,-19.7896444951645
MD,2024-05-18,-3.3225159310534993,Daily NEE,-23.112160426217997
MD,2024-05-19,-3.15674303106738,Daily NEE,-26.268903457285376
MD,2024-05-20,1.1473673411910401,Daily NEE,-25.121536116094337
MD,2024-05-21,-2.93401292851109,Daily NEE,-28.055549044605428
MD,2024-05-22,-1.2898827168552,Daily NEE,-29.345431761460627
MD,2024-05-23,-3.38769589077543,Daily NEE,-32.73312765223606
MD,2024-05-24,-3.2782149901360302,Daily NEE,-36.011342642372085
MD,2024-05-25,-0.9264811899746388,Daily NEE,-36.93782383234672
MD,2024-05-26,-1.47747523916637,Daily NEE,-38.41529907151309
MD,2024-05-27,3.9522285775291794,Daily NEE,-34.46307049398391
MD,2024-05-28,-4.692197751033549,Daily NEE,-39.15526824501746
MD,2024-05-29,-4.17713872565427,Daily NEE,-43.33240697067173
MD,2024-05-30,-4.6008345225371485,Daily NEE,-47.933241493208875
MD,2024-05-31,-4.89647006484983,Daily NEE,-52.829711558058705
MD,2024-06-01,-5.04668576147772,Daily NEE,-57.87639731953642
MD,2024-06-02,-5.497406670413449,Daily NEE,-63.37380398994987
MD,2024-06-03,-5.225647582759021,Daily NEE,-68.59945157270889
MD,2024-06-04,-5.25262053501375,Daily NEE,-73.85207210772263
MD,2024-06-05,-5.353565948441459,Daily NEE,-79.20563805616409
MD,2024-06-06,-5.75317615182207,Daily NEE,-84.95881420798617
MD,2024-06-07,-4.52525971923293,Daily NEE,-89.4840739272191
MD,2024-06-08,-4.6174428941256,Daily NEE,-94.1015168213447
MD,2024-06-09,-4.93397336068647,Daily NEE,-99.03549018203117
MD,2024-06-10,-5.881368205944002,Daily NEE,-104.91685838797517
MD,2024-06-11,-7.00007846182925,Daily NEE,-111.91693684980442
MD,2024-06-12,-6.36877411799238,Daily NEE,-118.28571096779679
MD,2024-06-13,-5.772605412647731,Daily NEE,-124.05831638044452
MD,2024-06-14,-6.3149271858972895,Daily NEE,-130.3732435663418
MD,2024-06-15,-6.8900375127116,Daily NEE,-137.2632810790534
MD,2024-06-16,-4.7822619342816015,Daily NEE,-142.045543013335
MD,2024-06-17,-5.3774440628399995,Daily NEE,-147.422987076175
MD,2024-06-18,-5.192838492348709,Daily NEE,-152.6158255685237
MD,2024-06-19,-4.392486608399999,Daily NEE,-157.00831217692368
MD,2024-06-20,-6.63873999638867,Daily NEE,-163.64705217331235
MD,2024-06-21,-5.91727220651984,Daily NEE,-169.5643243798322
MD,2024-06-22,1.7767556520241496,Daily NEE,-167.78756872780804
MD,2024-06-23,-2.2115279907486998,Daily NEE,-169.99909671855673
MD,2024-06-24,-3.55919587872576,Daily NEE,-173.5582925972825
MD,2024-06-25,1.7741562405094298,Daily NEE,-171.78413635677308
MD,2024-06-26,-0.26323386536685905,Daily NEE,-172.04737022213993
MD,2024-06-27,-5.323806826952288,Daily NEE,-177.3711770490922
MD,2024-06-28,-0.8085793186445261,Daily NEE,-178.17975636773673
MD,2024-06-29,-2.4437039276873405,Daily NEE,-180.62346029542408
MD,2024-06-30,-5.231016407448,Daily NEE,-185.8544767028721
MD,2024-07-01,-5.99072753276015,Daily NEE,-191.84520423563225
MD,2024-07-02,-0.820855593705668,Daily NEE,-192.6660598293379
MD,2024-07-03,-0.7667406633007922,Daily NEE,-193.4328004926387
MD,2024-07-04,-3.04904756466124,Daily NEE,-196.48184805729994
MD,2024-07-05,-5.2817456411567205,Daily NEE,-201.76359369845667
MD,2024-07-06,-3.1688445517073407,Daily NEE,-204.932438250164
MD,2024-07-07,-4.6874122887371295,Daily NEE,-209.61985053890115
MD,2024-07-08,-7.124682684936239,Daily NEE,-216.74453322383738
MD,2024-07-09,-2.8194528530649894,Daily NEE,-219.56398607690238
MD,2024-07-10,-0.7726941106844202,Daily NEE,-220.3366801875868
MD,2024-07-11,-5.25867501297399,Daily NEE,-225.5953552005608
MD,2024-07-12,-2.94992872062412,Daily NEE,-228.5452839211849
MD,2024-07-13,-2.61434057957248,Daily NEE,-231.1596245007574
MD,2024-07-14,0.10769463920018103,Daily NEE,-231.0519298615572
MD,2024-07-15,-4.007513122585789,Daily NEE,-235.05944298414298
MD,2024-07-16,2.50211282319659,Daily NEE,-232.55733016094638
MD,2024-07-17,-4.10874165400055,Daily NEE,-236.66607181494692
MD,2024-07-18,-4.9474243512051395,Daily NEE,-241.61349616615206
MD,2024-07-19,-7.12890906153063,Daily NEE,-248.7424052276827
MD,2024-07-20,-4.362765271195478,Daily NEE,-253.10517049887818
MD,2024-07-21,-6.706696163320651,Daily NEE,-259.81186666219884
MD,2024-07-22,-4.979098905286551,Daily NEE,-264.7909655674854
MD,2024-07-23,-5.39339079952901,Daily NEE,-270.1843563670144
MD,2024-07-24,-4.284196269208099,Daily NEE,-274.4685526362225
MD,2024-07-25,-6.4716960607820715,Daily NEE,-280.94024869700456
MD,2024-07-26,-5.94233033306474,Daily NEE,-286.8825790300693
MD,2024-07-27,-3.865688495280199,Daily NEE,-290.7482675253495
MD,2024-07-28,-3.5390727421061903,Daily NEE,-294.2873402674557
MD,2024-07-29,-0.6895136790073988,Daily NEE,-294.9768539464631
MD,2024-07-30,-3.0583937609206706,Daily NEE,-298.0352477073838
MD,2024-07-31,-3.49217520773369,Daily NEE,-301.5274229151175
MD,2024-08-01,-2.50105632865123,Daily NEE,-304.0284792437687
MD,2024-08-02,-1.07535118372773,Daily NEE,-305.1038304274964
MD,2024-08-03,-3.8251005909481397,Daily NEE,-308.92893101844453
MD,2024-08-04,-4.68414327547137,Daily NEE,-313.6130742939159
MD,2024-08-05,-2.58330252543871,Daily NEE,-316.19637681935455
MD,2024-08-06,0.980852294351103,Daily NEE,-315.21552452500345
MD,2024-08-07,-5.376222090046191,Daily NEE,-320.59174661504966
MD,2024-08-08,-5.094107411687089,Daily NEE,-325.68585402673676
MD,2024-08-09,-3.20872218676284,Daily NEE,-328.8945762134996
MD,2024-08-10,-5.121363723963731,Daily NEE,-334.0159399374633
MD,2024-08-11,-4.03333995139301,Daily NEE,-338.04927988885635
MD,2024-08-12,-4.3805650749104394,Daily NEE,-342.4298449637668
MD,2024-08-13,-3.7668417670612,Daily NEE,-346.196686730828
MD,2024-08-14,-4.94201670111969,Daily NEE,-351.1387034319477
MD,2024-08-15,-2.61390838412007,Daily NEE,-353.75261181606777
MD,2024-08-16,1.3994393706,Daily NEE,-352.35317244546775
MD,2024-08-17,-1.65631271834618,Daily NEE,-354.0094851638139
MD,2024-08-18,-2.7842893448400003,Daily NEE,-356.7937745086539
MD,2024-08-19,-2.0123835166079997,Daily NEE,-358.8061580252619
MD,2024-08-20,-2.30453359176912,Daily NEE,-361.110691617031
MD,2024-08-21,-3.149442533969139,Daily NEE,-364.26013415100016
MD,2024-08-22,-2.6308240941489,Daily NEE,-366.8909582451491
MD,2024-08-23,-2.9789948536110704,Daily NEE,-369.86995309876016
MD,2024-08-24,-2.67542894580187,Daily NEE,-372.545382044562
MD,2024-08-25,-2.1794406892466496,Daily NEE,-374.72482273380865
MD,2024-08-26,-0.685353518113185,Daily NEE,-375.4101762519218
MD,2024-08-27,4.868695165278,Daily NEE,-370.54148108664384
MD,2024-08-28,-0.44096311382976605,Daily NEE,-370.9824442004736
MD,2024-08-29,-2.159211509856,Daily NEE,-373.1416557103296
MD,2024-08-30,-0.0904217863371428,Daily NEE,-373.2320774966667
MD,2024-08-31,-2.6190222865069104,Daily NEE,-375.8510997831736
MD,2024-09-01,-1.8297177900709098,Daily NEE,-377.6808175732445
MD,2024-09-02,-1.4370941983405696,Daily NEE,-379.11791177158506
MD,2024-09-03,-1.6481005804200002,Daily NEE,-380.7660123520051
MD,2024-09-04,-3.69556712012125,Daily NEE,-384.46157947212635
MD,2024-09-05,-3.4184322982748596,Daily NEE,-387.8800117704012
MD,2024-09-06,-3.0794673876479997,Daily NEE,-390.9594791580492
MD,2024-09-07,-5.84336146656857,Daily NEE,-396.8028406246178
MD,2024-09-08,-3.7777449659862903,Daily NEE,-400.5805855906041
MD,2024-09-09,-2.941330204908,Daily NEE,-403.5219157955121
MD,2024-09-10,-4.15797518298733,Daily NEE,-407.67989097849943
MD,2024-09-11,-2.3380767218012397,Daily NEE,-410.0179677003007
MD,2024-09-12,-3.1978904942169,Daily NEE,-413.2158581945176
MD,2024-09-13,-2.92148658733469,Daily NEE,-416.1373447818523
MD,2024-09-14,-2.2821632117847503,Daily NEE,-418.419507993637
MD,2024-09-15,-1.4675170732740999,Daily NEE,-419.8870250669111
MD,2024-09-16,-1.1759194276332101,Daily NEE,-421.06294449454435
MD,2024-09-17,-1.43068352896744,Daily NEE,-422.4936280235118
MD,2024-09-18,-0.949447597915866,Daily NEE,-423.4430756214277
MD,2024-09-19,-1.0119399174217898,Daily NEE,-424.45501553884947
MD,2024-09-20,-0.7160182951002289,Daily NEE,-425.1710338339497
MD,2024-09-21,0.311998017006601,Daily NEE,-424.8590358169431
MD,2024-09-22,4.7739994762571305,Daily NEE,-420.085036340686
MD,2024-09-23,-0.41393975041007397,Daily NEE,-420.49897609109604
MD,2024-09-24,3.6151590415090102,Daily NEE,-416.88381704958704
MD,2024-09-25,1.56655638615854,Daily NEE,-415.3172606634285
MD,2024-09-26,0.6219068202112529,Daily NEE,-414.6953538432172
MD,2024-09-27,-1.5490003126521596,Daily NEE,-416.24435415586936
MD,2024-09-28,-0.746648485415999,Daily NEE,-416.9910026412854
MD,2024-09-29,-0.259215682380787,Daily NEE,-417.25021832366616
MD,2024-09-30,-0.963871781249297,Daily NEE,-418.21409010491544
MD,2024-10-01,-0.33599156706810895,Daily NEE,-418.55008167198355
MD,2024-10-02,-2.56414852090367,Daily NEE,-421.1142301928872
MD,2024-10-03,-2.0818777670171005,Daily NEE,-423.1961079599043
MD,2024-10-04,-1.6491454567268502,Daily NEE,-424.8452534166311
MD,2024-10-05,-2.2831633266345706,Daily NEE,-427.1284167432657
MD,2024-10-06,-1.3581796270635,Daily NEE,-428.4865963703292
MD,2024-10-07,-2.43896721944301,Daily NEE,-430.9255635897722
MD,2024-10-08,-2.06987198463034,Daily NEE,-432.99543557440256
MD,2024-10-09,-2.1738405281530198,Daily NEE,-435.16927610255556
MD,2024-10-10,-2.24146181007426,Daily NEE,-437.4107379126298
MD,2024-10-11,-3.1691602436539306,Daily NEE,-440.5798981562838
MD,2024-10-12,-3.1856658108083797,Daily NEE,-443.76556396709213
MD,2024-10-13,0.08742977484831811,Daily NEE,-443.6781341922438
MD,2024-10-14,-3.0465120611179106,Daily NEE,-446.72464625336175
MD,2024-10-15,-1.29935151092682,Daily NEE,-448.0239977642886
MD,2024-10-16,-1.7851008211519002,Daily NEE,-449.8090985854405
MD,2024-10-17,-2.0984052019602797,Daily NEE,-451.9075037874008
MD,2024-10-18,-1.60127578696557,Daily NEE,-453.5087795743664
MD,2024-10-19,-1.4544247073240695,Daily NEE,-454.9632042816904
MD,2024-10-20,-1.4264312266422499,Daily NEE,-456.3896355083327
MD,2024-10-21,-1.2340915924721696,Daily NEE,-457.62372710080484
MD,2024-10-22,-0.7813497669822658,Daily NEE,-458.4050768677871
MD,2024-10-23,-0.9095707810856979,Daily NEE,-459.3146476488728
MD,2024-10-24,-1.76975076932088,Daily NEE,-461.08439841819364
MD,2024-10-25,-0.91468490897178,Daily NEE,-461.9990833271654
MD,2024-10-26,-1.0541268928673997,Daily NEE,-463.0532102200328
MD,2024-10-27,-0.6706432495677249,Daily NEE,-463.7238534696005
MD,2024-10-28,-1.0909929375824,Daily NEE,-464.8148464071829
MD,2024-10-29,0.102170530327955,Daily NEE,-464.712675876855
MD,2024-10-30,1.277864574336,Daily NEE,-463.434811302519
MD,2024-10-31,2.3516996477039998,Daily NEE,-461.083111654815
MD,2024-11-01,336.90699003886834,Daily NEE; Harvested-fruit export,-124.17612161594667
MD,2024-11-02,0.38521221201107697,Daily NEE,-123.79090940393559
MD,2024-11-03,0.4701849012417211,Daily NEE,-123.32072450269386
MD,2024-11-04,7.22128342699249,Daily NEE,-116.09944107570138
MD,2024-11-05,3.3732674894716097,Daily NEE,-112.72617358622976
MD,2024-11-06,3.4320892742530695,Daily NEE,-109.29408431197669
MD,2024-11-07,0.9368818061609991,Daily NEE,-108.35720250581569
MD,2024-11-08,0.845636354102343,Daily NEE,-107.51156615171335
MD,2024-11-09,0.7237829417909017,Daily NEE,-106.78778320992245
MD,2024-11-10,1.2404667970852497,Daily NEE,-105.5473164128372
MD,2024-11-11,1.6126658417185702,Daily NEE,-103.93465057111864
MD,2024-11-12,0.45050520442793196,Daily NEE,-103.48414536669071
MD,2024-11-13,0.3218020151886551,Daily NEE,-103.16234335150206
MD,2024-11-14,4.17616425916468,Daily NEE,-98.98617909233738
MD,2024-11-15,1.7333067616528999,Daily NEE,-97.25287233068448
MD,2024-11-16,1.6026253912443098,Daily NEE,-95.65024693944017
MD,2024-11-17,1.27138283532,Daily NEE,-94.37886410412017
MD,2024-11-18,1.30578483363162,Daily NEE,-93.07307927048855
MD,2024-11-19,3.2732211682883405,Daily NEE,-89.7998581022002
MD,2024-11-20,2.021658974093139,Daily NEE,-87.77819912810706
MD,2024-11-21,1.1481324456087603,Daily NEE,-86.6300666824983
MD,2024-11-22,1.52971097798618,Daily NEE,-85.10035570451211
MD,2024-11-23,1.2031704146573399,Daily NEE,-83.89718528985478
MD,2024-11-24,0.876712080392025,Daily NEE,-83.02047320946275
MD,2024-11-25,2.9791520173518196,Daily NEE,-80.04132119211093
MD,2024-11-26,1.3610843342160002,Daily NEE,-78.68023685789493
MD,2024-11-27,0.8497025312031141,Daily NEE,-77.8305343266918
MD,2024-11-28,0.9722668473348,Daily NEE,-76.85826747935701
MD,2024-11-29,1.1301178797360005,Daily NEE,-75.728149599621
MD,2024-11-30,1.2048058761552,Daily NEE,-74.5233437234658
MD,2024-12-01,1.24501826989331,Daily NEE,-73.27832545357249
MD,2024-12-02,0.902532636392509,Daily NEE,-72.37579281717998
MD,2024-12-03,1.8897771936616101,Daily NEE,-70.48601562351837
MD,2024-12-04,-0.07504600665599971,Daily NEE,-70.56106163017436
MD,2024-12-05,2.955455176463999,Daily NEE,-67.60560645371037
MD,2024-12-06,1.8550775039963603,Daily NEE,-65.75052894971401
MD,2024-12-07,1.8620306180098298,Daily NEE,-63.88849833170418
MD,2024-12-08,0.9211893955616499,Daily NEE,-62.96730893614253
MD,2024-12-09,1.7640387385494498,Daily NEE,-61.20327019759308
MD,2024-12-10,2.08989530668893,Daily NEE,-59.11337489090415
MD,2024-12-11,6.155344369850399,Daily NEE,-52.95803052105375
MD,2024-12-12,1.6180321183920001,Daily NEE,-51.33999840266175
MD,2024-12-13,1.0952657926721097,Daily NEE,-50.24473260998964
MD,2024-12-14,0.9913977478648419,Daily NEE,-49.253334862124795
MD,2024-12-15,2.8833185849334,Daily NEE,-46.3700162771914
MD,2024-12-16,0.468039422699437,Daily NEE,-45.90197685449196
MD,2024-12-17,1.5664887164928,Daily NEE,-44.335488137999164
MD,2024-12-18,0.9176968494940411,Daily NEE,-43.41779128850512
MD,2024-12-19,0.672470035650429,Daily NEE,-42.745321252854694
MD,2024-12-20,0.8742432766320002,Daily NEE,-41.87107797622269
MD,2024-12-21,1.07207032544244,Daily NEE,-40.799007650780254
MD,2024-12-22,0.7790974117181301,Daily NEE,-40.01991023906212
MD,2024-12-23,1.11434606971918,Daily NEE,-38.90556416934294
MD,2024-12-24,0.5332573777875499,Daily NEE,-38.37230679155539
MD,2024-12-25,0.7493006178588881,Daily NEE,-37.6230061736965
MD,2024-12-26,0.40124735519110194,Daily NEE,-37.2217588185054
MD,2024-12-27,0.6924105631492138,Daily NEE,-36.52934825535618
MD,2024-12-28,1.6917921680278,Daily NEE,-34.83755608732838
MD,2024-12-29,4.44596035452558,Daily NEE,-30.3915957328028
MD,2024-12-30,0.8364305263414921,Daily NEE,-29.555165206461307
MD,2024-12-31,1.32529258091765,Daily NEE,-28.229872625543656
MD,2025-01-01,1.197381955788,Daily NEE,-27.032490669755656
MD,2025-01-02,0.850368750699929,Daily NEE,-26.182121919055728
MD,2025-01-03,0.6957937658819288,Daily NEE,-25.486328153173798
MD,2025-01-04,0.9117053376336002,Daily NEE,-24.5746228155402
MD,2025-01-05,0.919725765017021,Daily NEE,-23.65489705052318
MD,2025-01-06,0.5762541263130001,Daily NEE,-23.07864292421018
MD,2025-01-07,0.7305100098855528,Daily NEE,-22.348132914324626
MD,2025-01-08,0.771610379227873,Daily NEE,-21.576522535096753
MD,2025-01-09,0.5352857133940121,Daily NEE,-21.041236821702743
MD,2025-01-10,0.40778529278400005,Daily NEE,-20.633451528918744
MD,2025-01-11,0.897243255602066,Daily NEE,-19.736208273316677
MD,2025-01-12,0.31303301960292795,Daily NEE,-19.42317525371375
MD,2025-01-13,0.7809041610719998,Daily NEE,-18.64227109264175
MD,2025-01-14,0.8076196700640002,Daily NEE,-17.83465142257775
MD,2025-01-15,0.8354203561440001,Daily NEE,-16.99923106643375
MD,2025-01-16,0.8529052929139722,Daily NEE,-16.146325773519777
MD,2025-01-17,0.9014311863123309,Daily NEE,-15.244894587207446
MD,2025-01-18,1.297798536744,Daily NEE,-13.947096050463445
MD,2025-01-19,0.5772490055757371,Daily NEE,-13.369847044887708
MD,2025-01-20,0.579077944595024,Daily NEE,-12.790769100292684
MD,2025-01-21,0.73430516711187,Daily NEE,-12.056463933180813
MD,2025-01-22,-0.166318943999701,Daily NEE,-12.222782877180514
MD,2025-01-23,0.5496353722306471,Daily NEE,-11.673147504949867
MD,2025-01-24,0.462794158810868,Daily NEE,-11.210353346139
MD,2025-01-25,0.35734385281509096,Daily NEE,-10.853009493323908
MD,2025-01-26,0.638059098744,Daily NEE,-10.214950394579908
MD,2025-01-27,1.3401863070623998,Daily NEE,-8.874764087517509
MD,2025-01-28,1.4407311562625498,Daily NEE,-7.434032931254959
MD,2025-01-29,1.46463360664384,Daily NEE,-5.9693993246111186
MD,2025-01-30,0.676717878093024,Daily NEE,-5.2926814465180945
MD,2025-01-31,0.989950539845482,Daily NEE,-4.302730906672613
MD,2025-02-01,0.822408135585612,Daily NEE,-3.480322771087001
MD,2025-02-02,1.11987281100092,Daily NEE,-2.360449960086081
MD,2025-02-03,-0.256249811575356,Daily NEE,-2.6166997716614366
MD,2025-02-04,0.809193173353221,Daily NEE,-1.8075065983082155
MD,2025-02-05,0.491431096654415,Daily NEE,-1.3160755016538004
MD,2025-02-06,-0.5668571641701851,Daily NEE,-1.8829326658239856
MD,2025-02-07,0.934055865109858,Daily NEE,-0.9488768007141275
MD,2025-02-08,0.5351272975386901,Daily NEE,-0.41374950317543735
MD,2025-02-09,0.201724068749613,Daily NEE,-0.21202543442582436
MD,2025-02-10,0.312072852716872,Daily NEE,0.10004741829104766
MD,2025-02-11,0.13501740803086104,Daily NEE,0.2350648263219087
MD,2025-02-12,0.6833905737930319,Daily NEE,0.9184554001149406
MD,2025-02-13,0.3539009019046801,Daily NEE,1.2723563020196207
MD,2025-02-14,0.46255960478249103,Daily NEE,1.7349159068021116
MD,2025-02-15,0.5079835843127999,Daily NEE,2.2428994911149114
MD,2025-02-16,0.516636260999489,Daily NEE,2.7595357521144006
MD,2025-02-17,0.42481183881600004,Daily NEE,3.1843475909304004
MD,2025-02-18,2.9566291912615394,Daily NEE,6.14097678219194
MD,2025-02-19,0.2780785259399161,Daily NEE,6.419055308131856
MD,2025-02-20,0.5799103934283891,Daily NEE,6.9989657015602456
MD,2025-02-21,0.5922165182706688,Daily NEE,7.591182219830914
MD,2025-02-22,0.898802186160487,Daily NEE,8.489984405991402
MD,2025-02-23,0.8785482835207431,Daily NEE,9.368532689512145
MD,2025-02-24,1.60621949258784,Daily NEE,10.974752182099985
MD,2025-02-25,1.5771109660877602,Daily NEE,12.551863148187746
MD,2025-02-26,1.2463125353013003,Daily NEE,13.798175683489045
MD,2025-02-27,1.96382519463873,Daily NEE,15.762000878127775
MD,2025-02-28,0.8567627738669319,Daily NEE,16.61876365199471
MD,2025-03-01,1.002527935128,Daily NEE,17.62129158712271
MD,2025-03-02,-0.329763939760737,Daily NEE,17.29152764736197
MD,2025-03-03,0.624146122200849,Daily NEE,17.91567376956282
MD,2025-03-04,3.02831560936036,Daily NEE,20.943989378923177
MD,2025-03-05,1.43081849503682,Daily NEE,22.37480787396
MD,2025-03-06,0.14156970117864,Daily NEE,22.516377575138637
MD,2025-03-07,0.14952934799843504,Daily NEE,22.665906923137072
MD,2025-03-08,-0.5520963459308069,Daily NEE,22.113810577206266
MD,2025-03-09,0.009626443488000267,Daily NEE,22.123437020694265
MD,2025-03-10,0.4750809607189711,Daily NEE,22.598517981413234
MD,2025-03-11,0.4306877016145411,Daily NEE,23.029205683027776
MD,2025-03-12,-0.5186608332681912,Daily NEE,22.510544849759583
MD,2025-03-13,-0.5415627753071998,Daily NEE,21.968982074452384
MD,2025-03-14,-0.5068309490603999,Daily NEE,21.462151125391983
MD,2025-03-15,-0.027234430397701802,Daily NEE,21.434916694994282
MD,2025-03-16,0.0995446737301881,Daily NEE,21.53446136872447
MD,2025-03-17,0.14520447937937703,Daily NEE,21.67966584810385
MD,2025-03-18,-0.0450124454156574,Daily NEE,21.63465340268819
MD,2025-03-19,-0.39407744121963306,Daily NEE,21.240575961468558
MD,2025-03-20,0.07510994801558142,Daily NEE,21.315685909484138
MD,2025-03-21,0.0029252627216437795,Daily NEE,21.31861117220578
MD,2025-03-22,-0.027234430397701802,Daily NEE,21.29137674180808
MD,2025-03-23,0.0995446737301881,Daily NEE,21.39092141553827
MD,2025-03-24,0.14520447937937703,Daily NEE,21.536125894917646
MD,2025-03-25,-0.0450124454156574,Daily NEE,21.491113449501988
MD,2025-03-26,-0.4551744372427511,Daily NEE,21.035939012259238
MD,2025-03-27,-0.29403581463795303,Daily NEE,20.741903197621284
MD,2025-03-28,-0.192161098418742,Daily NEE,20.549742099202543
MD,2025-03-29,-0.8413774233557411,Daily NEE,19.708364675846802
MD,2025-03-30,-0.33545812761116495,Daily NEE,19.372906548235637
MD,2025-03-31,-1.7947465296212204,Daily NEE,17.578160018614415
MD,2025-04-01,-0.581715276455246,Daily NEE,16.99644474215917
MD,2025-04-02,-0.6559325656565349,Daily NEE,16.340512176502635
MD,2025-04-03,-0.6862473035728249,Daily NEE,15.65426487292981
MD,2025-04-04,-0.374365121109192,Daily NEE,15.279899751820619
MD,2025-04-05,-0.7715549592227648,Daily NEE,14.508344792597853
MD,2025-04-06,-0.350911275706975,Daily NEE,14.157433516890878
MD,2025-04-07,-1.79262683668051,Daily NEE,12.364806680210368
MD,2025-04-08,-0.581715276455246,Daily NEE,11.783091403755122
MD,2025-04-09,-0.6559325656565349,Daily NEE,11.127158838098588
MD,2025-04-10,-0.9199296069474782,Daily NEE,10.207229231151109
MD,2025-04-11,-1.01033943662523,Daily NEE,9.196889794525879
MD,2025-04-12,-1.35141951071533,Daily NEE,7.845470283810549
MD,2025-04-13,0.5716343522851152,Daily NEE,8.417104636095663
MD,2025-04-14,-2.59790245340951,Daily NEE,5.819202182686153
MD,2025-04-15,1.2639801982319998,Daily NEE,7.083182380918153
MD,2025-04-16,-1.3440293042832,Daily NEE,5.7391530766349526
MD,2025-04-17,-0.8049773960793281,Daily NEE,4.934175680555624
MD,2025-04-18,1.75879089191127,Daily NEE,6.692966572466894
MD,2025-04-19,-0.184271185292033,Daily NEE,6.5086953871748605
MD,2025-04-20,-0.9558445699519459,Daily NEE,5.5528508172229145
MD,2025-04-21,-0.4940309244744,Daily NEE,5.058819892748515
MD,2025-04-22,-1.0408961406396497,Daily NEE,4.0179237521088655
MD,2025-04-23,-1.6483559867280004,Daily NEE,2.3695677653808653
MD,2025-04-24,-1.5454512930239996,Daily NEE,0.8241164723568657
MD,2025-04-25,-1.574876587896,Daily NEE,-0.7507601155391344
MD,2025-04-26,-1.78075766736,Daily NEE,-2.5315177828991344
MD,2025-04-27,-2.27306643628098,Daily NEE,-4.804584219180114
MD,2025-04-28,-2.51994617726047,Daily NEE,-7.324530396440585
MD,2025-04-29,-2.7139969360368,Daily NEE,-10.038527332477384
MD,2025-04-30,-2.7064874294979995,Daily NEE,-12.745014761975384
MD,2025-05-01,-0.7383427837419998,Daily NEE,-13.483357545717384
MD,2025-05-02,-2.2839158507040005,Daily NEE,-15.767273396421384
MD,2025-05-03,-2.35849007086539,Daily NEE,-18.125763467286774
MD,2025-05-04,-2.939418633315849,Daily NEE,-21.065182100602623
MD,2025-05-05,-3.823784778582741,Daily NEE,-24.888966879185364
MD,2025-05-06,-1.0038301463676198,Daily NEE,-25.892797025552984
MD,2025-05-07,-4.715988965663009,Daily NEE,-30.608785991215992
MD,2025-05-08,-3.41037658584,Daily NEE,-34.019162577055994
MD,2025-05-09,-1.13373918377773,Daily NEE,-35.15290176083372
MD,2025-05-10,-3.6295316285551205,Daily NEE,-38.78243338938884
MD,2025-05-11,-3.8628909500073,Daily NEE,-42.64532433939614
MD,2025-05-12,-2.2644304942758,Daily NEE,-44.90975483367194
MD,2025-05-13,-0.6689303786721039,Daily NEE,-45.57868521234404
MD,2025-05-14,-1.6817317504156597,Daily NEE,-47.2604169627597
MD,2025-05-15,-1.2170219924377996,Daily NEE,-48.4774389551975
MD,2025-05-16,-1.2829998533497198,Daily NEE,-49.76043880854722
MD,2025-05-17,2.6748516601324903,Daily NEE,-47.08558714841473
MD,2025-05-18,-6.1324840691999984,Daily NEE,-53.21807121761473
MD,2025-05-19,-5.724991920546938,Daily NEE,-58.94306313816167
MD,2025-05-20,-0.5002555649759999,Daily NEE,-59.44331870313767
MD,2025-05-21,2.9336807431557,Daily NEE,-56.50963795998197
MD,2025-05-22,-5.348199235968,Daily NEE,-61.85783719594997
MD,2025-05-23,-4.883453406253181,Daily NEE,-66.74129060220315
MD,2025-05-24,-3.9932440247278396,Daily NEE,-70.734534626931
MD,2025-05-25,-2.0673276668211606,Daily NEE,-72.80186229375215
MD,2025-05-26,-2.0394919335370996,Daily NEE,-74.84135422728924
MD,2025-05-27,-4.18526922385828,Daily NEE,-79.02662345114753
MD,2025-05-28,0.32113897145999903,Daily NEE,-78.70548447968753
MD,2025-05-29,-3.5686063943691395,Daily NEE,-82.27409087405667
MD,2025-05-30,-2.05347570267502,Daily NEE,-84.32756657673168
MD,2025-05-31,-6.2356493231476415,Daily NEE,-90.56321589987932
MD,2025-06-01,-4.922522096545789,Daily NEE,-95.48573799642512
MD,2025-06-02,-4.968666739319121,Daily NEE,-100.45440473574423
MD,2025-06-03,-2.5731889785955504,Daily NEE,-103.02759371433979
MD,2025-06-04,-2.3147189970479993,Daily NEE,-105.34231271138779
MD,2025-06-05,-3.2834653047697597,Daily NEE,-108.62577801615755
MD,2025-06-06,-4.61246175762964,Daily NEE,-113.2382397737872
MD,2025-06-07,-5.91808188371792,Daily NEE,-119.15632165750512
MD,2025-06-08,-4.5147488024303994,Daily NEE,-123.67107045993552
MD,2025-06-09,-6.824592147125069,Daily NEE,-130.49566260706058
MD,2025-06-10,-4.81957573269896,Daily NEE,-135.31523833975953
MD,2025-06-11,-6.68665302677633,Daily NEE,-142.00189136653586
MD,2025-06-12,-5.27700582585427,Daily NEE,-147.27889719239013
MD,2025-06-13,-8.329145813731541,Daily NEE,-155.60804300612168
MD,2025-06-14,-8.028357290639999,Daily NEE,-163.63640029676168
MD,2025-06-15,-7.55343371118926,Daily NEE,-171.18983400795094
MD,2025-06-16,-6.4305299968607805,Daily NEE,-177.6203640048117
MD,2025-06-17,-5.90495837199296,Daily NEE,-183.52532237680467
MD,2025-06-18,0.212538879628812,Daily NEE,-183.31278349717584
MD,2025-06-19,1.3974137276962602,Daily NEE,-181.91536976947958
MD,2025-06-20,-2.9189481075193395,Daily NEE,-184.8343178769989
MD,2025-06-21,-3.62227955258464,Daily NEE,-188.45659742958355
MD,2025-06-22,-4.293034890695999,Daily NEE,-192.74963232027955
MD,2025-06-23,-4.849670005670632,Daily NEE,-197.5993023259502
MD,2025-06-24,-5.62096690086496,Daily NEE,-203.22026922681516
MD,2025-06-25,-3.8610018215232396,Daily NEE,-207.0812710483384
MD,2025-06-26,-6.23017582301315,Daily NEE,-213.31144687135156
MD,2025-06-27,-4.051102223376,Daily NEE,-217.36254909472757
MD,2025-06-28,-4.460731329385009,Daily NEE,-221.82328042411257
MD,2025-06-29,-4.737784722223171,Daily NEE,-226.56106514633575
MD,2025-06-30,-5.972038284110871,Daily NEE,-232.53310343044663
MD,2025-07-01,-4.038831842005289,Daily NEE,-236.57193527245192
MD,2025-07-02,-5.33262093939839,Daily NEE,-241.90455621185032
MD,2025-07-03,-5.227575122171779,Daily NEE,-247.1321313340221
MD,2025-07-04,-7.8321080127242,Daily NEE,-254.9642393467463
MD,2025-07-05,-6.534090837528529,Daily NEE,-261.49833018427483
MD,2025-07-06,-5.88990113352696,Daily NEE,-267.3882313178018
MD,2025-07-07,-5.7148286382719995,Daily NEE,-273.1030599560738
MD,2025-07-08,-6.827284155508179,Daily NEE,-279.930344111582
MD,2025-07-09,-5.386006360325969,Daily NEE,-285.3163504719079
MD,2025-07-10,-6.508927356347779,Daily NEE,-291.8252778282557
MD,2025-07-11,-3.3504365074224505,Daily NEE,-295.17571433567815
MD,2025-07-12,-6.86909188367564,Daily NEE,-302.0448062193538
MD,2025-07-13,-7.90250246741853,Daily NEE,-309.9473086867723
MD,2025-07-14,-6.432242599476831,Daily NEE,-316.3795512862491
MD,2025-07-15,-5.64855859200326,Daily NEE,-322.0281098782524
MD,2025-07-16,-6.58652809862241,Daily NEE,-328.6146379768748
MD,2025-07-17,-5.667131744666339,Daily NEE,-334.28176972154114
MD,2025-07-18,-6.06526365700325,Daily NEE,-340.3470333785444
MD,2025-07-19,-0.6214640458553248,Daily NEE,-340.9684974243997
MD,2025-07-20,-3.0701608116848,Daily NEE,-344.0386582360845
MD,2025-07-21,-5.09123173809875,Daily NEE,-349.12988997418324
MD,2025-07-22,-5.65035070968,Daily NEE,-354.78024068386327
MD,2025-07-23,-4.6478923863029795,Daily NEE,-359.42813307016627
MD,2025-07-24,-4.816384316639999,Daily NEE,-364.24451738680625
MD,2025-07-25,-5.0611728745319695,Daily NEE,-369.3056902613382
MD,2025-07-26,-1.4587610321052897,Daily NEE,-370.76445129344353
MD,2025-07-27,-3.78283597029335,Daily NEE,-374.5472872637369
MD,2025-07-28,-3.38127380530117,Daily NEE,-377.9285610690381
MD,2025-07-29,-5.198787216664469,Daily NEE,-383.12734828570257
MD,2025-07-30,-1.73050654923042,Daily NEE,-384.857854834933
MD,2025-07-31,-3.8959115510566003,Daily NEE,-388.7537663859896
MD,2025-08-01,-4.43649561419829,Daily NEE,-393.1902620001879
MD,2025-08-02,-5.41421448396514,Daily NEE,-398.60447648415305
MD,2025-08-03,-6.749339371924151,Daily NEE,-405.3538158560772
MD,2025-08-04,-7.711899651728181,Daily NEE,-413.06571550780535
MD,2025-08-05,-6.72141429049447,Daily NEE,-419.7871297982998
MD,2025-08-06,-6.346450718041949,Daily NEE,-426.13358051634174
MD,2025-08-07,-4.54138920679035,Daily NEE,-430.6749697231321
MD,2025-08-08,-3.54107628036268,Daily NEE,-434.2160460034948
MD,2025-08-09,-4.687517768489578,Daily NEE,-438.90356377198435
MD,2025-08-10,-4.9207690452683615,Daily NEE,-443.8243328172527
MD,2025-08-11,-6.0634190216205095,Daily NEE,-449.8877518388732
MD,2025-08-12,3.74994636416596,Daily NEE,-446.13780547470725
MD,2025-08-13,0.153608116954096,Daily NEE,-445.98419735775315
MD,2025-08-14,-3.58044944493699,Daily NEE,-449.56464680269016
MD,2025-08-15,-3.9685162973852903,Daily NEE,-453.53316310007546
MD,2025-08-16,-0.8617326681044221,Daily NEE,-454.3948957681799
MD,2025-08-17,-2.53736385119317,Daily NEE,-456.93225961937304
MD,2025-08-18,-3.3437376276552,Daily NEE,-460.2759972470282
MD,2025-08-19,4.27268221770052,Daily NEE,-456.0033150293277
MD,2025-08-20,-1.9367972086348297,Daily NEE,-457.9401122379626
MD,2025-08-21,-2.194774718341901,Daily NEE,-460.13488695630446
MD,2025-08-22,-4.5168762017531305,Daily NEE,-464.6517631580576
MD,2025-08-23,-2.12160572021236,Daily NEE,-466.77336887826993
MD,2025-08-24,-3.5774215075211706,Daily NEE,-470.35079038579113
MD,2025-08-25,-2.38927104997411,Daily NEE,-472.74006143576526
MD,2025-08-26,-1.1529779114927403,Daily NEE,-473.89303934725797
MD,2025-08-27,-4.71784776886214,Daily NEE,-478.6108871161201
MD,2025-08-28,-1.64149811100886,Daily NEE,-480.25238522712897
MD,2025-08-29,-3.820539786246951,Daily NEE,-484.07292501337594
MD,2025-08-30,-0.8193567494053089,Daily NEE,-484.89228176278124
MD,2025-08-31,-4.2674637763023995,Daily NEE,-489.15974553908364
MD,2025-09-01,-4.2657348786872875,Daily NEE,-493.4254804177709
MD,2025-09-02,-3.6520779298845296,Daily NEE,-497.07755834765544
MD,2025-09-03,3.4365190137512895,Daily NEE,-493.64103933390413
MD,2025-09-04,-5.429928687174151,Daily NEE,-499.0709680210783
MD,2025-09-05,-2.4843828708500704,Daily NEE,-501.55535089192836
MD,2025-09-06,-1.8204077352411001,Daily NEE,-503.37575862716943
MD,2025-09-07,-3.73515580531667,Daily NEE,-507.1109144324861
MD,2025-09-08,-4.515670657978509,Daily NEE,-511.6265850904646
MD,2025-09-09,-5.183769753152071,Daily NEE,-516.8103548436167
MD,2025-09-10,-3.8939699772379703,Daily NEE,-520.7043248208546
MD,2025-09-11,-3.7713900405212204,Daily NEE,-524.4757148613758
MD,2025-09-12,-3.7529000785167903,Daily NEE,-528.2286149398925
MD,2025-09-13,-5.4185543204636,Daily NEE,-533.6471692603561
MD,2025-09-14,-3.09908801753515,Daily NEE,-536.7462572778912
MD,2025-09-15,-2.6072701833798098,Daily NEE,-539.353527461271
MD,2025-09-16,-3.1133852083927307,Daily NEE,-542.4669126696638
MD,2025-09-17,-3.7661884121779305,Daily NEE,-546.2331010818417
MD,2025-09-18,-3.99637059667021,Daily NEE,-550.2294716785119
MD,2025-09-19,-3.7219203774199205,Daily NEE,-553.9513920559318
MD,2025-09-20,-5.4433873290240005,Daily NEE,-559.3947793849558
MD,2025-09-21,-1.2246628541140299,Daily NEE,-560.6194422390698
MD,2025-09-22,-1.21650847628539,Daily NEE,-561.8359507153552
MD,2025-09-23,-1.8346130109785301,Daily NEE,-563.6705637263337
MD,2025-09-24,-0.6096659437832099,Daily NEE,-564.2802296701169
MD,2025-09-25,-1.0117772908000497,Daily NEE,-565.292006960917
MD,2025-09-26,-2.66560903722787,Daily NEE,-567.9576159981449
MD,2025-09-27,-2.4612972173654906,Daily NEE,-570.4189132155104
MD,2025-09-28,-1.6581059494717205,Daily NEE,-572.0770191649822
MD,2025-09-29,-1.5600172605000302,Daily NEE,-573.6370364254822
MD,2025-09-30,-1.1725716998628,Daily NEE,-574.809608125345
MD,2025-10-01,-4.137682677233989,Daily NEE,-578.947290802579
MD,2025-10-02,-2.3992129569326197,Daily NEE,-581.3465037595116
MD,2025-10-03,-2.28046935198321,Daily NEE,-583.6269731114949
MD,2025-10-04,-1.53678271858343,Daily NEE,-585.1637558300783
MD,2025-10-05,-2.620127865940931,Daily NEE,-587.7838836960193
MD,2025-10-06,-2.23961098468557,Daily NEE,-590.0234946807049
MD,2025-10-07,1.3968685804687702,Daily NEE,-588.6266261002361
MD,2025-10-08,1.1853232790950399,Daily NEE,-587.441302821141
MD,2025-10-09,0.7501312105344812,Daily NEE,-586.6911716106065
MD,2025-10-10,3.6221218314669206,Daily NEE,-583.0690497791396
MD,2025-10-11,2.08630372629885,Daily NEE,-580.9827460528408
MD,2025-10-12,-2.07065630125831,Daily NEE,-583.053402354099
MD,2025-10-13,-2.38982629779566,Daily NEE,-585.4432286518947
MD,2025-10-14,-1.3821790234866203,Daily NEE,-586.8254076753814
MD,2025-10-15,-2.7874519465134204,Daily NEE,-589.6128596218948
MD,2025-10-16,-1.29059813325486,Daily NEE,-590.9034577551497
MD,2025-10-17,-0.7625176652307308,Daily NEE,-591.6659754203804
MD,2025-10-18,1.2557304802921998,Daily NEE,-590.4102449400882
MD,2025-10-19,3.05525686602201,Daily NEE,-587.3549880740662
MD,2025-10-20,-0.6489978724746411,Daily NEE,-588.0039859465409
MD,2025-10-21,1.2525719624112002,Daily NEE,-586.7514139841296
MD,2025-10-22,5.44813990709237,Daily NEE,-581.3032740770373
MD,2025-10-23,1.3582421503487503,Daily NEE,-579.9450319266886
MD,2025-10-24,-0.764154475957874,Daily NEE,-580.7091864026464
MD,2025-10-25,-1.26205146044935,Daily NEE,-581.9712378630958
MD,2025-10-26,-0.9820394699789549,Daily NEE,-582.9532773330748
MD,2025-10-27,-0.907701494930341,Daily NEE,-583.8609788280052
MD,2025-10-28,-0.86484956181162,Daily NEE,-584.7258283898168
MD,2025-10-29,-0.8140825585470509,Daily NEE,-585.5399109483639
MD,2025-10-30,0.617165861793182,Daily NEE,-584.9227450865707
MD,2025-10-31,1.0716528616192103,Daily NEE,-583.8510922249515
MD,2025-11-01,331.97347876429114,Daily NEE; Harvested-fruit export,-251.8776134606603
MD,2025-11-02,0.047823301223641417,Daily NEE,-251.82979015943667
MD,2025-11-03,0.9095062054319999,Daily NEE,-250.92028395400467
MD,2025-11-04,0.24404841308563205,Daily NEE,-250.67623554091904
MD,2025-11-05,1.0749096951337997,Daily NEE,-249.60132584578523
MD,2025-11-06,-0.10793812034714201,Daily NEE,-249.70926396613237
MD,2025-11-07,0.871062884691437,Daily NEE,-248.83820108144093
MD,2025-11-08,0.04883162419714892,Daily NEE,-248.7893694572438
MD,2025-11-09,0.2876557031496201,Daily NEE,-248.50171375409417
MD,2025-11-10,0.4873478120640001,Daily NEE,-248.01436594203017
MD,2025-11-11,0.5785269069382469,Daily NEE,-247.43583903509193
MD,2025-11-12,0.5574274167600001,Daily NEE,-246.87841161833194
MD,2025-11-13,0.426347558422227,Daily NEE,-246.4520640599097
MD,2025-11-14,-0.21697241962407401,Daily NEE,-246.6690364795338
MD,2025-11-15,1.7608786512728198,Daily NEE,-244.90815782826095
MD,2025-11-16,1.4087942208434696,Daily NEE,-243.49936360741748
MD,2025-11-17,0.5911921819197048,Daily NEE,-242.90817142549778
MD,2025-11-18,0.6913233381747379,Daily NEE,-242.21684808732306
MD,2025-11-19,0.6126890984958201,Daily NEE,-241.60415898882724
MD,2025-11-20,1.4493981824190896,Daily NEE,-240.15476080640815
MD,2025-11-21,1.64495117002049,Daily NEE,-238.50980963638767
MD,2025-11-22,1.34292351160142,Daily NEE,-237.16688612478626
MD,2025-11-23,1.34494818340047,Daily NEE,-235.82193794138578
MD,2025-11-24,0.805470539861517,Daily NEE,-235.01646740152427
MD,2025-11-25,2.3560646984348192,Daily NEE,-232.66040270308946
MD,2025-11-26,1.6506393487949798,Daily NEE,-231.00976335429448
MD,2025-11-27,2.1663090684000004,Daily NEE,-228.84345428589447
MD,2025-11-28,1.7811238499999997,Daily NEE,-227.06233043589447
MD,2025-11-29,1.78032322536578,Daily NEE,-225.2820072105287
MD,2025-11-30,1.5623305067050801,Daily NEE,-223.7196767038236
MD,2025-12-01,1.9338091311257,Daily NEE,-221.7858675726979
MD,2025-12-02,1.05075451524772,Daily NEE,-220.73511305745018
MD,2025-12-03,1.2167311202967301,Daily NEE,-219.51838193715344
MD,2025-12-04,1.27982772893975,Daily NEE,-218.23855420821369
MD,2025-12-05,1.6353220431078799,Daily NEE,-216.6032321651058
MD,2025-12-06,1.43233535647351,Daily NEE,-215.17089680863228
MD,2025-12-07,1.37158159130698,Daily NEE,-213.7993152173253
MD,2025-12-08,2.06973388943863,Daily NEE,-211.72958132788668
MD,2025-12-09,1.2220073999938401,Daily NEE,-210.50757392789285
MD,2025-12-10,-0.6132877734107469,Daily NEE,-211.1208617013036
MD,2025-12-11,0.960051005348273,Daily NEE,-210.16081069595532
MD,2025-12-12,1.1969201164581,Daily NEE,-208.96389057949722
MD,2025-12-13,1.03921269179286,Daily NEE,-207.92467788770435
MD,2025-12-14,1.26712146193778,Daily NEE,-206.65755642576656
MD,2025-12-15,1.0091092537795197,Daily NEE,-205.64844717198704
MD,2025-12-16,1.0113373536123997,Daily NEE,-204.63710981837465
MD,2025-12-17,1.5022825513336602,Daily NEE,-203.134827267041
MD,2025-12-18,3.28596599167396,Daily NEE,-199.84886127536706
MD,2025-12-19,0.8515607227344,Daily NEE,-198.99730055263265
MD,2025-12-20,0.9893740640472528,Daily NEE,-198.0079264885854
MD,2025-12-21,0.8025842057939999,Daily NEE,-197.2053422827914
MD,2025-12-22,0.9699256905835422,Daily NEE,-196.23541659220786
MD,2025-12-23,1.9148219535171795,Daily NEE,-194.32059463869066
MD,2025-12-24,1.1032397913202598,Daily NEE,-193.21735484737042
MD,2025-12-25,1.1876913264571398,Daily NEE,-192.0296635209133
MD,2025-12-26,1.6104970304802302,Daily NEE,-190.41916649043307
MD,2025-12-27,1.2150215326969698,Daily NEE,-189.2041449577361
MD,2025-12-28,2.77917787955586,Daily NEE,-186.42496707818026
MD,2025-12-29,1.81710734692952,Daily NEE,-184.60785973125073
MD,2025-12-30,0.9408167289719999,Daily NEE,-183.66704300227872
MD,2025-12-31,1.0492066009303598,Daily NEE,-182.61783640134837
