plot_page,event_id,site,DateTime,NEE_raw,NEE_lag,NEE_lead,Rg,Tair,Ustar,qc_co2_flux,signal_strength,wind_dir
1,LD_Winter_positive_nighttime_NEE_20240213_0130,LD,2024-02-13T06:30:00Z,40.2684,-22.70459,-24.35103,0.05555555555555556,-4.02,0.0953642,1,7,256.907
2,LD_Winter_positive_nighttime_NEE_20240215_0900,LD,2024-02-15T14:00:00Z,14.8148,-16.939439999999998,-49.9125,1.6944444444444444,-0.84,0.205655,2,18,191.974
3,LD_Winter_positive_nighttime_NEE_20240228_0530,LD,2024-02-28T10:30:00Z,16.328969999999998,2.5838998500000003,14.63382,0,-0.2899999999999636,0.838265,2,56,311.396
4,LD_Winter_positive_nighttime_NEE_20240228_0600,LD,2024-02-28T11:00:00Z,14.63382,16.328969999999998,-10.68777,0,-1.61099999999999,0.834303,1,23,314.624
5,LD_Winter_positive_nighttime_NEE_20240305_0030,LD,2024-03-05T05:30:00Z,18.15918,2.1295870000000003,2.8461923,0,15.326999999999998,0.292404,0,80,289.016
6,LD_Winter_positive_nighttime_NEE_20240309_0730,LD,2024-03-09T12:30:00Z,16.77235,-2.00252,7.597803000000001,5.71144,0.7560000000000286,0.542609,1,NA,308.764
7,LD_Winter_positive_nighttime_NEE_20240320_0500,LD,2024-03-20T09:00:00Z,12.32464,114.1103,-31.407329999999998,0,-1.5,0.31486,1,7,307.938
8,LD_Winter_positive_nighttime_NEE_20240326_0230,LD,2024-03-26T06:30:00Z,13.392389999999999,2.389168,-2.48943,0,13.266999999999996,0.590668,0,80,168.76
9,LD_Winter_positive_nighttime_NEE_20240326_0800,LD,2024-03-26T12:00:00Z,36.37855,3.797962,-14.725330000000001,0.659168,8.737000000000023,0.818412,1,66,147.385
10,LD_Winter_positive_nighttime_NEE_20240326_0900,LD,2024-03-26T13:00:00Z,28.279082,-14.725330000000001,-25.34724,7.26895,8.887,0.81253,2,54,154.841
11,LD_Winter_positive_nighttime_NEE_20240326_2200,LD,2024-03-27T02:00:00Z,17.05561,1.66334,-9.842839999999999,0,4.479000000000042,0.791552,2,69,234.258
12,LD_Winter_positive_nighttime_NEE_20240327_0200,LD,2024-03-27T06:00:00Z,13.6515605,0.2995620000000001,1.7237600000000004,0,1.0649999999999977,0.818699,0,92,252.64
13,LD_Winter_positive_nighttime_NEE_20240330_2030,LD,2024-03-31T00:30:00Z,19.43521,5.484267999999999,-5.988912,0.538641,4.286000000000001,0.219259,0,39,302.105
14,LD_Winter_positive_nighttime_NEE_20241101_0800,LD,2024-11-01T12:00:00Z,39.349807,4.710368,26.8606,0.0238839,5.063000000000045,0.372944,2,66,310.021
15,LD_Winter_positive_nighttime_NEE_20241101_0830,LD,2024-11-01T12:30:00Z,26.8606,39.349807,-14.498069999999998,2.08698,4.93100000000004,0.484996,2,85,306.364
16,LD_Winter_positive_nighttime_NEE_20241102_0230,LD,2024-11-02T06:30:00Z,19.8898948,5.60704,-5.274839999999999,0,-0.3149999999999977,0.0698762,2,20,133.614
17,LD_Winter_positive_nighttime_NEE_20241103_1830,LD,2024-11-03T23:30:00Z,40.78832,-11.41731,-129.064,2.69475e-4,12.66500000000002,0.481434,1,92,115.902
18,LD_Winter_positive_nighttime_NEE_20241103_2200,LD,2024-11-04T03:00:00Z,46.48065,-14.986780000000001,18.18489,0,11.170000000000016,0.63123,1,91,119.738
19,LD_Winter_positive_nighttime_NEE_20241103_2230,LD,2024-11-04T03:30:00Z,18.18489,46.48065,-0.8068200000000001,0,11.241000000000042,0.495864,2,89,120.401
20,LD_Winter_positive_nighttime_NEE_20241104_0030,LD,2024-11-04T05:30:00Z,24.5723,NA,152.525332,0,10.088000000000022,0.398574,2,56,134.428
21,LD_Winter_positive_nighttime_NEE_20241104_1930,LD,2024-11-05T00:30:00Z,32.099869999999996,5.3784208,112.42160000000001,0,17.795000000000016,0.523788,1,79,218.066
22,LD_Winter_positive_nighttime_NEE_20241105_2230,LD,2024-11-06T03:30:00Z,43.667100000000005,137.046,83.0601,0,15.645000000000039,0.53772,0,71,237.711
23,LD_Winter_positive_nighttime_NEE_20241106_0600,LD,2024-11-06T11:00:00Z,23.4673,-15.293111,6.77318,0,12.104000000000042,0.231991,1,28,241.461
24,LD_Winter_positive_nighttime_NEE_20241110_0230,LD,2024-11-10T07:30:00Z,40.4794,NA,-72.52168,0,7.409000000000049,0.151353,2,83,102.02
25,LD_Winter_positive_nighttime_NEE_20241110_0700,LD,2024-11-10T12:00:00Z,18.31768,-13.431750000000001,1.1808699999999999,2.86979e-4,6.531000000000006,0.248582,1,37,109.369
26,LD_Winter_positive_nighttime_NEE_20241110_2000,LD,2024-11-11T01:00:00Z,18.269374,3.063729,4.264527999999999,0,11.031000000000006,0.489161,1,79,264.488
27,LD_Winter_positive_nighttime_NEE_20241110_2200,LD,2024-11-11T03:00:00Z,13.623750000000001,3.079699999999999,-80.16829,0,10.307000000000016,0.578494,0,53,274.566
28,LD_Winter_positive_nighttime_NEE_20241113_2330,LD,2024-11-14T04:30:00Z,32.2212,NA,NA,7.00191e-5,5.9220000000000255,0.206423,1,24,115.414
29,LD_Winter_positive_nighttime_NEE_20241114_0400,LD,2024-11-14T09:00:00Z,26.35772,-15.8882,-84.8048,0,5.572000000000003,0.28855,1,43,101.779
30,LD_Winter_positive_nighttime_NEE_20241116_0030,LD,2024-11-16T05:30:00Z,14.549223000000001,2.079617,-4.038916,0.00146522,7.580000000000041,0.0865675,1,93,275.613
31,LD_Winter_positive_nighttime_NEE_20241117_2230,LD,2024-11-18T03:30:00Z,29.39642,-19.43299,43.891945,7.92644e-4,9.329000000000008,0.113194,1,26,266.321
32,LD_Winter_positive_nighttime_NEE_20241117_2300,LD,2024-11-18T04:00:00Z,43.891945,29.39642,5.940729999999999,9.88155e-4,9.07000000000005,0.0999447,1,20,254.967
33,LD_Winter_positive_nighttime_NEE_20241118_2300,LD,2024-11-19T04:00:00Z,16.99189,-62.8378,-0.839004,0,8.675000000000011,0.479608,2,90,106.354
34,LD_Winter_positive_nighttime_NEE_20241119_0700,LD,2024-11-19T12:00:00Z,22.759369999999997,5.2096800000000005,32.09446,0,10.68300000000005,0.553943,0,44,114.171
35,LD_Winter_positive_nighttime_NEE_20241119_0730,LD,2024-11-19T12:30:00Z,32.09446,22.759369999999997,-16.72355,0.0215235,10.494000000000028,0.664283,2,59,111.277
36,LD_Winter_positive_nighttime_NEE_20241120_2130,LD,2024-11-21T02:30:00Z,13.741337,5.949558,1.515458,0,3.011000000000024,0.381343,1,91,261.866
37,LD_Winter_positive_nighttime_NEE_20241121_0400,LD,2024-11-21T09:00:00Z,25.31833,10.523810000000001,-48.2141,1.24506e-4,0.08600000000001273,0.428957,1,0,259.124
38,LD_Winter_positive_nighttime_NEE_20241122_2330,LD,2024-11-23T04:30:00Z,13.165068,2.8293,-53.28822,0,5.373000000000047,0.347145,1,33,309.17
39,LD_Winter_positive_nighttime_NEE_20241123_0130,LD,2024-11-23T06:30:00Z,19.135046000000003,49.132069,55.457899999999995,0,5.365000000000009,0.6771,0,41,306.531
40,LD_Winter_positive_nighttime_NEE_20241123_0300,LD,2024-11-23T08:00:00Z,24.40496,11.63451,48.27497,0,4.982000000000028,0.907896,1,67,285.879
41,LD_Winter_positive_nighttime_NEE_20241123_0330,LD,2024-11-23T08:30:00Z,48.27497,24.40496,-1.7763259999999998,0,4.867000000000019,0.9968,1,76,287.137
42,LD_Winter_positive_nighttime_NEE_20241125_1830,LD,2024-11-25T23:30:00Z,31.505449999999996,1.549894,-3.29232,0,5.828000000000031,0.280342,2,67,268.547
43,LD_Winter_positive_nighttime_NEE_20241126_0200,LD,2024-11-26T07:00:00Z,15.232598,3.659399,-10.439969999999999,0,3.5130000000000337,0.6219,1,71,286.939
44,LD_Winter_positive_nighttime_NEE_20241126_0430,LD,2024-11-26T09:30:00Z,21.99699,-1.1209699999999998,0.9463900000000001,0,2.3000000000000114,0.793435,1,58,284.889
45,LD_Winter_positive_nighttime_NEE_20241215_0630,LD,2024-12-15T11:30:00Z,27.0938,81.67214,48.938357,2.29534e-4,0.4870000000000232,0.657545,2,62,95.5109
46,LD_Winter_positive_nighttime_NEE_20241215_0700,LD,2024-12-15T12:00:00Z,48.938357,27.0938,-35.88364,0,0.5830000000000268,1.09551,1,65,106.63
47,LD_Winter_positive_nighttime_NEE_20241216_0800,LD,2024-12-16T13:00:00Z,14.50507,5.308889,12.43925,0.0313207,5.909000000000049,0.382103,0,24,133.191
48,LD_Winter_positive_nighttime_NEE_20241216_0830,LD,2024-12-16T13:30:00Z,12.43925,14.50507,3.9631869999999996,0.705039,6.076999999999998,0.376318,0,23,133.479
49,LD_Winter_positive_nighttime_NEE_20241216_0930,LD,2024-12-16T14:30:00Z,17.89029,3.9631869999999996,12.04857,5.97653,6.468000000000018,0.388956,2,28,148.45
50,LD_Winter_positive_nighttime_NEE_20241216_1700,LD,2024-12-16T22:00:00Z,14.3847,2.8946058,-7.43105,4.8165,8.049000000000035,0.490185,2,29,246.367
51,LD_Winter_positive_nighttime_NEE_20241216_1900,LD,2024-12-17T00:00:00Z,14.91703,-14.22325,6.54444,0,6.2379999999999995,0.670011,0,31,268.938
52,LD_Winter_positive_nighttime_NEE_20241216_2030,LD,2024-12-17T01:30:00Z,29.979108,10.82001,4.7628200000000005,0,4.841000000000008,0.634433,1,39,268.701
53,LD_Winter_positive_nighttime_NEE_20241223_1830,LD,2024-12-23T23:30:00Z,21.45129,0.03164000000000011,8.29744,1.90333e-4,0.12400000000002365,0.203419,2,21,218.867
54,LD_Winter_positive_nighttime_NEE_20241223_2030,LD,2024-12-24T01:30:00Z,17.18462,-67.73063,2.13415,0,0.160000000000025,0.229784,1,47,271.119
55,LD_Winter_positive_nighttime_NEE_20241223_2130,LD,2024-12-24T02:30:00Z,37.7712,2.13415,0.9807899999999998,0,0.043000000000006366,0.253883,1,5,300.939
56,LD_Winter_positive_nighttime_NEE_20241226_2230,LD,2024-12-27T03:30:00Z,20.56521,-3.43788,3.615,0,5.338999999999999,0.38435,1,73,131.788
57,LD_Winter_positive_nighttime_NEE_20241226_2330,LD,2024-12-27T04:30:00Z,20.071906,3.615,-4.63323,0,5.275000000000034,0.367755,1,30,139.401
58,LD_Winter_positive_nighttime_NEE_20241227_0430,LD,2024-12-27T09:30:00Z,17.81776,3.5475512,-10.27002,0,4.5049999999999955,0.366351,1,44,122.232
59,LD_Winter_positive_nighttime_NEE_20241227_1800,LD,2024-12-27T23:00:00Z,49.5972,-11.48951,-8.86111,0.0320776,6.162000000000035,0.393256,1,35,108.162
60,LD_Winter_positive_nighttime_NEE_20241228_0000,LD,2024-12-28T05:00:00Z,24.693694999999998,-45.834219999999995,63.524770000000004,0,7.290999999999997,0.435857,1,38,120.569
61,LD_Winter_positive_nighttime_NEE_20241228_0030,LD,2024-12-28T05:30:00Z,63.524770000000004,24.693694999999998,69.30201,0,7.741000000000042,0.442575,1,35,132.377
62,LD_Winter_positive_nighttime_NEE_20241228_0100,LD,2024-12-28T06:00:00Z,69.30201,63.524770000000004,14.502800000000004,0,8.116000000000042,0.470197,2,29,136.726
63,LD_Winter_positive_nighttime_NEE_20241228_0130,LD,2024-12-28T06:30:00Z,14.502800000000004,69.30201,42.000299999999996,0,8.469000000000051,0.577747,1,20,146.867
64,LD_Winter_positive_nighttime_NEE_20241228_0200,LD,2024-12-28T07:00:00Z,42.000299999999996,14.502800000000004,25.54224,0,8.910000000000025,0.560366,1,29,145.753
65,LD_Winter_positive_nighttime_NEE_20241228_0230,LD,2024-12-28T07:30:00Z,25.54224,42.000299999999996,39.2051,0,9.305000000000007,0.544906,0,29,152.343
66,LD_Winter_positive_nighttime_NEE_20241228_0300,LD,2024-12-28T08:00:00Z,39.2051,25.54224,-113.250908,0,9.865000000000009,0.547896,0,15,178.56
67,LD_Winter_positive_nighttime_NEE_20241230_0000,LD,2024-12-30T05:00:00Z,44.348102,5.985049999999999,-24.774789700000003,0,2.7250000000000227,0.728625,1,33,305.24
68,LD_Winter_positive_nighttime_NEE_20241230_0330,LD,2024-12-30T08:30:00Z,12.042919999999999,1.2680900000000002,7.566974,0,2.55600000000004,0.579116,1,17,285.809
69,LD_Winter_positive_nighttime_NEE_20241230_2200,LD,2024-12-31T03:00:00Z,16.0857,-4.811299999999999,5.014377,0,1.3420000000000414,0.187148,1,13,194.173
70,MD_Winter_positive_nighttime_NEE_20240125_0500,MD,2024-01-25T10:00:00Z,17.05343,0.16063000000000027,-11.21438,4.73368e-4,0.6590000000000487,0.0678837,1,68,354.69
71,MD_Winter_positive_nighttime_NEE_20240125_2300,MD,2024-01-26T04:00:00Z,19.05477,-3.409155,22.74141,2.12029e-4,0.2810000000000059,0.529157,2,60,52.9689
72,MD_Winter_positive_nighttime_NEE_20240125_2330,MD,2024-01-26T04:30:00Z,22.74141,19.05477,1.1710600000000007,4.77066e-4,0.382000000000005,0.523139,2,53,65.3033
73,MD_Winter_positive_nighttime_NEE_20240126_2200,MD,2024-01-27T03:00:00Z,18.00482,9.2335,-0.5776900000000005,0.1388888888888889,1.72,0.147252,0,52,65.6973
74,MD_Winter_positive_nighttime_NEE_20240127_0130,MD,2024-01-27T06:30:00Z,22.15056,-1.5600470000000002,3.4603800000000002,0.1388888888888889,1.09,0.074346,1,46,155.754
75,MD_Winter_positive_nighttime_NEE_20240128_0500,MD,2024-01-28T10:00:00Z,16.74287,3.13665,19.344099999999997,0.08333333333333333,1.65,0.293382,1,43,21.5779
76,MD_Winter_positive_nighttime_NEE_20240128_0530,MD,2024-01-28T10:30:00Z,19.344099999999997,16.74287,-0.2659699999999994,0.08333333333333333,1.65,0.270949,1,30,21.0502
77,MD_Winter_positive_nighttime_NEE_20240215_0830,MD,2024-02-15T13:30:00Z,27.153047,-4.20988,-26.278999999999996,0.1388888888888889,-1.31,0.532327,1,45,170.942
78,MD_Winter_positive_nighttime_NEE_20240215_0930,MD,2024-02-15T14:30:00Z,14.666800000000002,-26.278999999999996,-15.0313,1.6944444444444444,-0.84,0.0711311,1,34,310.23
79,MD_Winter_positive_nighttime_NEE_20240228_0030,MD,2024-02-28T05:30:00Z,13.666799999999999,-57.122719000000004,1.540131,0,14.143000000000029,0.610479,1,97,151.481
80,MD_Winter_positive_nighttime_NEE_20240228_0600,MD,2024-02-28T11:00:00Z,26.706220000000002,-172.8117,10.67632,0,-1.61099999999999,0.892869,1,48,326.944
81,MD_Winter_positive_nighttime_NEE_20240305_0030,MD,2024-03-05T05:30:00Z,17.488879999999998,0.14315500000000003,12.45604,0,15.326999999999998,0.253385,1,79,303.469
82,MD_Winter_positive_nighttime_NEE_20240305_0100,MD,2024-03-05T06:00:00Z,12.45604,17.488879999999998,15.71827,0,13.708000000000027,0.311631,1,71,315.685
83,MD_Winter_positive_nighttime_NEE_20240305_0130,MD,2024-03-05T06:30:00Z,15.71827,12.45604,-32.64374,0,12.958000000000027,0.287191,1,66,334.983
84,MD_Winter_positive_nighttime_NEE_20240305_0400,MD,2024-03-05T09:00:00Z,32.1516,-0.58476,-12.20195,0,8.850999999999999,0.17209,2,35,79.2048
85,MD_Winter_positive_nighttime_NEE_20240305_2330,MD,2024-03-06T04:30:00Z,25.60656,63.9775,-4.59939,0,6.081000000000017,0.398893,1,58,73.9543
86,MD_Winter_positive_nighttime_NEE_20240308_1800,MD,2024-03-08T23:00:00Z,22.047600000000003,-10.122364,13.41629,9.09618,5.837000000000046,0.428251,1,48,69.2427
87,MD_Winter_positive_nighttime_NEE_20240308_1830,MD,2024-03-08T23:30:00Z,13.41629,22.047600000000003,63.361005,4.29525,5.8799999999999955,0.41813,1,47,65.5701
88,MD_Winter_positive_nighttime_NEE_20240308_2200,MD,2024-03-09T03:00:00Z,19.494904,-13.470321,13.32361,0,4.819000000000017,0.387445,0,39,19.2257
89,MD_Winter_positive_nighttime_NEE_20240308_2230,MD,2024-03-09T03:30:00Z,13.32361,19.494904,8.125689999999999,0,4.621000000000038,0.408795,1,37,23.9847
90,MD_Winter_positive_nighttime_NEE_20240308_2330,MD,2024-03-09T04:30:00Z,21.839688000000002,8.125689999999999,-14.0083,0,4.545000000000016,0.388458,1,42,357.694
91,MD_Winter_positive_nighttime_NEE_20240309_0730,MD,2024-03-09T12:30:00Z,16.767918,5.11032,-14.63447,5.71144,0.7560000000000286,0.547694,1,53,317.126
92,MD_Winter_positive_nighttime_NEE_20240314_0330,MD,2024-03-14T07:30:00Z,42.361909999999995,10.98959,-8.04778,0,9.822000000000003,0.194014,1,81,32.278
93,MD_Winter_positive_nighttime_NEE_20240314_2000,MD,2024-03-15T00:00:00Z,22.149695,2.5787100000000005,-53.5388,0.744743,6.677000000000021,0.439962,0,39,40.3721
94,MD_Winter_positive_nighttime_NEE_20240314_2100,MD,2024-03-15T01:00:00Z,12.753910000000001,-53.5388,23.42848,0,6.716000000000008,0.289651,0,40,29.5946
95,MD_Winter_positive_nighttime_NEE_20240314_2130,MD,2024-03-15T01:30:00Z,23.42848,12.753910000000001,-1.6811100000000003,0,6.747000000000014,0.390202,1,42,15.6526
96,MD_Winter_positive_nighttime_NEE_20240321_0230,MD,2024-03-21T06:30:00Z,22.452185,5.016147,12.434503,6.41758e-4,-7.763999999999953,0.542363,0,100,224.801
97,MD_Winter_positive_nighttime_NEE_20240321_0300,MD,2024-03-21T07:00:00Z,12.434503,22.452185,23.769321,6.06749e-4,-7.530999999999949,0.57956,0,100,240.364
98,MD_Winter_positive_nighttime_NEE_20240321_0330,MD,2024-03-21T07:30:00Z,23.769321,12.434503,21.326991,5.49304e-4,-7.495999999999981,0.62159,0,100,227.139
99,MD_Winter_positive_nighttime_NEE_20240321_0400,MD,2024-03-21T08:00:00Z,21.326991,23.769321,12.521917,5.32786e-4,-7.328999999999951,0.630405,0,100,228.331
100,MD_Winter_positive_nighttime_NEE_20240321_0430,MD,2024-03-21T08:30:00Z,12.521917,21.326991,18.605411,5.16513e-4,-7.7169999999999845,0.580608,0,100,242.816
101,MD_Winter_positive_nighttime_NEE_20240321_0500,MD,2024-03-21T09:00:00Z,18.605411,12.521917,1.363548,2.89691e-4,-7.6370000000000005,0.667304,0,100,250.404
102,MD_Winter_positive_nighttime_NEE_20240326_0200,MD,2024-03-26T06:00:00Z,18.606949999999998,-2.7333659999999997,-34.45596,0,14.293000000000006,0.24507,1,90,148.049
103,MD_Winter_positive_nighttime_NEE_20240326_0400,MD,2024-03-26T08:00:00Z,16.39,-7.213913999999999,86.52055,0,9.670000000000016,0.402752,0,58,154.041
104,MD_Winter_positive_nighttime_NEE_20240326_0900,MD,2024-03-26T13:00:00Z,14.556980000000001,-21.111269999999998,67.65886,7.26895,8.887,0.963657,1,63,159.304
105,MD_Winter_positive_nighttime_NEE_20241101_0430,MD,2024-11-01T08:30:00Z,14.43827,-6.5387,2.57787,0,6.063000000000045,0.410129,1,76,275.911
106,MD_Winter_positive_nighttime_NEE_20241102_0300,MD,2024-11-02T07:00:00Z,14.996080000000001,3.848094,29.129600000000003,0,-1.2999999999999545,0.0321587,2,43,115.553
107,MD_Winter_positive_nighttime_NEE_20241102_0330,MD,2024-11-02T07:30:00Z,29.129600000000003,14.996080000000001,2.4107700000000003,0,-0.7450000000000045,0.0666245,2,38,135.375
108,MD_Winter_positive_nighttime_NEE_20241103_2000,MD,2024-11-04T01:00:00Z,20.319399999999998,5.483560000000001,14.380279999999999,0,11.466000000000008,0.793373,1,86,128.705
109,MD_Winter_positive_nighttime_NEE_20241103_2030,MD,2024-11-04T01:30:00Z,14.380279999999999,20.319399999999998,18.34535,0,10.492000000000019,0.622844,2,78,140.237
110,MD_Winter_positive_nighttime_NEE_20241103_2100,MD,2024-11-04T02:00:00Z,18.34535,14.380279999999999,-1.8929399999999998,0,10.861000000000047,0.68348,2,90,132.754
111,MD_Winter_positive_nighttime_NEE_20241103_2230,MD,2024-11-04T03:30:00Z,19.13592,7.966145,24.415713,0,11.241000000000042,0.660983,0,81,133.463
112,MD_Winter_positive_nighttime_NEE_20241103_2300,MD,2024-11-04T04:00:00Z,24.415713,19.13592,-22.51626,0,11.555000000000007,0.610692,1,74,139.396
113,MD_Winter_positive_nighttime_NEE_20241104_0300,MD,2024-11-04T08:00:00Z,13.249460000000001,2.948569,1.07525,0,11.55600000000004,0.424907,1,74,147.986
114,MD_Winter_positive_nighttime_NEE_20241104_0700,MD,2024-11-04T12:00:00Z,15.282002,8.235321,-0.1452199999999999,3.43931e-4,15.043000000000006,0.454011,2,71,191.453
115,MD_Winter_positive_nighttime_NEE_20241105_0500,MD,2024-11-05T10:00:00Z,28.898699999999998,-0.7300660000000001,15.468715,0,16.95500000000004,0.44019200000000003,1,69,190.142
116,MD_Winter_positive_nighttime_NEE_20241105_0530,MD,2024-11-05T10:30:00Z,15.468715,28.898699999999998,-20.414559999999998,0,16.91500000000002,0.586949,1,65,177.466
117,MD_Winter_positive_nighttime_NEE_20241105_0800,MD,2024-11-05T13:00:00Z,20.179779999999997,-3.925877,15.979571,1.83357,16.670000000000016,0.528808,1,70,194.705
118,MD_Winter_positive_nighttime_NEE_20241105_0830,MD,2024-11-05T13:30:00Z,15.979571,20.179779999999997,10.787737199999999,6.67235,16.67500000000001,0.580024,0,77,195.551
119,MD_Winter_positive_nighttime_NEE_20241105_1730,MD,2024-11-05T22:30:00Z,16.00937,-7.035990000000001,-15.711450000000001,1.82115,18.140000000000043,0.546177,1,67,188.055
120,MD_Winter_positive_nighttime_NEE_20241105_2000,MD,2024-11-06T01:00:00Z,30.640750999999998,3.5245900000000003,-29.212183,0,17.04400000000004,0.539819,0,66,189.219
121,MD_Winter_positive_nighttime_NEE_20241105_2100,MD,2024-11-06T02:00:00Z,24.18233,-29.212183,13.414705,0,16.759000000000015,0.639124,1,69,238.421
122,MD_Winter_positive_nighttime_NEE_20241105_2130,MD,2024-11-06T02:30:00Z,13.414705,24.18233,-11.53387,0,15.795000000000016,0.569636,0,67,231.852
123,MD_Winter_positive_nighttime_NEE_20241113_2130,MD,2024-11-14T02:30:00Z,30.57364,11.54043,4.59271,0,7.733000000000004,0.544991,1,80,134.864
124,MD_Winter_positive_nighttime_NEE_20241113_2230,MD,2024-11-14T03:30:00Z,21.805229999999998,4.59271,12.835819999999998,7.93878e-5,7.360000000000014,0.240163,1,77,130.58
125,MD_Winter_positive_nighttime_NEE_20241113_2300,MD,2024-11-14T04:00:00Z,12.835819999999998,21.805229999999998,-3.771977,0,6.3559999999999945,0.265288,1,68,124.808
126,MD_Winter_positive_nighttime_NEE_20241114_0000,MD,2024-11-14T05:00:00Z,13.245415000000001,-3.771977,16.3944151,2.01181e-4,5.722000000000037,0.367386,0,70,137.167
127,MD_Winter_positive_nighttime_NEE_20241114_0030,MD,2024-11-14T05:30:00Z,16.3944151,13.245415000000001,3.96049,3.20756e-4,5.7309999999999945,0.395115,1,71,120.313
128,MD_Winter_positive_nighttime_NEE_20241114_0200,MD,2024-11-14T07:00:00Z,12.46658,-51.415850000000006,24.792839999999998,5.47331e-5,5.710000000000036,0.437933,2,66,104.949
129,MD_Winter_positive_nighttime_NEE_20241114_0230,MD,2024-11-14T07:30:00Z,24.792839999999998,12.46658,12.864225,0,5.6200000000000045,0.53649,1,65,103.952
130,MD_Winter_positive_nighttime_NEE_20241114_0300,MD,2024-11-14T08:00:00Z,12.864225,24.792839999999998,-1.9614330000000002,0,5.571000000000026,0.46253,1,70,109.951
131,MD_Winter_positive_nighttime_NEE_20241114_0400,MD,2024-11-14T09:00:00Z,28.583830000000003,-1.9614330000000002,24.029850000000003,0,5.572000000000003,0.556013,0,66,109.845
132,MD_Winter_positive_nighttime_NEE_20241114_0430,MD,2024-11-14T09:30:00Z,24.029850000000003,28.583830000000003,7.01809,2.71201e-5,5.455000000000041,0.588426,1,54,106.5
133,MD_Winter_positive_nighttime_NEE_20241114_0530,MD,2024-11-14T10:30:00Z,14.310189000000001,7.01809,-4.53197,0,5.587000000000046,0.51661,1,52,107.95
134,MD_Winter_positive_nighttime_NEE_20241114_0700,MD,2024-11-14T12:00:00Z,42.767959999999995,-44.74802,0.61048792,3.67354e-5,5.6410000000000196,0.50143,1,49,111.456
135,MD_Winter_positive_nighttime_NEE_20241116_0100,MD,2024-11-16T06:00:00Z,33.66006,1.8440619999999999,9.485481,0.00134811,7.455000000000041,0.0338249,1,100,332.447
136,MD_Winter_positive_nighttime_NEE_20241116_0330,MD,2024-11-16T08:30:00Z,12.86255,6.696625,2.10279,0.00146276,7.6650000000000205,0.211524,2,100,143.597
137,MD_Winter_positive_nighttime_NEE_20241117_2230,MD,2024-11-18T03:30:00Z,70.2241,5.888529999999999,36.2261,7.92644e-4,9.329000000000008,0.146894,1,34,257.151
138,MD_Winter_positive_nighttime_NEE_20241117_2300,MD,2024-11-18T04:00:00Z,36.2261,70.2241,5.956297,9.88155e-4,9.07000000000005,0.176362,1,20,255.927
139,MD_Winter_positive_nighttime_NEE_20241118_0330,MD,2024-11-18T08:30:00Z,19.924029,1.00012,7.214554000000001,0.00158578,5.722000000000037,0.101671,1,19,191.503
140,MD_Winter_positive_nighttime_NEE_20241118_2030,MD,2024-11-19T01:30:00Z,43.07655,-8.70248,40.07373,1.35601e-5,8.2960000000000491,0.466631,1,60,109.312
141,MD_Winter_positive_nighttime_NEE_20241118_2100,MD,2024-11-19T02:00:00Z,40.07373,43.07655,-10.0532,0,8.297000000000025,0.52562,1,51,104.068
142,MD_Winter_positive_nighttime_NEE_20241118_2200,MD,2024-11-19T03:00:00Z,32.700808,-10.0532,2.130769,0,8.436000000000035,0.63103,2,62,112.856
143,MD_Winter_positive_nighttime_NEE_20241118_2300,MD,2024-11-19T04:00:00Z,19.735409999999998,2.130769,1.3973000000000004,0,8.675000000000011,0.776159,1,67,113.465
144,MD_Winter_positive_nighttime_NEE_20241119_0400,MD,2024-11-19T09:00:00Z,16.425440000000002,2.316951,12.96648,2.92896e-4,9.788000000000011,0.78651,1,98,122.02
145,MD_Winter_positive_nighttime_NEE_20241119_0430,MD,2024-11-19T09:30:00Z,12.96648,16.425440000000002,60.5683,9.2208e-5,9.934000000000026,0.771119,1,93,122.334
146,MD_Winter_positive_nighttime_NEE_20241119_0500,MD,2024-11-19T10:00:00Z,60.5683,12.96648,2.232048,0,10.006000000000029,0.735753,2,64,123.185
147,MD_Winter_positive_nighttime_NEE_20241119_0700,MD,2024-11-19T12:00:00Z,18.23041,-1.5176499999999997,-46.313219999999994,0,10.68300000000005,0.76459,1,46,125.383
148,MD_Winter_positive_nighttime_NEE_20241120_2000,MD,2024-11-21T01:00:00Z,36.69399,3.0118818,7.3024700000000005,0,3.4740000000000464,0.798351,2,88,271.162
149,MD_Winter_positive_nighttime_NEE_20241120_2130,MD,2024-11-21T02:30:00Z,18.779870000000003,1.24619,10.843122,0,3.011000000000024,0.44642,2,74,280.799
150,MD_Winter_positive_nighttime_NEE_20241121_0300,MD,2024-11-21T08:00:00Z,36.80908,-12.576912,4.7291,0,0.20100000000002183,0.391585,2,42,261.861
151,MD_Winter_positive_nighttime_NEE_20241122_2000,MD,2024-11-23T01:00:00Z,39.74171,-6.423922999999999,5.51823,0,5.90500000000003,0.48977,2,90,331.828
152,MD_Winter_positive_nighttime_NEE_20241122_2330,MD,2024-11-23T04:30:00Z,27.7501,-5.9558670000000005,4.17976,0,5.373000000000047,0.369716,1,93,322.031
153,MD_Winter_positive_nighttime_NEE_20241123_0200,MD,2024-11-23T07:00:00Z,31.8357,1.3430699999999995,1.1318800000000002,0,5.2690000000000055,0.405559,1,69,316.956
154,MD_Winter_positive_nighttime_NEE_20241124_2330,MD,2024-11-25T04:30:00Z,19.02015,5.464255,-21.78574,0,5.035000000000025,0.415974,1,90,100.422
155,MD_Winter_positive_nighttime_NEE_20241125_0200,MD,2024-11-25T07:00:00Z,41.25911,-0.026619999999999866,0.9469099999999999,0,4.344000000000051,0.441136,1,88,103.005
156,MD_Winter_positive_nighttime_NEE_20241125_0400,MD,2024-11-25T09:00:00Z,34.54511,-3.2150380000000003,-25.84534,0,4.350999999999999,0.516769,1,91,108.924
157,MD_Winter_positive_nighttime_NEE_20241125_2230,MD,2024-11-26T03:30:00Z,13.997987,9.38959,9.45116,0,3.7139999999999986,0.59881,1,78,291.698
158,MD_Winter_positive_nighttime_NEE_20241125_2330,MD,2024-11-26T04:30:00Z,24.147479999999998,9.45116,1.7449599999999998,0,3.583000000000027,0.684452,1,95,292.596
159,MD_Winter_positive_nighttime_NEE_20241215_0530,MD,2024-12-15T10:30:00Z,39.4107,NA,324.645,4.33674e-4,0.3509999999999991,0.753162,2,27,104.952
160,MD_Winter_positive_nighttime_NEE_20241215_0800,MD,2024-12-15T13:00:00Z,23.3036,-73.9507,61.50302000000001,0.0674722,0.7909999999999968,0.498647,2,32,120.86
161,MD_Winter_positive_nighttime_NEE_20241215_1700,MD,2024-12-15T22:00:00Z,18.37085,-1.964368,3.129359,5.74387,2.8420000000000414,0.201916,1,46,122.946
162,MD_Winter_positive_nighttime_NEE_20241216_0800,MD,2024-12-16T13:00:00Z,33.47197,-0.06018699999999999,-23.44451,0.0313207,5.909000000000049,0.4779,2,74,146.007
163,MD_Winter_positive_nighttime_NEE_20241216_0930,MD,2024-12-16T14:30:00Z,17.822580000000002,-10.754912000000001,-30.27872,5.97653,6.468000000000018,0.479154,1,59,151.192
164,MD_Winter_positive_nighttime_NEE_20241216_1830,MD,2024-12-16T23:30:00Z,36.684870000000004,10.74615,6.968445,0,6.895000000000039,0.626006,1,51,263.246
165,MD_Winter_positive_nighttime_NEE_20241223_2100,MD,2024-12-24T02:00:00Z,30.9452,-6.37786,1.80982,0,0.10300000000000864,0.262515,1,43,305.741
166,MD_Winter_positive_nighttime_NEE_20241226_0200,MD,2024-12-26T07:00:00Z,20.995,-2.1996000000000002,6.02017,0,-0.44899999999995543,0.234307,1,55,96.4797
167,MD_Winter_positive_nighttime_NEE_20241226_2200,MD,2024-12-27T03:00:00Z,20.9493,0.9844820000000001,9.11715,0,5.378000000000043,0.381677,2,79,138.531
168,MD_Winter_positive_nighttime_NEE_20241226_2330,MD,2024-12-27T04:30:00Z,43.186400000000006,50.92413,-47.41,0,5.275000000000034,0.379415,1,32,148.823
169,MD_Winter_positive_nighttime_NEE_20241227_0230,MD,2024-12-27T07:30:00Z,33.655052999999995,-7.00765,9.30684,0,4.7549999999999955,0.405071,1,57,136.796
170,MD_Winter_positive_nighttime_NEE_20241227_0500,MD,2024-12-27T10:00:00Z,23.23382,5.18049,3.8559,0,4.460000000000036,0.334951,0,46,125.585
171,MD_Winter_positive_nighttime_NEE_20241227_1830,MD,2024-12-27T23:30:00Z,32.28568,-2.5381300000000007,22.982,0,6.2830000000000155,0.585589,2,40,117.012
172,MD_Winter_positive_nighttime_NEE_20241227_1900,MD,2024-12-28T00:00:00Z,22.982,32.28568,70.09877999999999,0,6.235000000000014,0.546503,1,32,120.417
173,MD_Winter_positive_nighttime_NEE_20241227_2200,MD,2024-12-28T03:00:00Z,34.035012,-22.28138,-0.36904000000000003,0,6.805000000000007,0.505476,1,33,133.707
174,MD_Winter_positive_nighttime_NEE_20241228_0030,MD,2024-12-28T05:30:00Z,14.51917,7.35396,-13.31582,0,7.741000000000042,0.526228,1,37,141.65
175,MD_Winter_positive_nighttime_NEE_20241228_0230,MD,2024-12-28T07:30:00Z,26.38476,6.03343,33.244710000000005,0,9.305000000000007,0.535315,1,34,164.1
176,MD_Winter_positive_nighttime_NEE_20241228_0300,MD,2024-12-28T08:00:00Z,33.244710000000005,26.38476,8.9403,0,9.865000000000009,0.577334,1,33,180.381
177,MD_Winter_positive_nighttime_NEE_20241228_0630,MD,2024-12-28T11:30:00Z,13.83692,-8.508009999999999,-0.19923999999999964,0,9.435000000000002,0.626994,1,100,222.209
178,MD_Winter_positive_nighttime_NEE_20241230_0030,MD,2024-12-30T05:30:00Z,31.28488,7.094791,7.75032,0,2.847000000000037,0.500789,0,40,315.426
179,MD_Winter_positive_nighttime_NEE_20241230_0330,MD,2024-12-30T08:30:00Z,13.17679,-11.69056,138.15640000000002,0,2.55600000000004,0.53808,0,48,293.453
180,MD_Winter_positive_nighttime_NEE_20241230_2030,MD,2024-12-31T01:30:00Z,42.85386,1.8384099999999999,NA,0,1.9440000000000168,0.0876105,1,35,189.278
181,MD_Winter_positive_nighttime_NEE_20241230_2200,MD,2024-12-31T03:00:00Z,15.277000000000001,-7.41871,-24.7031,0,1.3420000000000414,0.0545359,0,20,187.625
