site,DateTime,NEE_raw,NEE_lag,NEE_lead,Rg,Tair,Ustar,qc_co2_flux,signal_strength,wind_dir,decision,reason
LD,1/3/25 6:00,24.215688,0.24120100000000003,0.281759,1.94771e-5,-6.114,0.439967,0,99,293.523,remove,Moderate positive winter-night NEE (24.22); immediate neighbors are low or negative (0.24/0.28); the plot shows a single threshold-exceeding excursion; signal strength is strong (99); QC flag 0; evidence remains mixed; appears to be a spike
LD,1/21/25 2:00,25.597299999999997,-22.8068,21.38129,5.47332e-5,-16.561,0.254413,1,8,270.554,remove,"Large positive winter-night NEE (25.60); sign reversal or negative neighboring flux (-22.81/21.38); the plot shows a coherent positive episode of about 2 half-hours; signal strength is very low (8); QC flag 1; combined magnitude, sign pattern, signal/QC, or surrounding instability is more consistent with an artifact than plausible respiration."
LD,1/21/25 2:30,21.38129,25.597299999999997,0.573374,0,-16.614,0.239704,1,4,273.113,remove,"Moderate positive winter-night NEE (21.38); immediate neighbors are 25.60/0.57; the plot shows a coherent positive episode of about 2 half-hours; signal strength is very low (4); QC flag 1; combined magnitude, sign pattern, signal/QC, or surrounding instability is more consistent with an artifact than plausible respiration."
LD,3/4/25 21:00,12.38267,5.3209599999999995,-5.86981,0,5.532000000000039,0.184587,0,31,121.439,keep,"Modest positive winter-night NEE (12.38); sign reversal or negative neighboring flux (5.32/-5.87); the plot shows a single threshold-exceeding excursion; signal strength is low (31); QC flag 0; u*=0.185 is at/below the provisional 0.19 review aid, so the selected U50 workflow should make the final turbulence screen; retain provisionally because low turbulence is handled by the selected U50 screening and gap-filling workflow."
LD,3/4/25 23:00,24.839,7.756454,-2.666975,0,5.532000000000039,0.277235,1,31,92.7417,remove,"Moderate positive winter-night NEE (24.84); sign reversal or negative neighboring flux (7.76/-2.67); the plot shows a single threshold-exceeding excursion; signal strength is low (31); QC flag 1; combined magnitude, sign pattern, signal/QC, or surrounding instability is more consistent with an artifact than plausible respiration."
LD,3/5/25 1:30,16.296364999999998,-36.0196,6.98715,0,5.872000000000014,0.453596,2,14,96.3053,remove,"Moderate positive winter-night NEE (16.30); sign reversal or negative neighboring flux (-36.02/6.99); the six-hour plot is unstable/extreme (approximately -36.25 to 108.64); 1 plotted flux value(s) have |NEE| > 80; signal strength is very low (14); QC flag 2; combined magnitude, sign pattern, signal/QC, or surrounding instability is more consistent with an artifact than plausible respiration."
LD,3/5/25 5:00,27.495307,108.87016,171.60751,0,6.858000000000004,0.586794,1,17,102.324,remove,"Large positive winter-night NEE (27.50); immediate neighbors are 108.87/171.61; the six-hour plot is unstable/extreme (approximately -178.91 to 171.06); 4 plotted flux value(s) have |NEE| > 80; signal strength is very low (17); QC flag 1; combined magnitude, sign pattern, signal/QC, or surrounding instability is more consistent with an artifact than plausible respiration."
LD,3/5/25 8:00,23.007869999999997,-50.3242,9.50445,7.28157,8.208000000000027,0.378261,1,NA,136.09,remove,"Moderate positive winter-night NEE (23.01); sign reversal or negative neighboring flux (-50.32/9.50); the six-hour plot is unstable/extreme (approximately -178.91 to 171.06); 3 plotted flux value(s) have |NEE| > 80; signal strength is unavailable; QC flag 1; combined magnitude, sign pattern, signal/QC, or surrounding instability is more consistent with an artifact than plausible respiration."
LD,3/5/25 19:00,30.5022258,1.94556,6.78042,1.09682,0.34700000000003683,0.889438,0,44,294.226,remove,"Large positive winter-night NEE (30.50); immediate neighbors are 1.95/6.78; the plot shows a single threshold-exceeding excursion; signal strength is low (44); QC flag 0; combined magnitude, sign pattern, signal/QC, or surrounding instability is more consistent with an artifact than plausible respiration."
LD,3/5/25 20:30,12.068539999999999,10.04842,-12.03438,0,-0.976,1.00922,1,79,295.909,keep,Modest positive winter-night NEE (12.07); sign reversal or negative neighboring flux (10.05/-12.03); the plot shows a single threshold-exceeding excursion; signal strength is strong (79); QC flag 1; plot context and diagnostics are sufficiently consistent with plausible winter nighttime respiration to retain provisionally.
LD,3/15/25 6:00,14.061325,0.55952,7.594352,0,11.811000000000035,0.254175,1,43,119.192,remove,"Modest positive winter-night NEE (14.06); immediate neighbors are 0.56/7.59; the six-hour plot is unstable/extreme (approximately -72.83 to 36.19); signal strength is low (43); QC flag 1; combined magnitude, sign pattern, signal/QC, or surrounding instability is more consistent with an artifact than plausible respiration."
LD,3/15/25 7:30,36.3594,0.59693,4.04713,0.00162696,13.258000000000038,0.528815,0,41,136.693,remove,"Very large positive winter-night NEE (36.36); immediate neighbors are low or negative (0.60/4.05); the six-hour plot is unstable/extreme (approximately -72.83 to 36.19); signal strength is low (41); QC flag 0; combined magnitude, sign pattern, signal/QC, or surrounding instability is more consistent with an artifact than plausible respiration."
LD,3/15/25 8:30,24.49009,4.04713,-6.318304,9.65123,14.237000000000023,0.518518,1,50,166.436,remove,Moderate positive winter-night NEE (24.49); immediate neighbors are low or negative (4.05/-6.32); the plot shows a single threshold-exceeding excursion; signal strength is moderate (50); QC flag 1; unstable flux pattern
LD,3/16/25 1:30,20.993769999999998,-11.940301,-5.23396,0,5.4360000000000355,0.32226,1,69,299.236,remove,Moderate positive winter-night NEE (20.99); immediate neighbors are low or negative (-11.94/-5.23); the plot shows a single threshold-exceeding excursion; signal strength is moderate (69); QC flag 1; appears to be a spike
LD,3/19/25 20:30,17.03577,-4.6422871,1.27597,0.0845879,15.950000000000045,0.603893,1,85,183.996,keep,Moderate positive winter-night NEE (17.04); immediate neighbors are low or negative (-4.64/1.28); the plot shows a single threshold-exceeding excursion; signal strength is strong (85); QC flag 1; plot context and diagnostics are sufficiently consistent with plausible winter nighttime respiration to retain provisionally.
LD,3/19/25 21:30,28.05869,1.27597,-0.5591697,0,14.867999999999995,0.512933,1,77,149.435,remove,"Large positive winter-night NEE (28.06); immediate neighbors are low or negative (1.28/-0.56); the plot shows a single threshold-exceeding excursion; signal strength is strong (77); QC flag 1; combined magnitude, sign pattern, signal/QC, or surrounding instability is more consistent with an artifact than plausible respiration."
LD,3/22/25 0:30,32.059000000000005,6.109775,44.480599999999995,0,7.480000000000018,0.513231,1,78,237.925,remove,"Large positive winter-night NEE (32.06); immediate neighbors are 6.11/44.48; the plot shows a coherent positive episode of about 2 half-hours; signal strength is strong (78); QC flag 1; combined magnitude, sign pattern, signal/QC, or surrounding instability is more consistent with an artifact than plausible respiration."
LD,3/22/25 1:00,44.480599999999995,32.059000000000005,-1.68785,4.43783e-6,6.314999999999998,0.414246,1,51,243.127,remove,"Very large positive winter-night NEE (44.48); sign reversal or negative neighboring flux (32.06/-1.69); the plot shows a coherent positive episode of about 2 half-hours; signal strength is moderate (51); QC flag 1; combined magnitude, sign pattern, signal/QC, or surrounding instability is more consistent with an artifact than plausible respiration."
LD,3/30/25 8:30,37.3292,1.3110548000000002,-32.66185,7.27234,3.7480000000000473,0.235646,1,6,90.0353,remove,"Very large positive winter-night NEE (37.33); immediate neighbors are low or negative (1.31/-32.66); the plot contains sparse surrounding data; signal strength is very low (6); QC flag 1; combined magnitude, sign pattern, signal/QC, or surrounding instability is more consistent with an artifact than plausible respiration."
LD,3/30/25 19:00,22.773743,-45.55705,-33.14554,1.98056,13.772000000000048,0.569716,0,28,208.834,remove,"Moderate positive winter-night NEE (22.77); immediate neighbors are low or negative (-45.56/-33.15); the six-hour plot is unstable/extreme (approximately -45.67 to 22.67); signal strength is low (28); QC flag 0; combined magnitude, sign pattern, signal/QC, or surrounding instability is more consistent with an artifact than plausible respiration."
LD,3/31/25 6:00,16.115173,9.469567,1.13359,0,0.17200000000002547,0.563565,1,94,295.614,keep,Moderate positive winter-night NEE (16.12); immediate neighbors are 9.47/1.13; the plot shows a single threshold-exceeding excursion; signal strength is strong (94); QC flag 1; plot context and diagnostics are sufficiently consistent with plausible winter nighttime respiration to retain provisionally.
LD,11/2/25 1:30,16.052410000000002,2.2318116,-7.9108,3.52067e-4,0.5460000000000491,0.0851334,1,39,135.365,keep,"Moderate positive winter-night NEE (16.05); immediate neighbors are low or negative (2.23/-7.91); the six-hour plot is unstable/extreme (approximately -8.04 to 73.18); signal strength is low (39); QC flag 1; u*=0.085 is at/below the provisional 0.19 review aid, so the selected U50 workflow should make the final turbulence screen; retain provisionally because low turbulence is handled by the selected U50 screening and gap-filling workflow."
LD,11/2/25 4:00,21.16778,10.50126,13.628241,0,-0.688,0.14536,1,17,274.614,keep,"Moderate positive winter-night NEE (21.17); immediate neighbors are 10.50/13.63; the six-hour plot is unstable/extreme (approximately -37.39 to 73.13); signal strength is very low (17); QC flag 1; u*=0.145 is at/below the provisional 0.19 review aid, so the selected U50 workflow should make the final turbulence screen; retain provisionally because low turbulence is handled by the selected U50 screening and gap-filling workflow."
LD,11/2/25 4:30,13.628241,21.16778,-1.390008,0,-0.274,0.0944334,2,20,254.139,keep,"Modest positive winter-night NEE (13.63); sign reversal or negative neighboring flux (21.17/-1.39); the six-hour plot is unstable/extreme (approximately -37.39 to 73.13); signal strength is low (20); QC flag 2; u*=0.094 is at/below the provisional 0.19 review aid, so the selected U50 workflow should make the final turbulence screen; retain provisionally because low turbulence is handled by the selected U50 screening and gap-filling workflow."
LD,11/7/25 3:00,18.371769999999998,-60.81392,0.8609900000000001,0,7.590000000000032,0.401244,2,60,171.191,remove,"Moderate positive winter-night NEE (18.37); immediate neighbors are low or negative (-60.81/0.86); the six-hour plot is unstable/extreme (approximately -60.94 to 18.35); signal strength is moderate (60); QC flag 2; combined magnitude, sign pattern, signal/QC, or surrounding instability is more consistent with an artifact than plausible respiration."
LD,11/7/25 5:00,18.46849,6.14453,1.9248300000000003,1.13411e-5,5.876000000000033,0.246615,0,25,169.628,remove,"Moderate positive winter-night NEE (18.47); immediate neighbors are 6.14/1.92; the six-hour plot is unstable/extreme (approximately -60.94 to 18.35); signal strength is low (25); QC flag 0; combined magnitude, sign pattern, signal/QC, or surrounding instability is more consistent with an artifact than plausible respiration."
LD,11/7/25 19:30,16.031691,2.985908,20.32564,0,9.210000000000036,0.420466,1,100,304.248,keep,Moderate positive winter-night NEE (16.03); immediate neighbors are 2.99/20.33; the plot shows a coherent positive episode of about 2 half-hours; signal strength is strong (100); QC flag 1; plot context and diagnostics are sufficiently consistent with plausible winter nighttime respiration to retain provisionally.
LD,11/7/25 20:00,20.32564,16.031691,5.52262,0,8.600000000000023,0.392403,1,71,306.614,keep,Moderate positive winter-night NEE (20.33); immediate neighbors are 16.03/5.52; the plot shows a coherent positive episode of about 2 half-hours; signal strength is strong (71); QC flag 1; plot context and diagnostics are sufficiently consistent with plausible winter nighttime respiration to retain provisionally.
LD,11/11/25 5:00,12.404879999999999,0.9271699999999998,-0.14527,1.2919e-4,-1.197,0.214637,1,97,238.719,keep,Modest positive winter-night NEE (12.40); immediate neighbors are low or negative (0.93/-0.15); the plot shows a single threshold-exceeding excursion; signal strength is strong (97); QC flag 1; plot context and diagnostics are sufficiently consistent with plausible winter nighttime respiration to retain provisionally.
LD,11/22/25 2:30,28.73136,56.44669999999999,0.9569390000000001,0,-2.47,0.0745524,1,20,107.158,keep,"Large positive winter-night NEE (28.73); immediate neighbors are 56.45/0.96; the plot shows a coherent positive episode of about 2 half-hours; signal strength is low (20); QC flag 1; u*=0.075 is at/below the provisional 0.19 review aid, so the selected U50 workflow should make the final turbulence screen; retain provisionally because low turbulence is handled by the selected U50 screening and gap-filling workflow."
LD,11/22/25 7:30,13.1488,NA,-3.063713,0.142994,-3.802,0.0448125,2,13,206.588,keep,"Modest positive winter-night NEE (13.15); the plot contains sparse surrounding data; signal strength is very low (13); QC flag 2; u*=0.045 is at/below the provisional 0.19 review aid, so the selected U50 workflow should make the final turbulence screen; retain provisionally because low turbulence is handled by the selected U50 screening and gap-filling workflow."
LD,11/22/25 17:30,15.62076,1.0879861999999998,-0.329981,0.714618,4.6299999999999955,0.268765,2,87,209.835,remove,Moderate positive winter-night NEE (15.62); immediate neighbors are low or negative (1.09/-0.33); the plot shows a single threshold-exceeding excursion; signal strength is strong (87); QC flag 2; appears to be a spike
LD,11/24/25 22:00,13.35604,3.596682,-1.06055,0,7.057000000000016,0.328548,1,87,157.347,keep,Modest positive winter-night NEE (13.36); immediate neighbors are low or negative (3.60/-1.06); the plot shows a single threshold-exceeding excursion; signal strength is strong (87); QC flag 1; plot context and diagnostics are sufficiently consistent with plausible winter nighttime respiration to retain provisionally.
LD,11/25/25 8:00,12.518740000000001,1.874346,1.1969499999999993,0.697486,6.420000000000016,0.162633,1,94,101.486,keep,"Modest positive winter-night NEE (12.52); immediate neighbors are low or negative (1.87/1.20); the plot shows a single threshold-exceeding excursion; signal strength is strong (94); QC flag 1; u*=0.163 is at/below the provisional 0.19 review aid, so the selected U50 workflow should make the final turbulence screen; retain provisionally because low turbulence is handled by the selected U50 screening and gap-filling workflow."
LD,11/26/25 2:30,43.205,-119.3805,-40.0326,0,8.783000000000015,0.58198,2,49,196.238,remove,"Very large positive winter-night NEE (43.20); immediate neighbors are low or negative (-119.38/-40.03); the six-hour plot is unstable/extreme (approximately -119.70 to 86.18); 2 plotted flux value(s) have |NEE| > 80; signal strength is low (49); QC flag 2; combined magnitude, sign pattern, signal/QC, or surrounding instability is more consistent with an artifact than plausible respiration."
LD,11/26/25 3:30,36.62916,-40.0326,-1.43988,0,5.347000000000037,0.676672,1,70,243.428,remove,"Very large positive winter-night NEE (36.63); immediate neighbors are low or negative (-40.03/-1.44); the six-hour plot is unstable/extreme (approximately -119.70 to 86.18); 2 plotted flux value(s) have |NEE| > 80; signal strength is strong (70); QC flag 1; combined magnitude, sign pattern, signal/QC, or surrounding instability is more consistent with an artifact than plausible respiration."
LD,11/26/25 8:00,26.56942,-0.607262,29.73896,0.368491,2.180000000000007,0.916894,2,90,222.023,remove,"Large positive winter-night NEE (26.57); sign reversal or negative neighboring flux (-0.61/29.74); the six-hour plot is unstable/extreme (approximately -11.05 to 104.04); 1 plotted flux value(s) have |NEE| > 80; signal strength is strong (90); QC flag 2; combined magnitude, sign pattern, signal/QC, or surrounding instability is more consistent with an artifact than plausible respiration."
LD,11/26/25 8:30,29.73896,26.56942,7.845470000000001,5.81328,1.9430000000000405,0.808745,0,66,224.176,remove,"Large positive winter-night NEE (29.74); immediate neighbors are 26.57/7.85; the six-hour plot is unstable/extreme (approximately -11.05 to 104.04); 1 plotted flux value(s) have |NEE| > 80; signal strength is moderate (66); QC flag 0; combined magnitude, sign pattern, signal/QC, or surrounding instability is more consistent with an artifact than plausible respiration."
LD,12/10/25 0:00,20.433660000000003,-48.6816,2.0466000000000015,1.19821e-4,-0.596,0.25145,2,11,112.708,remove,"Moderate positive winter-night NEE (20.43); immediate neighbors are low or negative (-48.68/2.05); the six-hour plot is unstable/extreme (approximately -124.90 to 28.07); 2 plotted flux value(s) have |NEE| > 80; signal strength is very low (11); QC flag 2; combined magnitude, sign pattern, signal/QC, or surrounding instability is more consistent with an artifact than plausible respiration."
LD,12/10/25 1:00,28.3082,2.0466000000000015,12.871005,4.3392e-5,-0.249,0.293844,2,2,114.262,remove,"Large positive winter-night NEE (28.31); immediate neighbors are 2.05/12.87; the six-hour plot is unstable/extreme (approximately -124.90 to 28.07); 2 plotted flux value(s) have |NEE| > 80; signal strength is very low (2); QC flag 2; combined magnitude, sign pattern, signal/QC, or surrounding instability is more consistent with an artifact than plausible respiration."
LD,12/10/25 1:30,12.871005,28.3082,-67.49682,4.0187e-5,-0.039,0.329539,0,15,118.539,remove,"Modest positive winter-night NEE (12.87); sign reversal or negative neighboring flux (28.31/-67.50); the six-hour plot is unstable/extreme (approximately -124.90 to 28.07); 2 plotted flux value(s) have |NEE| > 80; signal strength is very low (15); QC flag 0; combined magnitude, sign pattern, signal/QC, or surrounding instability is more consistent with an artifact than plausible respiration."
LD,12/10/25 3:30,21.498,-111.8605,NA,0,0.036000000000001364,0.295269,2,34,114.882,remove,"Moderate positive winter-night NEE (21.50); the plot contains sparse surrounding data; signal strength is low (34); QC flag 2; combined magnitude, sign pattern, signal/QC, or surrounding instability is more consistent with an artifact than plausible respiration."
LD,12/18/25 5:30,28.916230000000002,1.1765743,49.175200000000004,0,3.6370000000000005,0.406214,1,91,144.264,remove,"Large positive winter-night NEE (28.92); immediate neighbors are 1.18/49.18; the plot shows a coherent positive episode of about 2 half-hours; signal strength is strong (91); QC flag 1; combined magnitude, sign pattern, signal/QC, or surrounding instability is more consistent with an artifact than plausible respiration."
LD,12/18/25 6:00,49.175200000000004,28.916230000000002,-26.20184,0,3.7030000000000314,0.457448,1,68,141.705,remove,"Very large positive winter-night NEE (49.18); sign reversal or negative neighboring flux (28.92/-26.20); the six-hour plot is unstable/extreme (approximately -50.04 to 55.53); signal strength is moderate (68); QC flag 1; combined magnitude, sign pattern, signal/QC, or surrounding instability is more consistent with an artifact than plausible respiration."
LD,12/18/25 8:00,22.22207,55.69837,-4.00729,0.0910207,4.386000000000024,0.649698,1,37,168.06,remove,"Moderate positive winter-night NEE (22.22); sign reversal or negative neighboring flux (55.70/-4.01); the six-hour plot is unstable/extreme (approximately -50.04 to 55.53); signal strength is low (37); QC flag 1; combined magnitude, sign pattern, signal/QC, or surrounding instability is more consistent with an artifact than plausible respiration."
LD,12/18/25 18:30,140.81118999999998,-12.76542,24.72197,0,6.165999999999997,0.700059,1,63,252.392,remove,"Extreme positive winter-night NEE (140.81); sign reversal or negative neighboring flux (-12.77/24.72); the six-hour plot is unstable/extreme (approximately -54.87 to 140.50); 1 plotted flux value(s) have |NEE| > 80; signal strength is moderate (63); QC flag 1; combined magnitude, sign pattern, signal/QC, or surrounding instability is more consistent with an artifact than plausible respiration."
LD,12/18/25 19:00,24.72197,140.81118999999998,6.1221211,0,3.8740000000000236,0.516659,1,49,261.448,remove,"Moderate positive winter-night NEE (24.72); immediate neighbors are 140.81/6.12; the six-hour plot is unstable/extreme (approximately -102.36 to 140.43); 2 plotted flux value(s) have |NEE| > 80; signal strength is low (49); QC flag 1; combined magnitude, sign pattern, signal/QC, or surrounding instability is more consistent with an artifact than plausible respiration."
LD,12/22/25 22:30,42.14898,68.1624,-16.36978,0,2.365000000000009,0.385466,1,83,142.153,remove,"Very large positive winter-night NEE (42.15); sign reversal or negative neighboring flux (68.16/-16.37); the six-hour plot is unstable/extreme (approximately -18.78 to 68.03); signal strength is strong (83); QC flag 1; combined magnitude, sign pattern, signal/QC, or surrounding instability is more consistent with an artifact than plausible respiration."
LD,12/23/25 1:30,22.42299,-18.637286,25.780230000000003,0,1.6820000000000164,0.203836,2,81,140.397,keep,Moderate positive winter-night NEE (22.42); sign reversal or negative neighboring flux (-18.64/25.78); the plot shows a coherent positive episode of about 2 half-hours; signal strength is strong (81); QC flag 2; evidence remains mixed; appearst to be a burst
LD,12/23/25 2:00,25.780230000000003,22.42299,2.92754,0,1.4770000000000323,0.172746,1,59,130.852,keep,"Large positive winter-night NEE (25.78); immediate neighbors are 22.42/2.93; the plot shows a coherent positive episode of about 2 half-hours; signal strength is moderate (59); QC flag 1; u*=0.173 is at/below the provisional 0.19 review aid, so the selected U50 workflow should make the final turbulence screen; retain provisionally because low turbulence is handled by the selected U50 screening and gap-filling workflow."
LD,12/26/25 5:00,47.4594,-24.81697,6.421273,0,-1.146,0.524363,0,24,94.3839,remove,"Very large positive winter-night NEE (47.46); sign reversal or negative neighboring flux (-24.82/6.42); the plot shows a single threshold-exceeding excursion; signal strength is low (24); QC flag 0; combined magnitude, sign pattern, signal/QC, or surrounding instability is more consistent with an artifact than plausible respiration."
LD,12/26/25 17:30,15.007900000000001,0.8761999999999999,7.454980000000001,2.46603,0.3210000000000264,0.168464,2,7,271.375,keep,"Moderate positive winter-night NEE (15.01); immediate neighbors are 0.88/7.45; the plot shows a single threshold-exceeding excursion; signal strength is very low (7); QC flag 2; u*=0.168 is at/below the provisional 0.19 review aid, so the selected U50 workflow should make the final turbulence screen; retain provisionally because low turbulence is handled by the selected U50 screening and gap-filling workflow."
LD,12/28/25 2:00,36.68267,5.869118,18.91942,0,-0.177,0.401682,2,94,97.4514,remove,Very large positive winter-night NEE (36.68); immediate neighbors are 5.87/18.92; the plot shows a coherent positive episode of about 2 half-hours; signal strength is strong (94); QC flag 2; evidence remains mixed; appears to be a spike
LD,12/28/25 2:30,18.91942,36.68267,-8.08376,0,-0.224,0.439623,1,61,97.4269,keep,Moderate positive winter-night NEE (18.92); sign reversal or negative neighboring flux (36.68/-8.08); the plot shows a coherent positive episode of about 2 half-hours; signal strength is moderate (61); QC flag 1; plot context and diagnostics are sufficiently consistent with plausible winter nighttime respiration to retain provisionally.
LD,12/28/25 23:00,26.186149999999998,-25.47,23.62372,0,2.7549999999999955,1.03059,2,80,257.175,remove,"Large positive winter-night NEE (26.19); sign reversal or negative neighboring flux (-25.47/23.62); the six-hour plot is unstable/extreme (approximately -25.66 to 94.82); 1 plotted flux value(s) have |NEE| > 80; signal strength is strong (80); QC flag 2; combined magnitude, sign pattern, signal/QC, or surrounding instability is more consistent with an artifact than plausible respiration."
LD,12/28/25 23:30,23.62372,26.186149999999998,-1.07129,0,1.632000000000005,1.3993,1,69,256.85,remove,"Moderate positive winter-night NEE (23.62); sign reversal or negative neighboring flux (26.19/-1.07); the six-hour plot is unstable/extreme (approximately -25.81 to 187.98); 2 plotted flux value(s) have |NEE| > 80; signal strength is moderate (69); QC flag 1; combined magnitude, sign pattern, signal/QC, or surrounding instability is more consistent with an artifact than plausible respiration."
LD,12/29/25 0:30,30.186367,-1.07129,95.00610999999999,0,0.7259999999999991,0.772338,1,56,255.1,remove,"Large positive winter-night NEE (30.19); sign reversal or negative neighboring flux (-1.07/95.01); the six-hour plot is unstable/extreme (approximately -25.81 to 187.98); 2 plotted flux value(s) have |NEE| > 80; signal strength is moderate (56); QC flag 1; combined magnitude, sign pattern, signal/QC, or surrounding instability is more consistent with an artifact than plausible respiration."
LD,12/29/25 2:00,32.0949,95.00610999999999,188.30897199999998,0,0.7010000000000218,0.935407,1,68,252.2,remove,"Large positive winter-night NEE (32.09); immediate neighbors are 95.01/188.31; the plot contains sparse surrounding data; signal strength is moderate (68); QC flag 1; combined magnitude, sign pattern, signal/QC, or surrounding instability is more consistent with an artifact than plausible respiration."
LD,12/30/25 21:30,23.455689999999997,2.574188,-16.5276,0.00125738,-7.512,0.109258,1,93,239.118,keep,"Moderate positive winter-night NEE (23.46); immediate neighbors are low or negative (2.57/-16.53); the plot shows a single threshold-exceeding excursion; signal strength is strong (93); QC flag 1; u*=0.109 is at/below the provisional 0.19 review aid, so the selected U50 workflow should make the final turbulence screen; retain provisionally because low turbulence is handled by the selected U50 screening and gap-filling workflow."
LD,12/30/25 22:30,32.70479,-16.5276,-3.67741,0.00116517,-7.455,0.105335,2,14,223.888,keep,"Large positive winter-night NEE (32.70); immediate neighbors are low or negative (-16.53/-3.68); the plot shows a single threshold-exceeding excursion; signal strength is very low (14); QC flag 2; u*=0.105 is at/below the provisional 0.19 review aid, so the selected U50 workflow should make the final turbulence screen; retain provisionally because low turbulence is handled by the selected U50 screening and gap-filling workflow."
LD,12/30/25 23:30,20.12826,-3.67741,24.33886,7.69222e-4,-7.53,0.0839698,1,4,232.192,keep,"Moderate positive winter-night NEE (20.13); sign reversal or negative neighboring flux (-3.68/24.34); the plot shows a coherent positive episode of about 2 half-hours; signal strength is very low (4); QC flag 1; u*=0.084 is at/below the provisional 0.19 review aid, so the selected U50 workflow should make the final turbulence screen; retain provisionally because low turbulence is handled by the selected U50 screening and gap-filling workflow."
LD,12/31/25 0:00,24.33886,20.12826,2.2034569999999998,9.91113e-4,-7.659,0.0532089,1,NA,228.525,keep,"Moderate positive winter-night NEE (24.34); immediate neighbors are 20.13/2.20; the plot shows a coherent positive episode of about 2 half-hours; signal strength is unavailable; QC flag 1; u*=0.053 is at/below the provisional 0.19 review aid, so the selected U50 workflow should make the final turbulence screen; retain provisionally because low turbulence is handled by the selected U50 screening and gap-filling workflow."
LD,12/31/25 1:00,13.15551,2.2034569999999998,-6.68859,4.86188e-4,-7.51,0.211508,1,NA,274.288,keep,Modest positive winter-night NEE (13.16); immediate neighbors are low or negative (2.20/-6.69); the plot shows a single threshold-exceeding excursion; signal strength is unavailable; QC flag 1; evidence remains mixed; sustained positive fluxes
LD,12/31/25 17:30,22.111414,11.460141,-0.085677,1.90677,-5.234,0.525869,0,100,312.019,keep,Moderate positive winter-night NEE (22.11); sign reversal or negative neighboring flux (11.46/-0.09); the plot shows a single threshold-exceeding excursion; signal strength is strong (100); QC flag 0; plot context and diagnostics are sufficiently consistent with plausible winter nighttime respiration to retain provisionally.
MD,1/12/25 19:30,27.960119,-3.61972,10.0659,3.09415e-4,0.36100000000004684,0.505824,1,29,220.145,remove,"Large positive winter-night NEE (27.96); sign reversal or negative neighboring flux (-3.62/10.07); the plot shows a single threshold-exceeding excursion; signal strength is low (29); QC flag 1; combined magnitude, sign pattern, signal/QC, or surrounding instability is more consistent with an artifact than plausible respiration."
MD,2/3/25 4:00,14.855419999999999,0.49682139999999997,4.24721,0,0.9020000000000437,0.0972601,1,98,165.839,keep,"Modest positive winter-night NEE (14.86); immediate neighbors are low or negative (0.50/4.25); the plot shows a single threshold-exceeding excursion; signal strength is strong (98); QC flag 1; u*=0.097 is at/below the provisional 0.19 review aid, so the selected U50 workflow should make the final turbulence screen; retain provisionally because low turbulence is handled by the selected U50 screening and gap-filling workflow."
MD,2/3/25 7:00,24.82351,0.9728400000000006,15.171579999999999,0,0.8350000000000364,0.133983,0,29,95.6214,keep,"Moderate positive winter-night NEE (24.82); immediate neighbors are 0.97/15.17; the plot shows a coherent positive episode of about 2 half-hours; signal strength is low (29); QC flag 0; u*=0.134 is at/below the provisional 0.19 review aid, so the selected U50 workflow should make the final turbulence screen; retain provisionally because low turbulence is handled by the selected U50 screening and gap-filling workflow."
MD,2/3/25 7:30,15.171579999999999,24.82351,3.52318,9.91853e-4,0.9830000000000041,0.17778,1,16,98.3389,keep,"Moderate positive winter-night NEE (15.17); immediate neighbors are 24.82/3.52; the plot shows a coherent positive episode of about 2 half-hours; signal strength is very low (16); QC flag 1; u*=0.178 is at/below the provisional 0.19 review aid, so the selected U50 workflow should make the final turbulence screen; retain provisionally because low turbulence is handled by the selected U50 screening and gap-filling workflow."
MD,2/6/25 5:00,22.101299999999995,-55.6802,NA,4.36386e-5,-5.826,0.111032,0,0,87.074,keep,"Moderate positive winter-night NEE (22.10); the plot contains sparse surrounding data; signal strength is very low (0); QC flag 0; u*=0.111 is at/below the provisional 0.19 review aid, so the selected U50 workflow should make the final turbulence screen; retain provisionally because low turbulence is handled by the selected U50 screening and gap-filling workflow."
MD,2/16/25 0:00,12.28902,1.6988290000000001,1.6914999999999996,2.82542e-4,-4.461,0.258664,2,82,9.21825,keep,Modest positive winter-night NEE (12.29); immediate neighbors are low or negative (1.70/1.69); the plot shows a single threshold-exceeding excursion; signal strength is strong (82); QC flag 2; plot context and diagnostics are sufficiently consistent with plausible winter nighttime respiration to retain provisionally.
MD,2/16/25 1:00,12.64268,1.6914999999999996,5.91331,1.15876e-4,-4.408,0.353902,2,39,14.1652,keep,Modest positive winter-night NEE (12.64); immediate neighbors are 1.69/5.91; the plot shows a single threshold-exceeding excursion; signal strength is low (39); QC flag 2; evidence remains mixed; sustained positive fluxees
MD,2/17/25 22:00,18.04465,8.034875,16.3953,3.10647e-5,-16.285,0.215586,1,68,239.072,keep,Moderate positive winter-night NEE (18.04); immediate neighbors are 8.03/16.40; the plot shows a coherent positive episode of about 2 half-hours; signal strength is moderate (68); QC flag 1; plot context and diagnostics are sufficiently consistent with plausible winter nighttime respiration to retain provisionally.
MD,2/17/25 22:30,16.3953,18.04465,2.8022899999999997,4.6104e-5,-16.406,0.233441,1,58,250.557,keep,Moderate positive winter-night NEE (16.40); immediate neighbors are 18.04/2.80; the plot shows a coherent positive episode of about 2 half-hours; signal strength is moderate (58); QC flag 1; plot context and diagnostics are sufficiently consistent with plausible winter nighttime respiration to retain provisionally.
MD,2/27/25 6:30,22.47177,0.2555470000000001,10.98503,0,0.8840000000000146,0.347828,2,55,255.212,remove,Moderate positive winter-night NEE (22.47); immediate neighbors are 0.26/10.99; the plot shows a single threshold-exceeding excursion; signal strength is moderate (55); QC flag 2; evidence remains mixed; appears to be a spike
MD,3/4/25 4:30,12.75379,0.889235,-2.0728,0,3.2690000000000055,0.265483,2,86,184.424,keep,Modest positive winter-night NEE (12.75); immediate neighbors are low or negative (0.89/-2.07); the plot shows a single threshold-exceeding excursion; signal strength is strong (86); QC flag 2; plot context and diagnostics are sufficiently consistent with plausible winter nighttime respiration to retain provisionally.
MD,3/4/25 19:30,29.366560000000003,8.2952,-7.4894,7.62566e-4,5.835000000000036,0.269679,1,44,123.805,remove,"Large positive winter-night NEE (29.37); sign reversal or negative neighboring flux (8.30/-7.49); the six-hour plot is unstable/extreme (approximately -47.34 to 49.48); signal strength is low (44); QC flag 1; combined magnitude, sign pattern, signal/QC, or surrounding instability is more consistent with an artifact than plausible respiration."
MD,3/4/25 21:00,42.89065,-4.86127,-47.18595,0,5.532000000000039,0.32515,0,37,136.276,remove,"Very large positive winter-night NEE (42.89); immediate neighbors are low or negative (-4.86/-47.19); the six-hour plot is unstable/extreme (approximately -47.33 to 42.75); signal strength is low (37); QC flag 0; combined magnitude, sign pattern, signal/QC, or surrounding instability is more consistent with an artifact than plausible respiration."
MD,3/4/25 22:30,29.45759,4.171481999999999,11.74042,0,5.349000000000046,0.393107,1,40,114.959,remove,"Large positive winter-night NEE (29.46); immediate neighbors are 4.17/11.74; the six-hour plot is unstable/extreme (approximately -47.33 to 42.75); signal strength is low (40); QC flag 1; combined magnitude, sign pattern, signal/QC, or surrounding instability is more consistent with an artifact than plausible respiration."
MD,3/4/25 23:30,23.744590000000002,11.74042,32.04079,0,5.692000000000007,0.531537,1,48,112.073,remove,"Moderate positive winter-night NEE (23.74); immediate neighbors are 11.74/32.04; the six-hour plot is unstable/extreme (approximately -47.33 to 42.75); signal strength is low (48); QC flag 1; combined magnitude, sign pattern, signal/QC, or surrounding instability is more consistent with an artifact than plausible respiration."
MD,3/5/25 0:00,32.04079,23.744590000000002,16.24572,0,5.814999999999998,0.541677,1,37,114.017,remove,"Large positive winter-night NEE (32.04); immediate neighbors are 23.74/16.25; the six-hour plot is unstable/extreme (approximately -47.33 to 36.12); signal strength is low (37); QC flag 1; combined magnitude, sign pattern, signal/QC, or surrounding instability is more consistent with an artifact than plausible respiration."
MD,3/5/25 0:30,16.24572,32.04079,-23.56598,0,5.7590000000000146,0.581778,1,27,115.537,remove,"Moderate positive winter-night NEE (16.25); sign reversal or negative neighboring flux (32.04/-23.57); the plot shows a coherent positive episode of about 3 half-hours; signal strength is low (27); QC flag 1; combined magnitude, sign pattern, signal/QC, or surrounding instability is more consistent with an artifact than plausible respiration."
MD,3/5/25 2:00,36.264989,-15.665211,-7.21763,0,5.910000000000025,0.672692,1,26,108.532,remove,"Very large positive winter-night NEE (36.26); immediate neighbors are low or negative (-15.67/-7.22); the six-hour plot is unstable/extreme (approximately -93.86 to 36.06); 1 plotted flux value(s) have |NEE| > 80; signal strength is low (26); QC flag 1; combined magnitude, sign pattern, signal/QC, or surrounding instability is more consistent with an artifact than plausible respiration."
MD,3/5/25 3:00,33.2121,-7.21763,1.51818,0,6.485000000000014,0.69557,0,28,113.847,remove,"Large positive winter-night NEE (33.21); immediate neighbors are low or negative (-7.22/1.52); the six-hour plot is unstable/extreme (approximately -93.86 to 36.06); 1 plotted flux value(s) have |NEE| > 80; signal strength is low (28); QC flag 0; combined magnitude, sign pattern, signal/QC, or surrounding instability is more consistent with an artifact than plausible respiration."
MD,3/5/25 6:30,31.2581,-24.6234,-18.77897,0,7.748000000000047,0.77344,1,36,134.815,remove,"Large positive winter-night NEE (31.26); immediate neighbors are low or negative (-24.62/-18.78); the six-hour plot is unstable/extreme (approximately -93.87 to 31.07); 1 plotted flux value(s) have |NEE| > 80; signal strength is low (36); QC flag 1; combined magnitude, sign pattern, signal/QC, or surrounding instability is more consistent with an artifact than plausible respiration."
MD,3/5/25 18:30,14.656659999999999,46.76454,-22.93012,9.74396,1.8420000000000414,0.742106,1,61,306.801,keep,Modest positive winter-night NEE (14.66); sign reversal or negative neighboring flux (46.76/-22.93); the plot shows a coherent positive episode of about 2 half-hours; signal strength is moderate (61); QC flag 1; plot context and diagnostics are sufficiently consistent with plausible winter nighttime respiration to retain provisionally.
MD,11/1/25 5:30,19.30415,-15.19668,21.73888,0,0.6020000000000323,0.0528071,1,26,90.1736,keep,"Moderate positive winter-night NEE (19.30); sign reversal or negative neighboring flux (-15.20/21.74); the plot shows a coherent positive episode of about 2 half-hours; signal strength is low (26); QC flag 1; u*=0.053 is at/below the provisional 0.19 review aid, so the selected U50 workflow should make the final turbulence screen; retain provisionally because low turbulence is handled by the selected U50 screening and gap-filling workflow."
MD,11/1/25 6:00,21.73888,19.30415,4.39772,0,0.25499999999999545,0.0741526,1,25,38.356,keep,"Moderate positive winter-night NEE (21.74); immediate neighbors are 19.30/4.40; the plot shows a coherent positive episode of about 2 half-hours; signal strength is low (25); QC flag 1; u*=0.074 is at/below the provisional 0.19 review aid, so the selected U50 workflow should make the final turbulence screen; retain provisionally because low turbulence is handled by the selected U50 screening and gap-filling workflow."
MD,11/2/25 3:30,17.151,-18.5596,15.180109999999999,0,-1.541,0.0462585,1,20,310.249,keep,"Moderate positive winter-night NEE (17.15); sign reversal or negative neighboring flux (-18.56/15.18); the plot shows a coherent positive episode of about 4 half-hours; signal strength is low (20); QC flag 1; u*=0.046 is at/below the provisional 0.19 review aid, so the selected U50 workflow should make the final turbulence screen; retain provisionally because low turbulence is handled by the selected U50 screening and gap-filling workflow."
MD,11/2/25 4:00,15.180109999999999,17.151,22.041600000000003,0,-0.688,0.0634476,1,20,300.54,keep,"Moderate positive winter-night NEE (15.18); immediate neighbors are 17.15/22.04; the plot shows a coherent positive episode of about 4 half-hours; signal strength is low (20); QC flag 1; u*=0.063 is at/below the provisional 0.19 review aid, so the selected U50 workflow should make the final turbulence screen; retain provisionally because low turbulence is handled by the selected U50 screening and gap-filling workflow."
MD,11/2/25 4:30,22.041600000000003,15.180109999999999,15.706119999999999,0,-0.274,0.0932827,1,20,352.317,keep,"Moderate positive winter-night NEE (22.04); immediate neighbors are 15.18/15.71; the plot shows a coherent positive episode of about 4 half-hours; signal strength is low (20); QC flag 1; u*=0.093 is at/below the provisional 0.19 review aid, so the selected U50 workflow should make the final turbulence screen; retain provisionally because low turbulence is handled by the selected U50 screening and gap-filling workflow."
MD,11/2/25 5:00,15.706119999999999,22.041600000000003,-28.00328,0,-0.474,0.0935757,2,20,11.1326,keep,"Moderate positive winter-night NEE (15.71); sign reversal or negative neighboring flux (22.04/-28.00); the plot shows a coherent positive episode of about 4 half-hours; signal strength is low (20); QC flag 2; u*=0.094 is at/below the provisional 0.19 review aid, so the selected U50 workflow should make the final turbulence screen; retain provisionally because low turbulence is handled by the selected U50 screening and gap-filling workflow."
MD,11/7/25 3:00,14.40483,-15.8542,-18.50859,0,7.590000000000032,0.452738,0,85,185.147,keep,Modest positive winter-night NEE (14.40); immediate neighbors are low or negative (-15.85/-18.51); the plot shows a single threshold-exceeding excursion; signal strength is strong (85); QC flag 0; plot context and diagnostics are sufficiently consistent with plausible winter nighttime respiration to retain provisionally.
MD,11/7/25 4:30,12.32741,5.3822,-10.50771,0,5.786000000000001,0.164492,0,38,222.496,keep,"Modest positive winter-night NEE (12.33); sign reversal or negative neighboring flux (5.38/-10.51); the plot shows a single threshold-exceeding excursion; signal strength is low (38); QC flag 0; u*=0.164 is at/below the provisional 0.19 review aid, so the selected U50 workflow should make the final turbulence screen; retain provisionally because low turbulence is handled by the selected U50 screening and gap-filling workflow."
MD,11/22/25 2:00,25.05303,7.3199000000000005,4.885799,0,-2.799,0.0207525,2,27,305.964,keep,"Large positive winter-night NEE (25.05); immediate neighbors are 7.32/4.89; the plot shows a single threshold-exceeding excursion; signal strength is low (27); QC flag 2; u*=0.021 is at/below the provisional 0.19 review aid, so the selected U50 workflow should make the final turbulence screen; retain provisionally because low turbulence is handled by the selected U50 screening and gap-filling workflow."
MD,11/24/25 0:00,14.619609,-22.52001,-86.537032,0,-1.952,0.0468863,2,57,134.827,keep,"Modest positive winter-night NEE (14.62); immediate neighbors are low or negative (-22.52/-86.54); the six-hour plot is unstable/extreme (approximately -86.70 to 15.27); 1 plotted flux value(s) have |NEE| > 80; signal strength is moderate (57); QC flag 2; u*=0.047 is at/below the provisional 0.19 review aid, so the selected U50 workflow should make the final turbulence screen; retain provisionally because low turbulence is handled by the selected U50 screening and gap-filling workflow."
MD,11/24/25 2:00,12.997409999999999,2.6536239999999998,15.42662,0,-2.629,0.0707659,2,33,182.388,keep,"Modest positive winter-night NEE (13.00); immediate neighbors are 2.65/15.43; the six-hour plot is unstable/extreme (approximately -86.70 to 15.27); 1 plotted flux value(s) have |NEE| > 80; signal strength is low (33); QC flag 2; u*=0.071 is at/below the provisional 0.19 review aid, so the selected U50 workflow should make the final turbulence screen; retain provisionally because low turbulence is handled by the selected U50 screening and gap-filling workflow."
MD,11/24/25 2:30,15.42662,12.997409999999999,0.04901,0,-3.117,0.0264047,1,20,195.876,keep,"Moderate positive winter-night NEE (15.43); immediate neighbors are 13.00/0.05; the six-hour plot is unstable/extreme (approximately -86.70 to 15.27); 1 plotted flux value(s) have |NEE| > 80; signal strength is low (20); QC flag 1; u*=0.026 is at/below the provisional 0.19 review aid, so the selected U50 workflow should make the final turbulence screen; retain provisionally because low turbulence is handled by the selected U50 screening and gap-filling workflow."
MD,11/26/25 4:00,16.05398,-6.93192,7.255179999999999,0,4.251000000000033,0.541187,1,61,245.823,remove,"Moderate positive winter-night NEE (16.05); sign reversal or negative neighboring flux (-6.93/7.26); the six-hour plot is unstable/extreme (approximately -55.18 to 15.94); signal strength is moderate (61); QC flag 1; combined magnitude, sign pattern, signal/QC, or surrounding instability is more consistent with an artifact than plausible respiration."
MD,12/7/25 4:30,18.823439999999998,4.42217,16.153100000000002,0.00117331,-6.128,0.0439211,1,25,134.312,keep,"Moderate positive winter-night NEE (18.82); immediate neighbors are 4.42/16.15; the plot shows a coherent positive episode of about 3 half-hours; signal strength is low (25); QC flag 1; u*=0.044 is at/below the provisional 0.19 review aid, so the selected U50 workflow should make the final turbulence screen; retain provisionally because low turbulence is handled by the selected U50 screening and gap-filling workflow."
MD,12/7/25 5:00,16.153100000000002,18.823439999999998,17.44185,9.6498e-4,-6.15,0.0537759,0,8,150.187,keep,"Moderate positive winter-night NEE (16.15); immediate neighbors are 18.82/17.44; the plot contains sparse surrounding data; signal strength is very low (8); QC flag 0; u*=0.054 is at/below the provisional 0.19 review aid, so the selected U50 workflow should make the final turbulence screen; retain provisionally because low turbulence is handled by the selected U50 screening and gap-filling workflow."
MD,12/7/25 5:30,17.44185,16.153100000000002,NA,7.47527e-4,-6.133,0.067314,1,NA,183.447,keep,"Moderate positive winter-night NEE (17.44); the plot contains sparse surrounding data; signal strength is unavailable; QC flag 1; u*=0.067 is at/below the provisional 0.19 review aid, so the selected U50 workflow should make the final turbulence screen; retain provisionally because low turbulence is handled by the selected U50 screening and gap-filling workflow."
MD,12/10/25 0:30,15.610463,-45.69996,32.18113,9.83717e-5,-0.456,0.379137,1,34,128.024,remove,"Moderate positive winter-night NEE (15.61); sign reversal or negative neighboring flux (-45.70/32.18); the six-hour plot is unstable/extreme (approximately -256.23 to 169.85); 3 plotted flux value(s) have |NEE| > 80; signal strength is low (34); QC flag 1; combined magnitude, sign pattern, signal/QC, or surrounding instability is more consistent with an artifact than plausible respiration."
MD,12/10/25 1:00,32.18113,15.610463,-2.09069,4.3392e-5,-0.249,0.387369,2,35,136.303,remove,"Large positive winter-night NEE (32.18); sign reversal or negative neighboring flux (15.61/-2.09); the six-hour plot is unstable/extreme (approximately -256.23 to 169.85); 3 plotted flux value(s) have |NEE| > 80; signal strength is low (35); QC flag 2; combined magnitude, sign pattern, signal/QC, or surrounding instability is more consistent with an artifact than plausible respiration."
MD,12/10/25 3:00,13.483428,6.886370000000001,-255.5694,0,0.032,0.318779,1,67,137.618,remove,"Modest positive winter-night NEE (13.48); sign reversal or negative neighboring flux (6.89/-255.57); the six-hour plot is unstable/extreme (approximately -256.02 to 31.73); 1 plotted flux value(s) have |NEE| > 80; signal strength is moderate (67); QC flag 1; combined magnitude, sign pattern, signal/QC, or surrounding instability is more consistent with an artifact than plausible respiration."
MD,12/18/25 5:30,19.282629999999997,0.96249739,21.540014,0,3.6370000000000005,0.469825,1,87,169.254,keep,Moderate positive winter-night NEE (19.28); immediate neighbors are 0.96/21.54; the plot shows a coherent positive episode of about 2 half-hours; signal strength is strong (87); QC flag 1; plot context and diagnostics are sufficiently consistent with plausible winter nighttime respiration to retain provisionally.
MD,12/18/25 6:00,21.540014,19.282629999999997,-7.38595,0,3.7030000000000314,0.682364,1,79,163.152,keep,Moderate positive winter-night NEE (21.54); sign reversal or negative neighboring flux (19.28/-7.39); the plot shows a coherent positive episode of about 2 half-hours; signal strength is strong (79); QC flag 1; plot context and diagnostics are sufficiently consistent with plausible winter nighttime respiration to retain provisionally.
MD,12/18/25 16:30,19.47837,1.46913,-25.511372,5.24268,7.536000000000001,0.722393,1,56,171.448,keep,Moderate positive winter-night NEE (19.48); immediate neighbors are low or negative (1.47/-25.51); the plot shows a single threshold-exceeding excursion; signal strength is moderate (56); QC flag 1; evidence remains mixed; plausible
MD,12/18/25 18:00,17.790153,-8.1433687,13.71974,0.0079792,8.270000000000039,0.620719,2,61,222.274,keep,Moderate positive winter-night NEE (17.79); sign reversal or negative neighboring flux (-8.14/13.72); the plot shows a coherent positive episode of about 2 half-hours; signal strength is moderate (61); QC flag 2; evidence remains mixed; plausible
MD,12/18/25 18:30,13.71974,17.790153,-4.04486,0,6.165999999999997,0.781603,0,55,267.428,keep,Modest positive winter-night NEE (13.72); sign reversal or negative neighboring flux (17.79/-4.04); the plot shows a coherent positive episode of about 2 half-hours; signal strength is moderate (55); QC flag 0; plot context and diagnostics are sufficiently consistent with plausible winter nighttime respiration to retain provisionally.
MD,12/22/25 22:00,19.08727,-0.393435,13.485290000000001,0,2.1140000000000327,0.515637,1,76,159.236,keep,Moderate positive winter-night NEE (19.09); sign reversal or negative neighboring flux (-0.39/13.49); the plot shows a coherent positive episode of about 2 half-hours; signal strength is strong (76); QC flag 1; plot context and diagnostics are sufficiently consistent with plausible winter nighttime respiration to retain provisionally.
MD,12/22/25 22:30,13.485290000000001,19.08727,-1.225004,0,2.365000000000009,0.445152,1,87,164.571,keep,Modest positive winter-night NEE (13.49); sign reversal or negative neighboring flux (19.09/-1.23); the plot shows a coherent positive episode of about 2 half-hours; signal strength is strong (87); QC flag 1; plot context and diagnostics are sufficiently consistent with plausible winter nighttime respiration to retain provisionally.
MD,12/26/25 9:30,15.60219,-14.93,22.09062,5.1991,-0.246,0.400548,1,67,136.122,keep,Moderate positive winter-night NEE (15.60); sign reversal or negative neighboring flux (-14.93/22.09); the plot shows a coherent positive episode of about 2 half-hours; signal strength is moderate (67); QC flag 1; plot context and diagnostics are sufficiently consistent with plausible winter nighttime respiration to retain provisionally.
MD,12/28/25 10:00,21.853589999999997,-3.9114943,121.5984,8.88865,1.6520000000000437,0.323801,1,21,115.831,remove,"Moderate positive winter-night NEE (21.85); sign reversal or negative neighboring flux (-3.91/121.60); the six-hour plot is unstable/extreme (approximately -56.32 to 121.32); 1 plotted flux value(s) have |NEE| > 80; signal strength is low (21); QC flag 1; combined magnitude, sign pattern, signal/QC, or surrounding instability is more consistent with an artifact than plausible respiration."
MD,12/28/25 17:30,33.90423,3.62978,9.20533,1.42075,3.117999999999995,0.384043,2,47,96.2254,remove,"Large positive winter-night NEE (33.90); immediate neighbors are 3.63/9.21; the six-hour plot is unstable/extreme (approximately -136.57 to 116.35); 2 plotted flux value(s) have |NEE| > 80; signal strength is low (47); QC flag 2; combined magnitude, sign pattern, signal/QC, or surrounding instability is more consistent with an artifact than plausible respiration."
MD,12/28/25 20:00,18.3158,-136.165674,13.37442,0,2.372000000000014,0.445517,2,37,102.236,remove,"Moderate positive winter-night NEE (18.32); sign reversal or negative neighboring flux (-136.17/13.37); the six-hour plot is unstable/extreme (approximately -136.43 to 33.64); 2 plotted flux value(s) have |NEE| > 80; signal strength is low (37); QC flag 2; combined magnitude, sign pattern, signal/QC, or surrounding instability is more consistent with an artifact than plausible respiration."
MD,12/28/25 20:30,13.37442,18.3158,-20.29577,6.65682e-6,3.2270000000000323,0.385458,2,25,122.232,remove,"Modest positive winter-night NEE (13.37); sign reversal or negative neighboring flux (18.32/-20.30); the six-hour plot is unstable/extreme (approximately -136.43 to 33.64); 2 plotted flux value(s) have |NEE| > 80; signal strength is low (25); QC flag 2; combined magnitude, sign pattern, signal/QC, or surrounding instability is more consistent with an artifact than plausible respiration."
MD,12/28/25 21:30,16.45946,-20.29577,-30.87382,0,3.5720000000000027,0.222092,1,20,173.415,remove,"Moderate positive winter-night NEE (16.46); immediate neighbors are low or negative (-20.30/-30.87); the six-hour plot is unstable/extreme (approximately -136.41 to 18.76); 2 plotted flux value(s) have |NEE| > 80; signal strength is low (20); QC flag 1; combined magnitude, sign pattern, signal/QC, or surrounding instability is more consistent with an artifact than plausible respiration."
MD,12/28/25 23:00,19.000809999999998,-83.63326,-2.005907,0,2.7549999999999955,1.02009,0,68,265.651,remove,"Moderate positive winter-night NEE (19.00); immediate neighbors are low or negative (-83.63/-2.01); the six-hour plot is unstable/extreme (approximately -83.87 to 63.95); 1 plotted flux value(s) have |NEE| > 80; signal strength is moderate (68); QC flag 0; combined magnitude, sign pattern, signal/QC, or surrounding instability is more consistent with an artifact than plausible respiration."
MD,12/29/25 1:00,27.64962,-1.56651,4.6869440000000004,0,0.5680000000000405,0.833896,2,62,267.326,remove,"Large positive winter-night NEE (27.65); immediate neighbors are low or negative (-1.57/4.69); the six-hour plot is unstable/extreme (approximately -83.87 to 63.95); 1 plotted flux value(s) have |NEE| > 80; signal strength is moderate (62); QC flag 2; combined magnitude, sign pattern, signal/QC, or surrounding instability is more consistent with an artifact than plausible respiration."
MD,12/29/25 2:00,64.17557000000001,4.6869440000000004,56.72234,0,0.7010000000000218,0.813506,1,49,264.027,remove,"Extreme positive winter-night NEE (64.18); immediate neighbors are 4.69/56.72; the six-hour plot is unstable/extreme (approximately -8.31 to 64.06); signal strength is low (49); QC flag 1; combined magnitude, sign pattern, signal/QC, or surrounding instability is more consistent with an artifact than plausible respiration."
MD,12/29/25 2:30,56.72234,64.17557000000001,-8.19945,0,0.5820000000000505,1.01935,1,65,262.556,remove,"Very large positive winter-night NEE (56.72); sign reversal or negative neighboring flux (64.18/-8.20); the six-hour plot is unstable/extreme (approximately -8.31 to 64.06); signal strength is moderate (65); QC flag 1; combined magnitude, sign pattern, signal/QC, or surrounding instability is more consistent with an artifact than plausible respiration."
MD,12/31/25 5:00,14.7342988,6.000966,1.2355300000000007,7.14984e-5,-6.526,0.233086,1,NA,274.096,remove,Modest positive winter-night NEE (14.73); immediate neighbors are 6.00/1.24; the plot shows a single threshold-exceeding excursion; signal strength is unavailable; QC flag 1; evidence remains mixed; appears to be a spike