Date,Rg_mean_Wm2,Tair_mean_C,RH_pct_mean,P_sum,SHF_Wm2_mean,TS_C_mean,SWC_mean,n_SHF_mean,n_TS_mean,n_SWC_mean
2024-01-01,38.65890447608108,-1.6487567567567327,77.20256756756757,0,-8.281836486486487,3.4857027027027274,0.1338582162162162,3,2,1
2024-01-02,35.47092238322917,-0.4511249999999783,79.55646458333334,0,-9.429287152777778,2.781229166666692,0.12951489583333334,3,2,1
2024-01-03,12.412920544291667,-0.11039583333331512,87.37564166666667,0,-7.072632777777778,2.929322916666693,0.13080004166666667,3,2,1
2024-01-04,40.48318272954167,-2.9118958333333134,62.32264583333333,0,-10.209820416666666,2.4537291666666894,0.12908835416666667,3,2,1
2024-01-05,21.659686359574472,-1.4511063829787032,72.65274680851064,0,-9.272204468085107,2.011680851063849,0.12795614893617022,2.9375,1.9583333333333333,0.9791666666666666
2024-01-06,NA,NA,NA,NA,NA,NA,NA,0,0,0
2024-01-07,99.79727002714286,1.7461428571428834,81.02952857142857,0,-2.178668047619048,2.873000000000023,0.12711485714285714,0.875,0.5833333333333333,0.29166666666666663
2024-01-08,NA,NA,NA,NA,NA,NA,NA,0,0,0
2024-01-11,78.29180990777778,0.7347777777777966,85.42347777777778,0.0031,-5.532022222222222,2.5740555555555726,0.14721066666666666,2.7,1.8,0.9
2024-01-12,-3.2614285714285715e-4,-0.14214285714283342,93.91405714285715,1e-4,-5.526551428571429,2.5780000000000234,0.14711685714285713,0.4375,0.2916666666666668,0.1458333333333334
2024-01-13,NA,NA,NA,NA,NA,NA,NA,0,0,0
2024-01-14,NA,NA,NA,NA,NA,NA,NA,0,0,0
2024-01-15,NA,NA,NA,NA,NA,NA,NA,0,0,0
2024-01-24,80.60580463076923,2.0356923076923295,97.23867692307692,0.0103,-6.638822820512821,2.0519230769231127,0.20549361538461539,2.7857142857142856,1.8571428571428572,0.9285714285714286
2024-01-25,54.08475452696667,1.1569791666666944,98.88573333333333,0.0014000000000000002,-6.568279722222222,2.0141979166666863,0.19852283333333334,3,2,1
2024-01-26,46.379624416402976,1.5563191489361965,95.99426382978723,0.008700000000000003,-6.374977375886525,1.8375000000000243,0.21839568085106384,2.9375,1.9583333333333333,0.9791666666666666
2024-01-27,NA,NA,NA,NA,NA,NA,NA,0,0,0
2024-01-28,260.95233333333334,2.3296666666666965,88.47353333333334,0,-5.811512222222222,1.6381666666666963,0.22077966666666668,0.1875,0.125,0.0625
2024-01-29,NA,NA,NA,NA,NA,NA,NA,0,0,0
2024-01-30,NA,NA,NA,NA,NA,NA,NA,0,0,0
2024-02-02,NA,NA,NA,NA,NA,NA,NA,0,0,0
2024-02-03,NA,NA,NA,NA,NA,NA,NA,0,0,0
2024-02-04,NA,NA,NA,NA,NA,NA,NA,0,0,0
2024-02-05,244.03956777777776,7.417555555555572,47.0813,0,-6.204997037037037,0.8409444444444476,0.17559355555555556,0.6585365853658535,0.43902439024390216,0.21951219512195108
2024-02-06,67.34251831083333,0.24106250000002516,87.91581666666667,0,-4.060438645833334,1.303718750000023,0.17660177083333334,3,2,1
2024-02-07,99.35849953321429,2.8774285714285925,76.53175714285715,0,-0.9484630476190474,1.9144107142857407,0.1741669642857143,1.9090909090909087,1.2727272727272727,0.6363636363636364
2024-02-08,1.4029249999999988e-4,4.278750000000024,69.45085,0,-1.6339043750000002,2.206562500000018,0.171395875,0.5,0.33333333333333315,0.16666666666666657
2024-02-09,NA,NA,NA,NA,NA,NA,NA,0,0,0
2024-02-12,471.4984,3.273300000000023,62.34155,0,-7.255718666666667,1.5459000000000174,0.1639223,1.875,1.25,0.625
2024-02-13,158.26093538461538,0.38307692307694197,54.02913846153846,0,-4.300525333333333,1.494346153846165,0.1616203076923077,0.8863636363636361,0.5909090909090909,0.29545454545454547
2024-02-14,163.66737400454545,1.0259545454545693,59.33249545454545,0,-3.4426767727272725,1.5899090909091145,0.16086222727272728,1.5,1,0.5
2024-02-15,25.80313097272727,0.7804545454545695,62.38716818181818,1e-4,-5.50329443030303,1.580636363636392,0.16000772727272727,1.5,1,0.5
2024-02-16,0.009693161185714286,-0.9858571428571281,64.91547142857142,0,-4.0093161904761905,1.5682142857142967,0.15968428571428572,0.724137931034483,0.48275862068965536,0.24137931034482768
2024-02-17,43.39677276574211,-6.6933421052631346,71.3734105263158,0,-5.133232982456141,1.272802631578978,0.16110205263157895,3,2,1
2024-02-18,75.3061762943079,-1.9005789473683992,64.13212894736841,3.0000000000000003e-4,-5.670019473684211,1.0878552631579144,0.1605997105263158,3,2,1
2024-02-19,115.53331967479473,-3.9316842105262944,70.11799736842106,0,-6.878523684210526,0.8989078947368693,0.15958413157894738,2.923076923076923,1.9487179487179487,0.9743589743589743
2024-02-20,108.07146907980002,1.215153846153867,62.9203717948718,0,-7.175745042735043,0.6708076923077153,0.16111684615384617,3,2,1
2024-02-21,120.85773549808336,7.75322916666669,55.391589583333335,0,-1.1978172291666667,1.4631562500000235,0.19951164583333333,3,2,1
2024-02-22,153.2177896795,5.690312500000024,66.60361041666667,0,1.565237208333333,2.4796354166666874,0.19688050000000001,3,2,1
2024-02-23,92.66019875125416,3.039125000000027,64.10480208333334,0,-3.652340652777778,2.3178020833333575,0.1838384375,3,2,1
2024-02-24,138.89469545048718,-5.7383589743589525,50.38488717948718,0,-9.53179700854701,0.9531794871795114,0.18433428205128205,3,2,1
2024-02-25,112.904061161135,-0.44514999999997507,64.4834025,0,-7.202902658333333,0.5841500000000209,0.18084225,2.926829268292683,1.951219512195122,0.975609756097561
2024-02-26,158.6643783451875,5.871395833333358,60.7776625,0,-0.49635055555555524,1.5371770833333556,0.17895610416666666,3,2,1
2024-02-27,149.69634054710207,14.546083333333353,62.59367708333333,0,15.102151388888887,4.80221875000002,0.17772064583333333,3,2,1
2024-02-28,66.5064780594186,3.458395348837232,77.61362558139535,2e-4,0.8343878759689918,4.8867093023256025,0.17712011627906976,3,2,1
2024-02-29,147.44705636371845,-5.169564102564083,54.30685384615385,0,-13.658229743589743,1.0598461538461712,0.17672717948717948,3,2,1
2024-03-01,153.99660824510235,2.0229767441860718,48.01593488372093,0,-6.687765112054264,1.1065232558139795,0.17730481395348838,2.2325581395348837,2,1
2024-03-02,170.82223487687497,6.012979166666686,61.23085625,0,5.0820722968749985,3.0365729166666906,0.17654164583333334,2,2,1
2024-03-03,177.17048251249997,9.138479166666695,72.86212916666666,0,6.816722166666666,4.194916666666687,0.17290816666666667,2,2,1
2024-03-04,90.87789502866438,14.642583333333354,70.25884166666667,0,13.338802291666667,6.594520833333361,0.17100039583333335,2,2,1
2024-03-05,56.04917773437499,10.201729166666686,86.98845416666667,0.0291,9.58664814375,7.647354166666686,0.22407333333333332,2,2,1
2024-03-06,197.07870694479166,6.391208333333357,66.77385208333334,0,0.8456746369791669,6.223427083333353,0.20997666666666667,2,2,1
2024-03-07,91.80549212387501,4.090125000000024,57.29886875,0,-5.457010458333333,4.687760416666682,0.196705625,2,2,1
2024-03-08,29.327787189583336,4.972270833333356,87.13497708333334,0.009600000000000001,-0.37691984479166657,5.059895833333358,0.19877122916666667,2,2,1
2024-03-09,60.464827740968744,2.715937500000021,89.10852291666667,0.013099999999999997,-1.7625131770833333,4.856729166666692,0.2360749375,2,2,1
2024-03-10,125.51563916066664,-0.28049999999997377,73.63172142857142,0,-6.940874773809524,3.4596190476190687,0.21213173809523808,2,2,1
2024-03-11,207.97024552956665,4.0332500000000255,64.19562083333334,0,-4.833607791666667,3.0850208333333584,0.20217495833333332,2,2,1
2024-03-12,198.10135734770833,10.937062500000028,59.50845416666667,0,7.276516010416666,5.306104166666687,0.19422383333333335,2,2,1
2024-03-13,207.86142635708333,12.436770833333355,51.99771666666667,0,8.014920114583333,6.413072916666691,0.18928533333333333,2,2,1
2024-03-14,22.4234040139375,9.872437500000022,60.819966666666666,0.01980000000000001,3.192727880208333,6.678427083333359,0.20420491666666668,2,2,1
2024-03-15,210.45597380229168,4.546395833333355,81.57860208333334,0.0016,0.8207298479166653,5.74793750000002,0.22169145833333334,2,2,1
2024-03-16,94.85382499718541,4.750458333333357,68.80929791666667,0,-3.775978729166666,5.041239583333349,0.20488445833333332,2,2,1
2024-03-17,87.54693123892145,1.1015833333333558,64.7576,1e-4,-6.771623375,4.312770833333355,0.19802985416666666,2,2,1
2024-03-18,70.74739115182916,-2.514479166666643,73.16335625,1e-4,-11.3205746875,2.6918333333333537,0.19465170833333334,2,2,1
2024-03-19,148.45501802900208,0.9815000000000232,60.186827083333334,0,-6.682604317708335,2.5975000000000277,0.19221933333333333,2,2,1
2024-03-20,109.18724962288094,-1.0714999999999821,59.95457857142857,1e-4,-7.240896535714286,2.6582142857143127,0.18850011904761904,2,2,1
2024-03-21,165.83016932208582,-4.631815789473665,52.66768947368421,0,-11.280274394736843,1.4089736842105516,0.18759465789473684,2,2,1
2024-03-22,101.70884967961457,-2.682770833333315,73.09333125,0.005900000000000001,-9.494868229166666,1.3334166666666885,0.18668254166666667,2,2,1
2024-03-23,224.5197455731907,-1.4150697674418358,67.82743953488372,8e-4,-4.880225,1.9740697674418777,0.1914260930232558,2,2,1
2024-03-24,94.03574591438095,-1.666047619047598,56.53557142857143,0,-7.091921309523809,1.5301904761904999,0.21688721428571428,2,2,1
2024-03-25,135.07087588677084,6.741000000000025,50.62135416666666,0,2.3038009375000015,2.5499479166666834,0.21864722916666668,2,2,1
2024-03-26,67.29022711741666,11.172416666666686,72.00233958333334,0.0124,13.268604270833334,5.642302083333361,0.23012589583333334,2,2,1
2024-03-27,65.71047221998604,0.7135625000000255,74.60345208333334,1e-4,-6.10307611875,4.007583333333356,0.22108283333333334,2,2,1
2024-03-28,245.58831916498218,0.86591111111113,58.88684222222222,0,-6.479771166666666,2.8387555555555806,0.2102757111111111,2,2,1
2024-03-29,257.75359525107274,2.6417500000000183,53.905325,0,-3.2244594886363647,2.873909090909119,0.20283222727272726,1.9555555555555555,1.9555555555555555,0.9777777777777777
2024-03-30,51.29005037901166,3.027958333333354,76.28504166666666,0.0012000000000000001,-1.9683936874999999,3.4733437500000255,0.199198375,2,2,1
2024-03-31,64.88239121562499,3.0893541666666926,88.85551666666666,1e-4,1.6552618958333336,4.044916666666694,0.20048254166666668,2,2,1
2024-04-01,179.18510936458335,5.246875000000026,74.75169791666667,0,2.6189936666666678,4.494041666666687,0.19797166666666666,2,2,1
2024-04-02,28.834486653749998,3.226583333333358,92.04455833333333,0.013999999999999999,-2.05293934375,4.405083333333363,0.23127072916666666,2,2,1
2024-04-03,104.65044868541666,3.119375000000018,86.81039791666666,0.0059000000000000025,0.5810794177083335,4.338270833333354,0.23367827083333334,2,2,1
2024-04-04,110.97742752291666,3.2278125000000184,85.42738125,0.0018000000000000002,0.11191691666666714,4.488281250000026,0.21974847916666668,2,2,1
2024-04-05,215.21344753333335,4.357291666666686,69.36461875,5e-4,0.71058621875,4.696718750000024,0.21632516666666668,2,2,1
2024-04-06,274.2969403077708,5.876375000000019,49.159054166666664,0,1.2971356979166673,4.656364583333362,0.20730175,2,2,1
2024-04-07,192.1272116878125,7.932416666666691,49.74518333333334,0,1.472058916666668,4.776927083333359,0.214053125,2,1.9583333333333333,1
2024-04-08,229.63020051235415,11.970020833333358,53.97830208333333,0.0013000000000000002,10.904665391145834,6.709281250000021,0.257876375,2,2,1
2024-04-09,264.9786124634792,13.396250000000027,52.779204166666666,0,11.075474927083333,7.862802083333355,0.27987084375,2,2,1.8333333333333335
2024-04-10,246.55916640923914,10.320760869565241,61.521373913043476,0,6.354909782608695,7.867952898550745,0.28417671739130435,2,2.8043478260869565,1.934782608695652
2024-04-11,65.57559617435898,10.214923076923096,69.52359487179487,0.0025,3.108002192307692,8.130478632478654,0.26528608974358975,2,3,2
2024-04-12,114.93969682822086,8.063875000000023,83.68977083333333,0.006600000000000001,3.2904311114583327,7.758270833333359,0.28713733333333336,2,3,2
2024-04-13,220.94394490342103,7.59484210526318,57.71688947368421,0,-3.9532435219298248,6.97828947368423,0.2887031447368421,2.7894736842105265,3,2
2024-04-15,408.4815,18.89766666666668,25.75763333333333,0,31.598316666666665,12.438777777777801,0.2762421666666667,3,3,2
2024-04-16,250.58868045850002,12.735583333333356,44.86469375,0,4.920819756944445,9.442944444444471,0.27245582291666665,3,3,2
2024-04-17,98.5768962273375,13.984645833333355,68.40199375,0.0072,10.77371948402778,10.45732638888891,0.2718084479166667,3,3,2
2024-04-18,117.09323183175417,9.491166666666686,74.74311875,3.0000000000000003e-4,2.579843888888888,9.953631944444465,0.2770743958333333,3,3,2
2024-04-19,300.5642492022771,7.245562500000018,64.17761875,7.999999999999999e-4,1.4297382695763887,9.447965277777806,0.27547840625,3,3,2
2024-04-20,146.3500975637898,4.079000000000024,51.98398125,0,-8.052319139583334,7.944631944444467,0.2726365625,3,3,2
2024-04-21,298.2558459093563,4.8703750000000205,52.15519583333333,0,-0.9034901319444454,7.594854166666687,0.2701052916666667,3,3,2
2024-04-22,281.7598862596042,8.850062500000027,49.38335416666666,0,3.4296642548611134,8.210229166666686,0.26682272916666666,3,3,2
2024-04-23,20.40002945337536,12.529821428571454,45.23816428571429,0,-0.745275,8.9197023809524,0.26324016071428574,3,3,2
2024-04-24,289.109,10.968000000000018,36.4958,0,16.119333333333334,10.934666666666658,0.266826,3,3,2
2024-04-25,316.7638405055915,5.308829787234068,53.470034042553195,0,0.7788729858156027,8.416531914893637,0.2647056489361702,3,3,2
2024-04-26,239.23551436016874,9.222270833333354,47.949641666666665,0,1.6550263750000025,8.703034722222245,0.25976901041666667,3,3,2
2024-04-27,101.78189444083333,16.105916666666694,76.37046458333333,0.0044,14.724298934027779,10.893847222222245,0.2582121770833333,3,3,2
2024-04-28,72.38592908958334,18.112312500000023,87.52892291666667,0.0036000000000000003,18.647928333333333,13.100756944444464,0.2628051875,3,3,2
2024-04-29,118.10650296249999,13.34177083333335,91.79627291666667,0.010199999999999999,12.13412133125,12.795152777777801,0.28923851041666665,3,3,2
2024-04-30,203.97658053135416,12.50420833333336,72.92539583333334,0,7.134644307638888,12.608743055555578,0.29246222916666664,3,3,2
2024-05-01,278.81969366648127,16.06770833333336,61.19254375,0,11.852353243055557,12.897222222222249,0.2830320416666667,3,3,2
2024-05-02,257.6588867605975,14.932291666666691,63.46208333333333,0,7.2018971388888895,12.79706250000002,0.2737181458333333,3,3,2
2024-05-03,179.12158127247918,16.94025000000002,79.44506458333333,0.008,14.687777430555554,14.160687500000025,0.28113938541666667,3,3,2
2024-05-04,222.08393197020837,15.697166666666693,73.72182916666667,0,11.148625573611113,13.718944444444473,0.2823021041666667,3,3,2
2024-05-05,269.465902552875,15.209625000000026,75.77504583333334,0.0015,13.6980934375,15.058451388888914,0.27829310416666664,3,3,2
2024-05-06,271.1062591157447,13.95638297872343,60.58375957446809,0,5.043374326241135,13.812375886524844,0.2720284361702128,3,3,2
2024-05-07,145.78853422166665,14.086104166666695,64.353875,0.004899999999999999,2.827265027777777,13.230256944444468,0.26612903125,3,3,2
2024-05-08,318.2193989872917,15.338125000000021,78.2780375,0.0019,10.536373340277777,14.053881944444466,0.27253283333333334,3,3,2
2024-05-09,92.83192042770834,12.993645833333357,69.79822083333333,0,-0.5586302777777771,13.107881944444467,0.269242125,3,3,2
2024-05-10,269.1702924471875,11.846062500000023,74.08624791666666,0,3.6949940249999993,12.68561805555558,0.2664260625,3,3,2
2024-05-11,159.42014685650426,11.182574468085123,76.20380425531916,0.0053,0.06769191489361624,12.423482269503566,0.2717515,3,3,2
2024-05-12,303.76033458866664,12.670354166666685,67.50785416666666,0,3.1116719236111083,11.99607638888891,0.27219784375,3,3,2
2024-05-13,256.2610134041667,19.017583333333356,63.250075,0.0031999999999999997,16.270327555555557,14.54634722222225,0.27285917708333335,3,3,2
2024-05-14,97.80904706291668,14.372500000000025,77.53021666666666,0,5.3682061375,14.332326388888914,0.27048554166666666,3,3,2
2024-05-15,301.4436762335417,15.340750000000021,53.413045833333335,0,7.432567486111114,13.903236111111132,0.266761875,3,3,2
2024-05-16,243.55857522753618,15.706000000000019,58.977487234042556,0,6.7662391347517765,14.035985815602864,0.2627175,3,3,2
2024-05-17,214.66897908103564,18.69747916666669,78.87059791666667,0,14.172734763888888,15.510145833333358,0.2598997083333333,3,3,2
2024-05-18,304.36842860816245,18.06652083333336,71.93192291666666,0,8.55650613888889,15.324805555555578,0.25675915625,3,3,2
2024-05-19,315.8719384817854,22.53533333333336,56.166875,0,13.712647257638888,16.52515972222225,0.2530008541666667,3,3,2
2024-05-20,206.62395911377084,17.135291666666692,67.36426458333334,0.0188,6.203338708333335,15.632194444444472,0.25115284375,3,3,2
2024-05-21,239.71376645503398,18.307595744680874,88.8546829787234,0.0021,15.368029275886524,17.02851773049647,0.3035785425531915,3,3,2
2024-05-22,186.35945176965413,20.917708333333362,66.88902083333333,0,12.518175347222222,17.925180555555585,0.2901175,3,3,2
2024-05-23,328.02704810571043,17.00339583333336,60.33485208333334,0,3.2243451458333325,16.172673611111136,0.28157106249999997,3,3,2
2024-05-24,258.0784504910271,17.834875000000025,59.8945125,0,5.578823930555557,15.92485416666669,0.27519375,3,3,2
2024-05-25,326.81381775625,19.212375000000023,62.950235416666665,0.0011,8.899993574305556,17.159597222222242,0.2703654166666667,3,3,2
2024-05-26,164.41457640193616,15.789191489361727,72.92162127659574,0.003,1.7665913134751752,15.588163120567401,0.2374202234042553,3,3,1.1702127659574466
2024-05-27,66.5575972934,14.49166666666669,96.09556041666667,2e-4,3.713619875,15.96575694444447,0.23695745833333334,3,3,1
2024-05-28,188.815377293375,14.386500000000025,86.56354375,0.0025999999999999994,6.305449333333334,15.605090277777798,0.22963966666666666,3,3,1
2024-05-29,230.93092608666663,15.234604166666687,70.90801875,0,4.2072029375,15.949256944444466,0.24092333333333332,3,3,1
2024-05-30,333.4473474598511,13.945723404255341,45.41250212765957,0,-2.4577846170212796,14.48765957446811,0.24776387234042554,3,3,1
2024-05-31,316.9801498775833,15.947604166666688,55.138139583333334,0,2.411641012500002,14.62545138888891,0.246072125,3,3,1
2024-06-01,167.76762309697918,16.81491666666669,64.59886875,0.0082,4.977217152777778,15.511184027777801,0.243541875,3,2.166666666666667,1
2024-06-02,249.07170656949998,18.380391304347846,85.3031,0.0119,14.539632826086958,17.174206521739148,0.30626215217391306,3,2,1
2024-06-03,315.70431115270833,18.65089583333336,78.8876,0,10.205111070138889,17.39776041666668,0.28660285416666664,3,2,1
2024-06-04,243.57771837210413,23.23764583333336,69.1894125,0,17.567374847222222,19.01622916666669,0.27407312500000003,3,2,1
2024-06-05,145.94258356410415,22.25029166666669,80.17607708333334,0.0031999999999999997,13.466854166666668,19.57471875000002,0.2679167083333333,3,2,1
2024-06-06,273.1123778035417,17.872895833333356,72.02619375,7e-4,3.333103215277779,18.450020833333355,0.26224345833333335,3,2,1
2024-06-07,211.21748381625,15.697979166666693,67.99052083333333,0,-1.8176184624999998,16.865093750000028,0.2471111875,3,2,1
2024-06-08,107.56847861510639,14.778382978723423,82.28239787234043,0.0044,-2.004256035460992,15.697829787234063,0.24158891489361703,3,2,1
2024-06-09,289.49253423145836,15.40345833333336,79.77527291666667,3.0000000000000003e-4,2.4765446041666666,16.22552083333336,0.2502333947368421,3,2,0.7916666666666665
2024-06-10,150.18464425843752,11.653906250000023,72.52795625,0,-9.488250885416667,14.916859375000021,0.38455121875,3,2,1
2024-06-11,224.4345,18.346250000000026,38.618674999999996,0,14.930341666666667,17.61150000000002,0.20513225,3,2,1
2024-06-12,325.49999968208334,19.849208333333358,54.31843125,0,9.85735649236111,17.114833333333355,0.22258624999999999,3,2,1
2024-06-13,267.54341262437504,23.65360416666669,62.131166666666665,0,13.342021541666666,18.79242708333336,0.21078125,3,2,1
2024-06-14,327.87839602291666,20.574687500000017,66.03200625,0,6.346005243055556,18.458229166666694,0.19757060416666666,3,2,1
2024-06-15,312.54832699808543,19.326437500000022,58.184133333333335,0,4.779672590277778,17.757281250000023,0.18038333333333334,3,2,1
2024-06-16,247.02464592770835,22.441770833333354,52.07295416666667,0,7.765481047222223,18.487177083333354,0.16172083333333334,3,2,1
2024-06-17,314.5805502576596,26.57034042553193,68.0558914893617,0,17.181567730496454,20.61044680851066,0.1472510425531915,3,2,1
2024-06-18,230.03628244104164,26.478166666666684,73.23726041666667,0.0013,16.015225555555556,21.558375000000026,0.133224375,3,2,1
2024-06-19,291.2209259133333,27.31914583333336,66.32359166666667,0,15.927787083333333,22.398677083333354,0.12531385416666665,3,2,1
2024-06-20,216.08555632645835,24.40354166666669,84.13478541666666,0.0013,11.712157407638887,22.239270833333354,0.11305414583333333,3,2,1
2024-06-21,301.39868363083326,23.888437500000023,84.56590416666667,0,12.13226870138889,22.31935416666669,0.106742375,3,2,1
2024-06-22,101.03869606595417,23.005270833333352,89.24703333333333,0.0082,7.680135048611112,21.593312500000025,0.10144723333333333,3,2,1
2024-06-23,198.03430068247954,20.513000000000023,90.26565454545455,0.0173,7.635174022727273,21.29793181818184,0.23511586818181818,3,2,0.5
2024-06-24,333.10296798707503,19.126645833333352,80.03208333333333,0.017599999999999998,2.9432157083333323,19.816093750000025,NA,3,2,0
2024-06-25,133.27193149322915,21.722875000000023,79.66478125,0.023400000000000004,7.228325618055555,20.148135416666687,0.1215394,3,2,0.5416666666666667
2024-06-26,219.7909567166667,21.91685416666669,83.755675,1e-4,6.815469322916667,20.50493750000003,0.0430378,3,2,0.02083333333333332
2024-06-27,342.36805840491667,16.52950000000002,68.19352916666666,0,-2.881133420833335,18.659666666666688,NA,3,2,0
2024-06-28,95.62351513895831,17.265437500000026,77.52231458333333,0,-1.151034631944444,18.03451041666669,NA,3,2,0
2024-06-29,178.28224598437504,21.738791666666685,89.61368125,0.0126,12.660202291666666,19.85391666666669,0.06775981111111111,3,2,0.1875
2024-06-30,331.0785311710638,17.329468085106413,68.9248489361702,0,-0.02874970921985807,19.182085106383003,NA,3,2,0
2024-07-01,341.62693209093123,14.79372916666669,65.21251666666667,0,-5.569365895833334,16.814593750000025,NA,3,2,0
2024-07-02,91.92631211638297,16.865361702127682,71.76098723404256,0.0026,-1.5148031702127658,17.087297872340447,NA,3,2,0
2024-07-03,231.92119003868748,21.600458333333354,77.86281041666666,4e-4,11.289460525694443,18.925385416666686,NA,3,2,0
2024-07-04,208.77180843229166,23.044333333333356,76.13309583333333,0,11.72215552777778,20.090093750000023,NA,3,2,0
2024-07-05,265.00546871999995,21.069083333333356,84.69103125,6e-4,8.884357270833334,20.40455208333335,NA,3,2,0
2024-07-06,94.04857363054055,18.850432432432452,90.17183783783784,0,1.8258529783783783,19.646972972972993,NA,3,2,0
2024-07-10,155.64855,19.71675000000002,95.35107500000001,0.001,5.672020833333334,21.24075000000002,0.0331609,3,2,0.25
2024-07-11,234.53297327583334,20.22535416666669,88.33766875,3.0000000000000003e-4,6.455684277777779,20.37185416666669,0.21857048411764707,3,2,0.7083333333333334
2024-07-12,291.629229855,21.899166666666687,81.1347875,0.0011,9.846714708333334,20.918760416666693,0.333399375,3,2,1
2024-07-13,314.93426708365,22.50800000000002,77.50154375,0,8.041603086805557,21.14768750000002,0.32199195833333333,3,2,1
2024-07-14,227.42436952387501,23.713000000000022,81.27184375,2e-4,11.161575354166667,21.82454166666669,0.3101706458333333,3,2,1
2024-07-15,298.815135901875,23.49472916666669,84.21602708333333,0.0021,12.49258605625,22.27295833333335,0.3119226041666667,3,2,1
2024-07-16,165.64596613443751,22.556875000000026,87.11711458333333,0.0038999999999999994,7.651707022916666,22.268645833333352,0.30595622916666665,3,2,1
2024-07-17,309.37435919583334,20.16510416666669,76.46114166666666,0,1.0508381250000012,20.86891666666669,0.2953302916666667,3,2.833333333333333,1
2024-07-18,301.2331086678298,16.925936170212786,71.46082765957448,0,-3.6636850780141823,19.12206382978726,0.24980809090909092,3,3,0.23404255319148923
2024-07-19,292.3580604334667,17.421687500000026,73.32100833333332,0,-1.3375178541666681,18.53910416666669,NA,3,3,0
2024-07-20,267.561578411525,18.781812500000026,77.98634583333333,0,2.5464939930555532,18.89332638888891,NA,3,3,0
2024-07-21,255.0932616436563,21.000208333333354,79.07967291666667,0,6.437778923611112,19.710652777777803,NA,3,3,0
2024-07-22,273.6581855146292,21.356437500000023,79.22485625,0,6.818893333333336,21.161902777777797,NA,3,2.9791666666666665,0
2024-07-23,230.78674181242553,19.528553191489387,79.75833829787234,0,1.9650533404255293,19.846163120567404,NA,3,3,0
2024-07-24,28.74025725928571,18.994535714285743,95.902925,0,-1.5164003857142858,19.90717857142859,NA,3,3,0
2024-07-25,322.7693353190708,18.225625000000022,73.9413875,0,-0.987387229166665,19.153090277777807,NA,3,3,0
2024-07-26,308.6144474063407,19.654458333333356,69.73725833333333,0,1.967775576388891,19.051243055555577,NA,3,3,0
2024-07-27,315.4021133160625,21.577312500000023,64.60155,0,3.7543397291666665,19.465312500000024,NA,3,3,0
2024-07-28,218.46808664791664,21.227895833333356,76.04181041666666,0,4.793865645833334,19.7839027777778,NA,3,3,0
2024-07-29,172.92177988208337,23.696875000000023,90.67053541666667,0.014599999999999998,10.3630698125,21.636916666666686,NA,3,3,0
2024-07-30,276.6434969622917,23.046708333333356,89.20226666666667,0.0021999999999999997,11.376340840277779,22.2891527777778,NA,3,3,0
2024-07-31,285.0580015848936,23.863553191489384,84.88734255319149,0,8.60925856737589,22.329503546099314,NA,3,3,0
2024-08-01,172.26749178833333,23.63979166666669,91.1759,1e-4,7.7620098631944465,22.599409722222248,NA,3,3,0
2024-08-02,178.3692204983333,23.752145833333355,88.47924375,0.0028,6.950832502777777,22.745472222222237,NA,3,3,0
2024-08-03,292.04740956187504,24.317833333333358,74.0273,0,4.004840243055556,22.192659722222245,NA,3,3,0
2024-08-04,235.08106426041667,22.383104166666694,74.23319375,0,2.8992020069444475,21.555055555555576,NA,3,3,0
2024-08-05,120.68041841791667,22.115041666666688,81.72322708333333,0,2.956957444444445,21.597409722222245,NA,3,3,0
2024-08-06,119.90857181270833,18.167062500000025,83.56566458333333,0.0252,-5.196924777777777,19.73988888888891,NA,3,3,0
2024-08-07,292.9424841404167,18.49362500000002,74.2954375,1e-4,-2.9750007847222233,18.44540972222224,NA,3,3,0
2024-08-08,273.4146821856666,18.97360416666669,77.26407916666668,0,1.693511186805555,18.916819444444464,NA,3,3,0
2024-08-09,252.39725575939582,18.532500000000024,74.18097916666667,0,0.3857391208333335,19.273104166666688,NA,3,3,0
2024-08-10,155.833587608875,15.664270833333356,78.35778125,0,-4.574680569444445,17.79685416666669,NA,3,3,0
2024-08-11,232.89263770393615,17.77104255319151,76.07927659574467,0,-1.550924482269502,17.90876595744683,0.26182418749999997,3,3,0.3404255319148935
2024-08-12,274.48636927113756,19.037166666666685,76.14441666666667,0,1.998149249999998,18.21763194444447,0.25851766666666665,3,3,1
2024-08-13,285.1464011427083,20.449645833333356,75.00895625,0,2.5647945277777784,18.74478472222225,0.26356126041666667,3,3,1.8333333333333335
2024-08-14,255.90025929021277,20.824255319148953,75.10352127659574,0,2.968960503546098,19.04250354609932,0.26111044680851064,3,3,2
2024-08-15,136.46891948533334,19.96685416666669,80.00605208333333,0.001,1.2771323715277785,19.08466666666669,0.25688933333333336,3,3,2
2024-08-16,129.30910617465116,19.63146511627909,96.47006279069767,0.029599999999999998,5.6083720821705425,19.268914728682198,0.3093407790697674,3,3,2
2024-08-18,387.1915714285714,22.927714285714323,74.77665714285715,0,12.804717619047619,21.16707142857145,0.32090267857142857,3,3,2
2024-08-19,301.9801371842222,18.994388888888917,73.52441388888889,0,-0.21290539814814907,19.31243518518521,0.3147477083333333,3,3,2
2024-08-20,282.28394503052766,14.653595744680874,74.04341914893618,0,-6.460533581560283,17.10939716312059,0.30583740425531913,3,3,2
2024-08-21,266.73590890931916,14.841872340425557,74.5412914893617,0,-5.05317529574468,16.427638297872363,0.2983949361702128,3,3,2
2024-08-22,277.21622483405633,16.01431250000002,75.72448125,0,-1.5589759652777766,16.59376388888891,0.29259051041666667,3,3,2
2024-08-23,220.18674132483648,16.826541666666692,79.50476875,0,-0.6258671701388883,16.69966666666669,0.28700053125,3,3,2
2024-08-24,246.45778978343756,19.86450000000002,75.60181875,0,4.264375388194445,17.727958333333355,0.28223253125,3,3,2
2024-08-25,79.4167663034375,19.544625000000025,92.116896875,0,0.4640641874999998,18.19085416666669,0.27841003125,3,3,2
2024-08-29,451.4584,25.23460000000002,69.8942,0,16.851400666666667,22.071466666666698,0.2884701,3,3,2
2024-08-30,144.02760409090908,23.388818181818195,86.35768181818182,0,10.824307272727273,22.16593939393942,0.28476063636363635,3,3,2
2024-08-31,578.46201,24.22743750000002,61.723075,0,15.6689649375,21.100770833333364,0.279656,3,3,2
2024-09-01,427.09315711,20.306555555555573,61.59451851851852,0,0.9075207639506168,19.560061728395084,0.2731404074074074,3,3,2
2024-09-02,378.3290922600938,16.965000000000025,60.2184125,0,-2.6258594583333354,17.447343750000023,0.267006953125,3,3,2
2024-09-03,365.4428984378236,18.532794117647086,59.26446176470588,0,1.436112421568628,17.082117647058848,0.2621253823529412,3,3,2
2024-09-04,463.85840493065217,21.036521739130453,57.44713478260869,0,9.550394765217394,17.183057971014513,0.2576268043478261,3,3,2
2024-09-10,406.04589,24.132900000000024,52.11724,0,21.788771933333333,18.224733333333354,0.23021215,3,3,2
2024-09-11,187.12940369520837,18.79718750000002,66.33339791666667,0,0.9304616500000007,16.433298611111134,0.22838107291666668,3,3,2
2024-09-12,219.34033724416668,19.17572916666669,75.00946041666667,0,1.8870181041666674,16.72513194444447,0.22489698958333335,3,3,2
2024-09-13,214.45461838395835,21.242208333333355,68.52722916666667,0,3.6180449458333315,17.314666666666685,0.22047677083333334,3,3,2
2024-09-14,219.11680790375,21.188583333333362,70.40941666666667,0,3.0847083055555564,17.67638888888891,0.21618677083333335,3,3,2
2024-09-15,221.68441825983126,22.167750000000023,70.82015625,0,4.2885335000000016,18.02713194444447,0.21196786458333333,3,3,2
2024-09-16,225.36710776826874,22.739791666666687,56.688177083333336,0,2.827562354166666,18.13248611111113,0.2070895,3,3,2
2024-09-17,227.56223775254372,20.115437500000024,62.21916458333333,0,-0.7643349375000023,17.445944444444464,0.202015375,3,3,2
2024-09-18,225.83051610962494,18.45233333333336,70.3055,0,-1.556853090277778,16.808166666666686,0.19731476041666668,3,3,2
2024-09-19,214.7371762505208,19.79189583333336,69.8185,0,1.0587317083333336,17.024111111111132,0.19259292708333334,3,3,2
2024-09-20,96.13310341390832,20.739770833333353,72.55995,1e-4,2.933785029166667,17.5971527777778,0.18827938541666667,3,3,2
2024-09-21,201.80396235432292,21.358354166666686,79.21995833333332,4e-4,3.391285659722223,17.841958333333356,0.18527290625,3,3,2
2024-09-22,29.571661565812494,18.696104166666686,80.94440625,0.0135,-0.1489333048611109,17.711388888888916,0.20372695833333335,3,3,2
2024-09-23,162.36161339339165,15.287645833333356,86.56358125,1e-4,-2.8446093958333343,16.743006944444467,0.27018793750000003,3,3,2
2024-09-24,36.95572914653125,15.052500000000029,98.06450833333334,1e-4,-3.112475306944444,16.111173611111138,0.28711028125,3,3,2
2024-09-25,167.76527772745834,17.723125000000024,87.92111666666666,0,4.118193128472223,17.14176388888891,0.32133186458333335,3,3,2
2024-09-26,193.53508966825626,16.002812500000022,79.53713125,0,-4.246803708333335,15.944256944444463,0.30257872916666667,3,3,2
2024-09-27,165.43171887958337,16.789083333333352,77.99775416666667,0,-4.216147555555556,15.805034722222246,0.2910715729166667,3,3,2
2024-09-28,149.26097905272917,19.639520833333357,71.6435875,0,3.426274041666666,16.318159722222244,0.27971371875,3,3,2
2024-09-29,201.59099247500004,20.64727083333336,61.78551875,0,2.0546582291666655,17.033201388888912,0.2706188854166667,3,3,2
2024-09-30,172.0811127161042,18.85891666666669,76.43550416666666,0,-0.3602029319444448,16.49425694444447,0.26345703125,3,3,2
2024-10-01,126.57269838836666,16.48568750000002,81.37717291666667,0,-4.583058193055556,16.120368055555577,0.2590113958333333,3,3,2
2024-10-02,201.60744939454165,11.020854166666693,76.43215000000001,0,-10.843676319444445,13.867111111111134,0.254424,3,3,2
2024-10-03,184.7085299911015,15.458875000000026,68.95935416666667,0,-3.447935506944447,13.967666666666688,0.2504585729166667,3,3,2
2024-10-04,151.6638937314584,14.371520833333351,69.49097916666666,0,-4.157273185416668,14.222013888888915,0.24703497916666667,3,3,2
2024-10-05,183.56736022879187,12.619645833333358,69.10562708333333,0,-8.040501708333332,13.010465277777792,0.24324160416666668,3,3,2
2024-10-06,165.36981082833333,18.020083333333353,59.721610416666664,0,1.7911197236111112,14.71551388888891,0.239622125,3,3,2
2024-10-07,192.7812718919396,12.389333333333356,58.37379583333333,0,-7.141121715277779,13.67293750000002,0.23499595833333334,3,3,2
2024-10-08,180.81054689035625,10.96931250000002,67.70382708333334,0,-9.364658895833331,12.29043055555558,0.23096044791666667,3,3,2
2024-10-09,189.04164862348543,8.401354166666689,73.23170416666666,0,-10.989743270833333,11.28263888888891,0.22736645833333333,3,3,2
2024-10-10,185.04233008513748,9.530062500000023,72.383075,0,-8.410141802777778,10.920909722222243,0.2244950625,3,3,2
2024-10-11,146.1508951321521,14.084687500000026,72.69187708333334,0,-0.9732137916666656,11.771361111111132,0.22170901041666666,3,3,2
2024-10-12,145.17744005958332,12.85795833333336,70.08226875,1e-4,-2.5842147569444434,12.624854166666694,0.21794417708333333,3,3,2
2024-10-13,85.28873346247293,9.622500000000027,93.53800625,0,-5.564052991666666,11.908972222222244,0.24813246875,3,3,2
2024-10-14,153.517866957625,6.647895833333358,81.98556041666667,0,-10.007653923611112,10.632500000000022,0.2610540520833333,3,3,2
2024-10-15,161.89296386131875,4.649770833333354,75.90170208333333,0,-13.136748465277778,8.864479166666683,0.2529783125,3,3,2
2024-10-16,174.84001069260626,6.969416666666692,77.29707083333334,0,-7.1950276326388884,8.929250000000025,0.24753835416666667,3,3,2
2024-10-17,172.1378677108125,6.371291666666692,78.36908333333334,0,-8.645759881944445,8.479687500000022,0.24325282291666667,3,3,2
2024-10-18,163.3154624723333,10.264708333333354,58.83355625,0,-5.656452583333333,8.851416666666683,0.23947201041666666,3,3,2
2024-10-19,164.18558614452084,10.707541666666692,72.44451875,0,-3.563826534722221,9.343416666666693,0.23593003125,3,3,2
2024-10-20,143.94902152031253,14.811458333333352,67.64860833333333,0,1.2704750208333326,10.51395138888891,0.23268653125,3,3,2
2024-10-21,155.70869226593544,18.008958333333354,53.0751625,0,4.154964834027778,12.07125694444447,0.22824035416666666,3,3,2
2024-10-22,125.02320419269584,16.591875000000023,51.94857291666667,0,0.25053448472222156,12.013777777777799,0.22363676041666666,3,3,2
2024-10-23,112.15018035408333,15.40922916666669,62.447245833333334,0,1.0140241159722223,12.69463888888891,0.21927044791666667,3,3,2
2024-10-24,143.33348297793543,7.484187500000024,80.68958541666667,1e-4,-8.687322055555557,10.36268750000002,0.21600325,3,3,2
2024-10-25,78.73847283180416,9.663833333333352,81.79894375,0,-4.162576958333333,10.451083333333354,0.21389848958333332,3,3,2
2024-10-26,152.9489736989208,8.17700000000002,64.6224375,0,-9.486975395833333,9.375041666666691,0.21512644791666666,3,3,2
2024-10-27,130.69752182098125,4.610229166666688,65.79656250000001,0,-10.878047756944445,7.88494444444447,0.21377769791666668,3,3,2
2024-10-28,125.18982709914584,8.469000000000024,56.302079166666665,0,-5.97435925,8.126243055555573,0.21239214583333332,3,3,2
2024-10-29,118.56784383303123,16.542458333333357,66.26042083333333,1e-4,6.489893363888889,10.554368055555576,0.21057505208333333,3,3,2
2024-10-30,83.03534062499999,21.604666666666684,61.52342083333333,0,11.04377548611111,13.574833333333359,0.21011469791666668,3,3,2
2024-10-31,44.20851158085107,18.87144680851066,67.9239085106383,1e-4,4.7376389078014185,14.111078014184422,0.20913895744680852,3,3,2
2024-11-01,86.06332291149145,7.200229166666693,74.70619583333334,0,-9.689606308333333,11.519937500000022,0.2081766875,3,3,2
2024-11-02,133.52961391686,3.462911111111133,76.44526888888889,0,-13.498286703703705,8.648162962962989,0.2068986777777778,2.9347826086956523,2.9347826086956523,1.9565217391304348
2024-11-03,44.33707061838265,7.6110000000000255,65.98589782608695,0,-7.070238149275362,8.487884057971035,0.20584357608695653,3,3,2
2024-11-04,13.041867720437498,14.165875000000026,89.49700416666667,1e-4,5.523568728472222,10.850506944444469,0.20915232291666666,3,3,2
2024-11-05,24.10953013172917,17.468958333333358,95.15416875,0,10.798017916666666,13.594409722222244,0.27937892708333334,3,3,2
2024-11-06,43.898584264583334,12.947354166666686,93.55494791666666,0,0.5809405750694444,13.590062500000027,0.31290980208333335,3,3,2
2024-11-07,128.91944465749998,8.91091666666669,79.89400416666666,0,-7.2966424375,11.625180555555579,0.29975880208333333,3,3,2
2024-11-08,127.00452329874999,8.824208333333356,76.60803958333334,0,-10.560325583333332,9.9714027777778,0.29236346875,3,3,2
2024-11-09,85.9657934203,5.614625000000028,75.4507125,0,-13.142773966666665,8.40514583333336,0.28623879166666666,3,3,2
2024-11-10,30.784524338818745,8.883708333333356,87.95546666666667,1e-4,-2.625374472222222,9.307569444444468,0.29645525,3,3,2
2024-11-11,57.42269199218125,9.64677083333336,79.47008124999999,0,-3.6301395006944444,9.993187500000023,0.31270226041666666,3,3,2
2024-11-12,121.30878669799793,3.2027708333333518,78.00228958333334,0,-15.483718104166666,7.645215277777799,0.30136105208333336,3,3,2
2024-11-13,72.22005748553542,3.878833333333356,73.60729791666667,0,-13.001519652777777,6.502770833333357,0.29500980208333333,3,3,2
2024-11-14,17.417096235135627,6.757187500000027,92.87899583333333,1e-4,-3.1922565277777775,7.619645833333361,0.3088156458333333,3,3,2
2024-11-15,36.007146666333334,7.675770833333354,95.58766458333334,0,-0.1989109513888892,8.631062500000022,0.30798867708333333,3,3,2
2024-11-16,35.291112458913126,7.917520833333354,82.22800416666666,0,-2.6068815902777773,8.887784722222248,0.3017158541666667,3,3,2
2024-11-17,30.346721278531255,8.362187500000017,83.93188333333333,0,-3.356427611111111,8.68110416666669,0.296861,3,3,2
2024-11-18,65.22478560502292,7.1074583333333505,90.27229166666666,1e-4,-6.351588752083334,8.328395833333355,0.29333330208333336,3,3,2
2024-11-19,16.532395859207693,10.522820512820534,93.25330769230769,0,1.3735465145299142,9.092752136752162,0.29852889743589744,3,3,2
2024-11-20,0.051810688,4.813000000000045,64.32495,0,-13.633144999999999,8.477666666666693,0.29577125,1,1,0.6666666666666667
2024-11-21,46.683239665168756,1.4236666666666906,93.96632708333334,0.0066,-13.789710347222222,7.122534722222243,0.2998776458333333,3,3,2
2024-11-22,42.5573559427627,3.6564583333333562,92.15681875,0,-9.378015625000002,6.467465277777798,0.3024484375,3,3,2
2024-11-23,28.111954872916666,5.141354166666688,88.88651041666667,7.000000000000001e-4,-5.4160443125,7.208569444444469,0.29870159375,3,3,2
2024-11-24,54.78476839583333,4.858666666666689,88.0786875,0,-4.866744696527777,7.1978888888889045,0.29560535416666667,3,3,2
2024-11-25,13.691187511041665,5.320625000000026,95.512875,0.0021999999999999997,-5.88719975,7.2138750000000185,0.2941327083333333,3,3,2
2024-11-26,16.764566809375,2.552062500000022,87.85165,0.0014,-11.527905729166667,6.740739583333358,0.295156625,3,3,2
2024-12-13,0.94494042,-10.268666666666642,68.215,0,-8.63888888888889,3.2298888888889032,0.2752411666666667,3,3,2
2024-12-14,31.9295215931,-8.646874999999975,72.6189925,0,-9.61392625,2.951883333333356,0.272718375,3,3,2
2024-12-15,22.942924286787232,0.8724893617021507,92.54472765957446,0.0012000000000000001,-8.784350283687944,2.770624113475199,0.2893480319148936,3,3,2
2024-12-16,6.817568958790909,5.546909090909117,99.98887045454545,0.0030999999999999995,-0.9003645454545457,3.514234848484869,0.30798238636363634,3,3,2
2024-12-17,13.303697593322918,2.921291666666688,80.72308125,5e-4,-5.259459861111111,4.363465277777799,0.2943300208333333,3,3,2
2024-12-18,14.2179339754,0.17137500000002384,82.47794583333334,0,-9.122832361111112,3.472138888888909,0.2855997604166667,3,3,2
2024-12-19,20.14866520252833,-2.9204374999999763,79.92872708333333,0,-12.198025347222222,2.5660694444444685,0.28029264583333335,3,3,2
2024-12-20,43.71576670387906,-3.3907209302325327,89.42816744186047,9e-4,-9.129472480620155,2.3456201550387825,0.2777230697674419,3,3,2
2024-12-21,19.68596412565216,-5.747459459459432,70.73041621621621,0,-7.561025765765765,2.5904864864865083,0.27740533783783783,3,3,2
2024-12-22,10.543440869662161,-10.947675675675658,78.9058918918919,0,-9.057598738738738,2.346441441441466,0.2755418108108108,3,3,2
2024-12-23,15.170982367050417,-1.7935833333333076,76.40074583333333,1e-4,-7.9365242361111115,2.157159722222245,0.2738345625,3,3,2
2024-12-24,40.545755639462485,0.023520833333356236,87.90480416666666,0.0027999999999999995,-6.481040833333333,2.4226944444444705,0.2764881979166667,3,3,2
2024-12-25,59.54965867641473,-0.13797916666664634,67.6229375,0,-5.993620625,2.5717986111111295,0.2798553020833333,3,3,2
2024-12-26,20.533001315401666,1.3374166666666858,96.15453541666668,3.0000000000000003e-4,-4.605861986111111,2.745840277777804,0.28784171875000003,3,3,2
2024-12-27,17.790257597916668,5.026020833333355,99.25515833333334,0.006800000000000001,2.4830744583333333,4.091131944444466,0.30239343750000003,3,3,2
2024-12-28,20.796160623875,8.045437500000025,93.13899583333333,0.0044,6.866345034722222,5.610631944444467,0.30373505208333335,3,3,2
2024-12-29,8.564555739583334,4.855291666666688,99.60197708333334,0.019399999999999997,-4.023600294097222,4.973152777777798,0.3018597604166667,3,3,2
2024-12-30,90.15289149120831,3.7177291666666883,88.13924375,0.004,-4.832095770833333,4.408493055555581,0.30772984375,3,3,2
2024-12-31,23.081915831329162,0.4570625000000251,93.22018958333334,0,-12.103425555555557,3.1920763888889114,0.29165010416666665,3,3,2
2025-01-01,-1.1004538e-4,1.2924000000000206,82.14026,0,-8.856849,3.131433333333348,0.28926305,3,3,2
