Date,n_hh,n_Rg,frac_Rg,Rg_mean_Wm2,Rg_max_Wm2,Tair_mean_C,Tair_max_C,Tair_min_C,RH_mean_pct,VPD_mean_kPa,VPD_max_kPa,P_used_mm,SWC_mean,TS_mean_C,n_SWC_mean,n_TS_mean,n_Rg_from_Grant,n_Tair_from_Grant,n_RH_from_Grant,frac_Rg_from_Grant,frac_Tair_from_Grant,frac_RH_from_Grant
2024-01-01,38,38,1,37.64163143986842,162.311,-1.660289473684187,-1.0639999999999645,-2.4470000000000027,77.21418421052631,0.12283827288074807,0.17101622939487215,0,0.13378357894736842,3.475460526315813,1,2,0,0,0,0,0,0
2024-01-02,48,48,1,35.47105366447916,257.73,-0.3857708333333123,1.9740000000000464,-1.9119999999999777,79.65093333333333,0.12197809588272555,0.1859570799930107,0,0.12950897916666668,2.77877083333336,1,2,0,0,0,0,0,0
2024-01-03,48,48,1,12.413118808874998,69.4401,-0.15612499999998164,0.9440000000000168,-1.1449999999999818,87.41773541666667,0.0762193400681738,0.10711342520270628,0,0.13078575,2.9311250000000264,1,2,0,0,0,0,0,0
2024-01-04,48,48,1,40.483312881625,265.258,-2.9670833333333135,-0.8929999999999723,-4.214999999999975,61.961800000000004,0.18645233269860725,0.22996844955696166,0,0.1290490625,2.4325000000000223,1,2,0,0,0,0,0,0
2024-01-05,48,46,0.9583333333333334,22.13066760869565,119.443,-1.4001739130434574,0.9140000000000441,-3.8969999999999914,72.77827608695652,0.1517059642131727,0.19893842592845062,0,0.12795158695652173,2.010934782608714,0.9583333333333333,1.9166666666666665,0,0,0,0,0,0
2024-01-06,48,0,0,NA,NA,NA,NA,NA,NA,NA,NA,NA,NA,NA,0,0,0,0,0,0,0,0
2024-01-07,24,7,0.2916666666666667,NA,442.826,1.7461428571428834,2.3380000000000223,1.2240000000000464,81.02952857142857,0.13204108532643755,0.16388002060403328,0,0.12711485714285714,2.873000000000023,0.29166666666666663,0.5833333333333333,0,0,0,0,0,0
2024-01-08,22,0,0,NA,NA,NA,NA,NA,NA,NA,NA,NA,NA,NA,0,0,0,0,0,0,0,0
2024-01-11,11,10,0.9090909090909091,70.462628917,219.566,0.693100000000021,0.93100000000004,0.3180000000000405,85.33422,0.09411665052321788,0.1092342288822642,3.1999999999999997,0.1471838,2.5743000000000165,0.9090909090909091,1.8181818181818181,0,0,0,0,0,0
2024-01-12,48,6,0.125,NA,0,-0.21883333333331242,0.027000000000043656,-0.36099999999999,95.47791666666666,0.027312011647719014,0.06216096732533882,0,0.147146,2.5782500000000255,0.125,0.25,0,0,0,0,0,0
2024-01-13,48,37,0.7708333333333334,78.63288288288288,328.91666666666663,-3.8827027027027023,-0.26,-6.18,96.69189189189188,0.013931429908597514,0.02078454454364781,0,NA,NA,0,0,37,37,37,0.7708333333333334,0.7708333333333334,0.7708333333333334
2024-01-14,48,48,1,16.370370370370374,74.36111111111111,-9.003541666666667,-6.07,-11.85,92.05624999999999,0.02380078544291766,0.027018359345420406,0,NA,NA,0,0,48,48,48,1,1,1
2024-01-15,28,28,1,0.22420634920634921,2.361111111111111,-14.741785714285713,-11.64,-17.15,87.20714285714286,0.024668496676126427,0.026511307712444976,0,NA,NA,0,0,28,28,28,1,1,1
2024-01-24,15,15,1,81.27688519454519,179.732,1.9726666666666863,2.1650000000000205,1.54,97.41558,0.018267651034706903,0.0287420590210119,11.110000000000005,0.20581457142857143,2.050285714285747,0.9333333333333333,1.8666666666666667,1,1,1,0.06666666666666667,0.06666666666666667,0.06666666666666667
2024-01-25,48,48,1,54.084757805291666,243.993,1.1481875000000283,2.117999999999995,0.4970000000000141,98.90318958333333,0.007326134842484068,0.01072862208546077,1.0999999999999999,0.19857595833333333,2.013031250000021,1,2,0,0,0,0,0,0
2024-01-26,48,48,1,45.746162459649206,288.377,1.5742291666666919,3.2410000000000423,0.2810000000000059,96.00545,0.028617929639403773,0.0822802251659448,9.079999999999997,0.21852304347826088,1.8345543478261104,0.9583333333333333,1.9166666666666665,2,2,2,0.041666666666666664,0.041666666666666664,0.041666666666666664
2024-01-27,48,48,1,56.594328703703724,264.19444444444446,1.6679166666666667,3.33,0.74,97.90208333333334,0.015226108889069386,0.05054750452977208,2.405,NA,NA,0,0,48,48,48,1,1,1
2024-01-28,48,48,1,57.47271527777778,325.362,2.111645833333335,3.17,1.16,92.66584583333334,0.053461037192300484,0.16882283898935302,0,0.22077966666666668,1.6381666666666963,0.0625,0.125,45,45,45,0.9375,0.9375,0.9375
2024-01-29,48,48,1,36.680555555555564,167.33333333333334,0.334375,1.18,-0.47,88.23125,0.07393304404162655,0.12422987086850712,0,NA,NA,0,0,48,48,48,1,1,1
2024-01-30,9,9,1,17.87654320987654,55,0.40444444444444444,1.39,-0.5,96.02222222222223,0.023924796425842075,0.04549611060634495,0,NA,NA,0,0,9,9,9,1,1,1
2024-02-02,17,0,0,NA,NA,NA,NA,NA,NA,NA,NA,NA,NA,NA,0,0,0,0,0,0,0,0
2024-02-03,45,0,0,NA,NA,NA,NA,NA,NA,NA,NA,NA,NA,NA,0,0,0,0,0,0,0,0
2024-02-04,39,0,0,NA,NA,NA,NA,NA,NA,NA,NA,NA,NA,NA,0,0,0,0,0,0,0,0
2024-02-05,41,10,0.24390243902439024,NA,483.648,7.109400000000017,8.497000000000014,4.336000000000013,48.17601,0.5285326795956964,0.6266208286471018,0,0.1759429,0.8561000000000092,0.24390243902439007,0.48780487804878014,0,0,0,0,0,0
2024-02-06,48,48,1,67.34268293395834,386.98,0.1825625000000259,3.987000000000023,-1.9459999999999695,88.41203541666667,0.08004571653249976,0.3110307969686622,0,0.17652972916666668,1.3302604166666896,1,2,0,0,0,0,0,0
2024-02-07,44,28,0.6363636363636364,NA,400.375,2.9758928571428784,7.362000000000023,-2.069999999999993,76.18133571428571,0.20826280138845166,0.43316480533315715,0,0.17402567857142856,1.9237321428571679,0.6363636363636364,1.2727272727272727,0,0,0,0,0,0
2024-02-08,48,7,0.14583333333333334,NA,0,4.277857142857166,4.913000000000011,3.4770000000000323,69.08167142857143,0.25734486487163677,0.29151018585930377,0,0.1713562857142857,2.160714285714302,0.1458333333333334,0.2916666666666668,0,0,0,0,0,0
2024-02-09,29,0,0,NA,NA,NA,NA,NA,NA,NA,NA,NA,NA,NA,0,0,0,0,0,0,0,0
2024-02-12,17,10,0.5882352941176471,NA,565.491,3.273300000000023,4.369000000000028,1.4910000000000423,62.34155,0.29395953574891387,0.3594035316724137,0,0.1639223,1.5459000000000174,0.588235294117647,1.176470588235294,0,0,0,0,0,0
2024-02-13,44,33,0.75,67.87213108585858,334.757,-1.1901818181818107,0.9720000000000368,-4.02,74.65660303030303,0.15337681323987382,0.3190923859491025,0,0.16161928571428572,1.493678571428583,0.31818181818181807,0.6363636363636361,19,19,19,0.4318181818181818,0.4318181818181818,0.4318181818181818
2024-02-14,44,44,1,83.42798088787882,561.914,-1.1993863636363513,3.015000000000043,-5.03,71.811125,0.1749268052006478,0.36419759005294067,0,0.16079040909090908,1.614340909090934,0.5,1,22,22,22,0.5,0.5,0.5
2024-02-15,44,44,1,17.927672361616164,202.878,0.29338636363637494,1.754000000000019,-1.42,74.03113863636364,0.16699698989388864,0.29908362913673636,0.1,0.15999127272727273,1.5615909090909383,0.5,1,22,22,22,0.5,0.5,0.5
2024-02-16,29,29,1,1.8192808916655172,46.77777777777778,-2.867655172413788,-0.7189999999999941,-5.22,66.02592068965517,0.16872385297479978,0.21291617040819877,0,0.15996542857142856,1.5559285714285807,0.24137931034482765,0.4827586206896553,22,22,22,0.7586206896551724,0.7586206896551724,0.7586206896551724
2024-02-17,38,38,1,43.4005080857421,465.945,-6.684842105263135,-4.5989999999999895,-8.625,71.55697105263158,0.10676398693929459,0.1799742906127934,0,0.16107744736842106,1.2648026315789773,1,2,0,0,0,0,0,0
2024-02-18,38,38,1,75.31225438378155,718.619,-1.8228157894736627,0.17900000000003047,-3.926999999999964,63.86998157894737,0.1947634080899373,0.272702118813207,0.30000000000000004,0.1605865,1.0875921052631794,1,2,0,0,0,0,0,0
2024-02-19,39,39,1,112.72689140538405,672.345,-4.029256410256388,4.271000000000015,-11.137,70.69274102564103,0.1848215608754059,0.4826097471323968,0,0.15956684210526315,0.8858684210526574,0.9743589743589743,1.9487179487179487,1,1,1,0.02564102564102564,0.02564102564102564,0.02564102564102564
2024-02-20,39,39,1,108.05912195159488,624.556,1.3967692307692507,8.675000000000011,-3.4969999999999573,62.553651282051284,0.3000113171223138,0.6380298715943067,0,0.16149953846153847,0.671038461538485,1,2,0,0,0,0,0,0
2024-02-21,48,48,1,120.85933720612499,527.171,7.809291666666689,14.288000000000011,3.8389999999999986,55.55954583333333,0.4969264933416472,0.9358264330642607,0,0.200371125,1.522145833333356,1,2,0,0,0,0,0,0
2024-02-22,48,48,1,153.2280115565833,640.837,5.673958333333358,13.539000000000044,-1.8619999999999663,66.1712875,0.411966596218686,1.0989154220006894,0,0.19631766666666667,2.4918958333333556,1,2,0,0,0,0,0,0
2024-02-23,48,48,1,92.64740398042082,484.345,2.819666666666693,8.107000000000028,-1.6359999999999673,64.64464375,0.2770661376087642,0.7462996538328207,0,0.18367870833333333,2.27826041666669,1,2,0,0,0,0,0,0
2024-02-24,39,39,1,138.90731621971793,639.276,-5.8057435897435665,-1.481999999999971,-11.177999999999997,50.08593333333334,0.21170367887786423,0.3539360208608525,0,0.184403,0.9089102564102811,1,2,0,0,0,0,0,0
2024-02-25,41,41,1,123.67737813552465,627.703,-0.06192682926826997,7.242999999999995,-5.015999999999963,64.78043902439025,0.23710030944865773,0.4713905913386097,0,0.180729025,0.6058750000000203,0.975609756097561,1.951219512195122,1,1,1,0.024390243902439025,0.024390243902439025,0.024390243902439025
2024-02-26,48,48,1,158.6707953972708,591.453,6.020208333333361,14.148000000000025,0.35599999999999454,60.508302083333334,0.4164962038651624,0.9056720081673502,0,0.17893354166666667,1.5830625000000218,1,2,0,0,0,0,0,0
2024-02-27,48,48,1,149.68981105626872,608.317,14.644145833333353,21.363,11.00200000000001,63.0119,0.6471336437943558,1.3259798404633438,0,0.17772045833333333,4.888427083333353,1,2,0,0,0,0,0,0
2024-02-28,43,43,1,66.51428473848836,395.102,2.9258837209302566,16.28000000000003,-7.488999999999976,77.44053023255815,0.1823140614480783,0.4849633039107526,0.2,0.17709634883720932,4.750279069767463,1,2,0,0,0,0,0,0
2024-02-29,39,39,1,147.4726422047441,665.514,-5.051692307692287,-0.05099999999998772,-8.92999999999995,53.981161538461535,0.20207426701963457,0.32900281216647187,0,0.17675515384615384,1.034666666666685,1,2,0,0,0,0,0,0
2024-03-01,43,43,1,153.97229117068372,682.554,2.199325581395375,8.567000000000007,-2.502999999999986,47.654016279069765,0.41762275160300394,0.7806210122762909,0,0.17728046511627907,1.1403488372093282,1,2,0,0,0,0,0,0
2024-03-02,48,48,1,170.8577998977083,649.829,6.070020833333354,10.632000000000005,2.5580000000000496,61.73221875,0.37139120234366,0.5745299592956906,0,0.17644925,3.0904895833333565,1,2,0,0,0,0,0,0
2024-03-03,48,48,1,177.1765283458333,656.756,9.288229166666689,18.924000000000035,3.740000000000009,72.65474999999999,0.4302361977579702,1.300890944561576,0,0.17290733333333333,4.232666666666686,1,2,0,0,0,0,0,0
2024-03-04,48,48,1,90.85164442449772,326.303,14.69206250000002,19.465000000000032,9.984000000000037,70.5792375,0.5099665357627784,0.8460590960684267,0,0.17095375,6.6343020833333615,1,2,0,0,0,0,0,0
2024-03-05,48,48,1,56.062806859374994,291.535,9.987270833333351,18.229000000000042,4.862000000000023,87.38552708333333,0.18400021951881046,0.6249462867949125,29.099999999999994,0.22506302083333332,7.616135416666685,1,2,0,0,0,0,0,0
2024-03-06,48,48,1,197.12132328020834,703.201,6.40747916666669,10.800000000000011,2.4540000000000077,65.52311041666667,0.3687514140316173,1.0008758357256395,0,0.2096273125,6.203395833333353,1,2,0,0,0,0,0,0
2024-03-07,48,48,1,91.74860204054166,425.386,4.064229166666692,8.072000000000003,0.382000000000005,58.183616666666666,0.34582529262362494,0.7793577190644186,0,0.1965015625,4.6782916666666825,1,2,0,0,0,0,0,0
2024-03-08,48,48,1,29.308784022916665,117.658,4.937270833333356,7.379000000000019,3.0440000000000396,87.69199583333334,0.10786038048538944,0.3038662251078169,10.6,0.20013352083333333,5.054187500000026,1,2,0,0,0,0,0,0
2024-03-09,48,48,1,60.488560865968736,300.597,2.6067500000000217,5.842000000000041,0.6090000000000373,88.77322291666667,0.07839789694419247,0.19099725730453876,12.099999999999998,0.23521716666666667,4.83022916666669,1,2,0,0,0,0,0,0
2024-03-10,42,42,1,125.62695436780952,565.299,-0.24288095238092575,3.100999999999999,-2.72199999999998,72.76723095238096,0.17654122198040456,0.43931059154441565,0,0.21201259523809524,3.4439285714285925,1,2,0,0,0,0,0,0
2024-03-11,48,48,1,207.93450084290004,700.844,4.258812500000026,14.381000000000029,-1.252999999999986,64.25264375,0.3958887069167759,1.0099496738961837,0,0.20200814583333335,3.129270833333359,1,2,0,0,0,0,0,0
2024-03-12,48,48,1,198.08680176437497,714.033,11.00508333333336,17.699000000000012,6.508000000000038,59.468870833333334,0.5967361073503281,1.142300953677276,0,0.19400160416666667,5.348302083333353,1,2,0,0,0,0,0,0
2024-03-13,48,48,1,207.84253200291667,737.459,12.46347916666669,20.05200000000002,2.742999999999995,51.46248541666667,0.8782767078864003,1.9557207594579247,0,0.189176875,6.423145833333356,1,2,0,0,0,0,0,0
2024-03-14,48,48,1,22.37491018060417,103.637,9.645645833333353,15.608000000000004,5.447000000000003,62.42069166666667,0.5177686327874197,1.3503575675245472,20.099999999999998,0.205415625,6.63677083333336,1,2,0,0,0,0,0,0
2024-03-15,48,48,1,210.701252073125,746.571,4.532562500000021,9.184000000000026,-0.17699999999996407,80.57060208333334,0.19647716663220122,0.6811935827163149,1.3,0.220947125,5.755645833333352,1,2,0,0,0,0,0,0
2024-03-16,48,48,1,94.67587855822705,522.343,4.775145833333358,10.153999999999996,0.22900000000004184,68.85457708333334,0.28739803623609833,0.580609274033173,0,0.20470535416666666,5.026135416666683,1,2,0,0,0,0,0,0
2024-03-17,48,48,1,87.54478725142145,460.404,0.9046875000000227,6.822000000000003,-2.252999999999986,65.14317083333333,0.23140439055114376,0.48291873573910626,0.1,0.19794164583333335,4.265302083333355,1,2,0,0,0,0,0,0
2024-03-18,48,48,1,70.74511746016252,314.294,-2.5009999999999764,-0.7589999999999577,-4.308999999999969,73.12386666666667,0.13849150050429349,0.22885529083467432,0.1,0.19459377083333335,2.6729791666666882,1,2,0,0,0,0,0,0
2024-03-19,48,48,1,148.7367376452521,701.845,1.1129375000000257,5.551000000000045,-1.6379999999999768,59.7729625,0.28109392042859305,0.49108190861027645,0,0.19210989583333332,2.62436458333336,1,2,0,0,0,0,0,0
2024-03-20,42,42,1,109.25634617526191,510.335,-1.2802142857142678,4.055000000000007,-4.062999999999988,59.91779761904762,0.22368908916024655,0.4240498872262543,0.1,0.18853092857142856,2.6156666666666926,1,2,0,0,0,0,0,0
2024-03-21,38,38,1,165.8651694065595,889.649,-4.558868421052612,0.299000000000035,-8.291999999999973,52.390252631578946,0.23024365406551425,0.4422354427241538,0,0.1875163157894737,1.4030789473684466,1,2,0,0,0,0,0,0
2024-03-22,48,48,1,101.56663811711461,387.108,-2.6760416666666473,-0.7980000000000018,-4.635999999999967,74.08399375,0.12854288696059005,0.34207689432445065,5.9,0.18669397916666666,1.3288645833333548,1,2,0,0,0,0,0,0
2024-03-23,43,43,1,224.76356185226047,833.831,-1.400279069767418,0.9519999999999982,-4.495999999999981,66.87296046511628,0.1964483734668083,0.4240857610255625,0.8,0.19219609302325583,1.9830930232558317,1,2,0,0,0,0,0,0
2024-03-24,42,42,1,93.61477924771427,522.582,-1.596904761904741,2.6070000000000277,-4.981999999999971,56.8656,0.24572247765137786,0.3870667630680166,0,0.21714990476190477,1.5251309523809766,1,2,0,0,0,0,0,0
2024-03-25,48,48,1,135.1688175534375,594.526,7.007604166666693,17.121000000000038,0.4630000000000223,50.46152708333334,0.570409222331482,1.1246427179031997,0,0.21828295833333333,2.623333333333349,1,2,0,0,0,0,0,0
2024-03-26,48,48,1,67.14947356741668,308.186,10.96364583333335,15.192000000000007,5.348000000000013,72.57944166666667,0.397553768039355,1.0818078674272018,12.399999999999997,0.23054535416666666,5.657416666666693,1,2,0,0,0,0,0,0
2024-03-27,48,48,1,66.08116825748603,361.972,0.6201875000000266,5.07000000000005,-1.4989999999999668,74.4223875,0.16243309212341392,0.2504150764525232,0.1,0.22067016666666667,3.9498437500000243,1,2,0,0,0,0,0,0
2024-03-28,45,45,1,245.88159562942664,818.23,0.9016222222222405,3.6680000000000064,-1.811999999999955,58.35945111111111,0.2842328392859738,0.5004196920658347,0,0.21010577777777778,2.8485777777778027,1,2,0,0,0,0,0,0
2024-03-29,45,45,1,258.49224836006124,808.386,2.6813111111111274,9.888000000000034,-1.9219999999999686,54.57454222222222,0.37625695657473474,0.8120430288547482,0,0.20267029545454546,2.9029772727273007,0.9777777777777777,1.9555555555555555,1,1,1,0.022222222222222223,0.022222222222222223,0.022222222222222223
2024-03-30,48,48,1,50.95303818401166,218.979,2.9875208333333547,5.490000000000009,0.7880000000000109,77.23677708333334,0.16985472606827176,0.41524000543830974,1.2000000000000002,0.1992435625,3.4559687500000242,1,2,0,0,0,0,0,0
2024-03-31,48,48,1,64.92316017604168,223.47,3.111166666666692,5.638000000000034,0.9180000000000064,88.47011458333333,0.09135185901118656,0.21649240476160314,0.1,0.20043922916666668,4.058197916666695,1,2,0,0,0,0,0,0
2024-04-01,48,48,1,179.0886632625,723.726,5.252270833333361,10.075000000000045,1.0860000000000127,74.63315625,0.25208771784502126,0.5786479588583221,0.6,0.19790160416666666,4.506416666666688,1,2,0,0,0,0,0,0
2024-04-02,48,48,1,28.82109903916667,123.763,3.213687500000024,4.9809999999999945,1.7530000000000427,92.47340625,0.05821012927144363,0.14587698111975833,13.800000000000002,0.2323840625,4.385145833333362,1,2,0,0,0,0,0,0
2024-04-03,48,48,1,105.22433003958335,646.293,3.0886041666666855,5.6930000000000405,0.8700000000000045,86.67489375,0.10683416301858195,0.31121550453608693,5.4999999999999964,0.23309104166666667,4.353135416666689,1,2,0,0,0,0,0,0
2024-04-04,48,48,1,110.5627479625,435.764,3.2600000000000176,6.194000000000017,1.7890000000000441,85.20203333333333,0.11985903477806349,0.27829343333574397,1.8000000000000005,0.2197485625,4.4906354166666915,1,2,0,0,0,0,0,0
2024-04-05,48,48,1,216.24912203541666,736.431,4.414916666666688,8.817000000000007,1.5289999999999964,68.59840208333333,0.29739988112340426,0.707060782307225,0.5,0.2161210625,4.704968750000024,1,2,0,0,0,0,0,0
2024-04-06,48,48,1,274.3650045181875,842.85,5.927854166666686,13.93300000000005,-0.603999999999985,49.28528333333333,0.5315693387807222,1.1143041491322319,0,0.20711875,4.687447916666695,1,2,0,0,0,0,0,0
2024-04-07,48,48,1,190.86033774197918,810.241,7.96710416666669,14.358000000000004,0.2259999999999991,49.45671458333333,0.6247578579725794,1.2394068268684324,0,0.2152045,4.7621979166666915,1,1.9583333333333333,0,0,0,0,0,0
2024-04-08,48,48,1,230.82159994985412,816.665,12.087625000000022,19.50400000000002,7.050000000000011,54.19575208333333,0.7327325195905133,1.5032017712887866,1.3,0.2578785625,6.7648958333333535,1,2,0,0,0,0,0,0
2024-04-09,48,48,1,265.1895889218125,816.356,13.273854166666693,16.640000000000043,7.986000000000047,52.95233125,0.7393747709367604,1.0720540979725475,0,0.2804094583333333,7.8728125000000215,1.8541666666666665,2,0,0,0,0,0,0
2024-04-10,45,45,1,250.47859360944446,751.371,10.28964444444447,17.640000000000043,3.4399999999999977,61.767002222222224,0.5646343536174021,1.2659477742880367,0,0.2841828111111111,7.8284851851852055,1.9333333333333333,2.822222222222222,0,0,0,0,0,0
2024-04-11,40,40,1,64.0884428475,188.225,10.162550000000019,12.395000000000039,8.120000000000005,70.074685,0.38594484679867913,0.6943806649664855,2.7,0.265313625,8.132266666666688,2,3,0,0,0,0,0,0
2024-04-12,48,48,1,116.86065503051248,527.802,8.138583333333356,12.336000000000013,6.326999999999998,82.78470625,0.21053539774141952,0.7612811511163791,6.399999999999999,0.28765276041666665,7.764555555555582,2,3,0,0,0,0,0,0
2024-04-13,37,37,1,224.25909499540535,865.747,7.483729729729752,12.386000000000024,4.131000000000029,57.97615405405406,0.45557012052616397,0.8600335847655135,0,0.2886376081081081,6.937063063063083,2,3,0,0,0,0,0,0
2024-04-15,7,7,1,362.90394285714285,607.712,18.63514285714287,19.439999999999998,17.060000000000002,26.1887,1.5878229571545819,1.6876994379538375,0,0.27594492857142855,12.326142857142884,2,3,0,0,0,0,0,0
2024-04-16,48,48,1,249.10534018975,864.453,12.741895833333354,19.62700000000001,6.615000000000009,45.11944375,0.894918995735223,1.5792262193950957,0,0.27235291666666667,9.433027777777806,2,3,0,0,0,0,0,0
2024-04-17,48,48,1,98.36799430650416,657.471,13.866854166666688,20.716000000000008,9.221000000000004,69.41453333333334,0.4875862975270033,1.0424726861679994,7.3,0.27200886458333334,10.461944444444466,2,3,0,0,0,0,0,0
2024-04-18,48,48,1,117.12499542342084,564.101,9.456604166666686,11.475999999999999,6.459000000000003,74.33490833333333,0.30969468796913935,0.5144814915518263,0.2,0.2770267708333333,9.932888888888911,2,3,0,0,0,0,0,0
2024-04-19,48,48,1,301.5147794731105,891.854,7.208791666666686,9.903999999999996,4.55600000000004,63.54118125,0.3784128339884441,0.7555854143395276,0.8,0.2754297291666667,9.434750000000028,2,3,0,0,0,0,0,0
2024-04-20,48,48,1,146.26506252420648,548.297,3.982791666666691,7.8320000000000505,2.062000000000012,52.19435,0.39315948528715944,0.621451749059929,0,0.27257015625,7.907263888888911,2,3,0,0,0,0,0,0
2024-04-21,48,48,1,299.3220124156062,901.755,4.984958333333356,10.064999999999998,0.49600000000003774,51.9436125,0.4506381580842933,0.8078850909520672,0,0.27005158333333334,7.62320138888891,2,3,0,0,0,0,0,0
2024-04-22,48,48,1,280.6381633429375,893.82,8.961270833333357,15.782000000000039,3.472000000000037,49.14158333333334,0.6875059237182218,1.3904317020774282,0,0.26673226041666664,8.23586111111113,2,3,0,0,0,0,0,0
2024-04-23,27,27,1,19.35556582201889,147.956,12.456666666666694,14.07000000000005,10.740000000000009,45.88407407407407,0.7920243626211301,1.1350351883963274,0,0.2632078888888889,8.858827160493846,2,3,0,0,0,0,0,0
2024-04-24,1,1,1,289.109,289.109,10.968000000000018,10.968000000000018,10.968000000000018,36.4958,0.8318570626655959,0.8318570626655959,0,0.266826,10.934666666666658,2,3,0,0,0,0,0,0
2024-04-25,48,48,1,312.68011724505834,907.097,5.4463750000000255,13.369000000000028,-2.375,53.04353125,0.5136071695989479,1.12486168226303,0,0.26464538541666666,8.46336111111113,2,3,0,0,0,0,0,0
2024-04-26,48,48,1,237.71008376641876,829.385,9.305520833333354,16.942000000000007,1.6970000000000027,47.9487875,0.7049813762994595,1.3601728850920707,0,0.2596435208333333,8.703076388888913,2,3,0,0,0,0,0,0
2024-04-27,48,48,1,101.61591576791665,369.817,16.23170833333336,22.326999999999998,9.6710000000000491,77.19856458333334,0.4605939340798009,1.2076782009720142,4.4,0.25833369791666666,10.953326388888911,2,3,0,0,0,0,0,0
2024-04-28,48,48,1,71.61931542291667,394.255,17.93604166666669,21.52800000000002,13.484000000000037,88.00709791666667,0.26871044883485007,0.6852702352173958,4.6000000000000005,0.26293430208333335,13.111902777777798,2,3,0,0,0,0,0,0
2024-04-29,48,48,1,119.25065058750005,638.601,13.42414583333335,18.986000000000047,9.997000000000014,91.46210625,0.17051560266308957,0.6098426236226047,9.200000000000001,0.28989138541666665,12.801409722222244,2,3,0,0,0,0,0,0
2024-04-30,48,48,1,205.48130949802083,807.446,12.461958333333358,17.198000000000036,7.189000000000021,72.39063541666667,0.41490746073173623,0.8504029202426251,0,0.29219632291666664,12.586298611111134,2,3,0,0,0,0,0,0
2024-05-01,48,48,1,278.8945030623146,901.988,16.13525000000002,20.382000000000005,9.095000000000027,60.97882708333333,0.7789084846690607,1.5440251437490677,0,0.282854625,12.923715277777804,2,3,0,0,0,0,0,0
2024-05-02,48,48,1,255.43935314393084,848.741,15.003312500000023,23.34200000000004,6.395000000000039,63.595533333333336,0.7643780568394456,1.6300926604892265,0,0.2735390833333333,12.806138888888908,2,3,0,0,0,0,0,0
2024-05-03,48,48,1,181.45569387664585,819.197,16.91525000000002,21.463000000000022,12.796000000000049,79.14645208333333,0.4670813138595215,1.6221821281182627,7.999999999999998,0.28147816666666664,14.16354166666669,2,3,0,0,0,0,0,0
2024-05-04,48,48,1,221.99213388270832,932.052,15.756208333333356,24.16900000000004,10.102000000000032,74.14166458333334,0.5542879408269787,1.3973614696125582,0,0.28218754166666665,13.74929861111114,2,3,0,0,0,0,0,0
2024-05-05,48,48,1,268.526338677875,920.163,15.077750000000027,23.13900000000001,9.52800000000002,75.80063541666667,0.4734134942165067,1.313824235481353,1.5,0.2781901041666667,15.043798611111136,2,3,0,0,0,0,0,0
2024-05-06,47,47,1,272.34099303063834,909.54,13.999212765957473,20.272000000000048,9.301000000000045,60.27651276595745,0.7036965280656974,1.4209071304490892,0,0.2718976276595745,13.79894326241137,2,3,0,0,0,0,0,0
2024-05-07,48,48,1,142.96016778416666,692.891,14.030395833333362,18.835000000000036,9.285000000000025,65.29673958333333,0.5531802819134584,1.2182868703262981,4.9,0.26613215625,13.217451388888913,2,3,0,0,0,0,0,0
2024-05-08,48,48,1,321.10677083312504,937.652,15.386354166666687,21.474000000000046,9.471000000000004,77.54248125,0.499891708001103,1.5531689575943648,1.9000000000000004,0.27259791666666666,14.070861111111132,2,3,0,0,0,0,0,0
2024-05-09,48,48,1,90.68841377354165,300.456,12.887125000000024,18.326999999999998,9.992000000000019,69.9940625,0.46167260353375295,0.9428164169805793,0,0.26914672916666665,13.059631944444467,2,3,0,0,0,0,0,0
2024-05-10,48,48,1,271.4432995367709,823.842,11.884854166666692,16.664000000000044,5.241000000000042,73.80508333333333,0.4417800016638923,1.0179797896629903,0,0.26637822916666665,12.700625000000024,2,3,0,0,0,0,0,0
2024-05-11,47,47,1,158.4569234182064,712.783,11.136234042553209,15.016999999999996,7.91700000000003,76.37356170212766,0.3473450850513312,0.8181155273665371,5.300000000000001,0.2719366170212766,12.400297872340445,2,3,0,0,0,0,0,0
2024-05-12,48,48,1,304.3861071865834,909.584,12.86585416666669,23.66500000000002,2.847000000000037,67.06221875,0.7089956405157932,2.104845791116171,0,0.27212394791666666,12.028756944444465,2,3,0,0,0,0,0,0
2024-05-13,48,48,1,254.52485601458332,915.69,18.897083333333356,23.613,14.723000000000013,64.15205833333333,0.838742158059741,1.6228101692386148,3.1999999999999997,0.27292080208333336,14.589736111111138,2,3,0,0,0,0,0,0
2024-05-14,48,48,1,97.72959045874998,481.774,14.330791666666693,16.774,12.334000000000003,77.16737083333334,0.37322063565493596,0.672742802760198,0,0.27038742708333335,14.294750000000025,2,3,0,0,0,0,0,0
2024-05-15,48,48,1,303.54335807729166,862.774,15.467979166666689,21.93100000000004,11.140000000000043,52.89989791666667,0.9113098846301365,1.735088816540132,0,0.2666824375,13.917333333333353,2,3,0,0,0,0,0,0
2024-05-16,47,47,1,243.31872809987664,781.245,15.70787234042555,22.372000000000014,7.925000000000011,59.45337446808511,0.8101704293289878,1.4106064355578152,0,0.26264362765957444,14.061716312056765,2,3,0,0,0,0,0,0
2024-05-17,48,48,1,215.30602579145233,808.283,18.721104166666688,24.176000000000045,15.560000000000002,78.6567375,0.5311336910473001,1.523226212817196,0,0.25984380208333335,15.517708333333358,2,3,0,0,0,0,0,0
2024-05-18,48,48,1,304.2341057352458,917.973,18.13816666666669,27.09200000000004,7.66700000000003,71.76582916666666,0.8586810704029252,2.1991447935104054,0,0.2566806770833333,15.329916666666687,2,3,0,0,0,0,0,0
2024-05-19,48,48,1,315.6924858734521,912.818,22.48766666666669,27.646000000000015,18.924000000000035,55.92055833333333,1.2866574428508983,2.6526853777594073,0,0.2528999895833333,16.533993055555584,2,3,0,0,0,0,0,0
2024-05-20,48,48,1,204.13824472835418,892.214,17.004687500000028,25.723000000000013,8.874000000000024,68.81180833333333,0.6694328313049857,1.9835324450038623,19,0.2525757604166667,15.630187500000028,2,3,0,0,0,0,0,0
2024-05-21,47,47,1,243.21427032524684,875.269,18.535808510638322,28.30400000000003,13.710000000000036,87.86694893617022,0.5296448109149594,1.8525085121242997,1.9000000000000001,0.3030773829787234,17.067546099290798,2,3,0,0,0,0,0,0
2024-05-22,48,48,1,185.80949702027914,587.471,20.72085416666669,27.52600000000001,15.68300000000005,67.05916666666667,0.857355400684211,1.7208920955330167,0,0.28991165625,17.886090277777807,2,3,0,0,0,0,0,0
2024-05-23,48,48,1,328.16973560571046,920.412,17.069041666666692,22.785000000000025,10.867000000000019,59.77504583333333,0.9034629268010842,1.8727284157856796,0,0.2814236666666667,16.165000000000024,2,3,0,0,0,0,0,0
2024-05-24,48,48,1,255.34281619936039,781.44,17.888812500000025,26.38100000000003,8.705000000000041,60.17917708333333,1.0428882145937974,2.0836426507348613,0,0.27506463541666665,15.9477777777778,2,3,0,0,0,0,0,0
2024-05-25,48,48,1,329.72884633750004,937.893,19.10122916666669,24.29200000000003,14.616000000000042,63.042285416666665,0.8801179394255526,1.8087621236746,1.1,0.27029620833333334,17.13761111111113,2,3,0,0,0,0,0,0
2024-05-26,47,47,1,162.4588262359787,676.041,15.74280851063832,23.492999999999995,8.201000000000022,73.84496170212766,0.6081201322471812,1.213744569057352,3,0.23669404255319149,15.583304964539034,1.148936170212766,3,0,0,0,0,0,0
2024-05-27,48,48,1,65.11144506423334,309.561,14.427083333333357,16.976,11.825000000000045,96.00458333333333,0.08856045278195053,0.15775205817606652,0.2,0.23693360416666667,15.945909722222249,1,3,0,0,0,0,0,0
2024-05-28,48,48,1,189.38262881420835,790.92,14.428520833333357,19.033000000000015,11.348000000000013,86.1053125,0.33382283780948624,0.8372035135684617,2.6,0.22963591666666666,15.633125000000021,1,3,0,0,0,0,0,0
2024-05-29,48,48,1,233.56519621166663,683.983,15.306479166666687,19.987000000000023,11,70.14966875,0.5856566173432298,1.5245062480434355,0,0.24127510416666667,15.929312500000021,1,3,0,0,0,0,0,0
2024-05-30,47,47,1,333.66005061942553,894.949,13.978382978723426,21.42100000000005,5.0160000000000196,45.37184893617022,1.004792063585584,1.8330762476709328,0,0.24773323404255318,14.474872340425556,1,3,0,0,0,0,0,0
2024-05-31,48,48,1,315.71812554425,883.491,15.963625000000022,24.56800000000004,4.998000000000047,55.4305875,1.0101671697735362,2.0870027310983144,0,0.2460085625,14.647819444444465,1,3,0,0,0,0,0,0
2024-06-01,48,48,1,165.28251348239584,704.746,16.70979166666669,23.239000000000033,10.185000000000002,65.7474625,0.7228768417491787,1.5944818117016066,11.7,0.24406810416666666,15.511437500000024,1,2.145833333333333,0,0,0,0,0,0
2024-06-02,46,46,1,252.39719906949998,942.88,18.469021739130454,23.715000000000032,15.254999999999995,84.76360652173913,0.6309105197454669,1.3990491692895966,8.4,0.30678202173913044,17.216836956521753,1,2,0,0,0,0,0,0
2024-06-03,48,48,1,314.0993032485417,887.102,18.740937500000022,26.349000000000046,11.578000000000031,78.53440416666666,0.9403439861339139,1.7129727857102075,0,0.28626766666666664,17.406406250000014,1,2,0,0,0,0,0,0
2024-06-04,48,48,1,245.0864759971042,847.392,23.286104166666693,28.05600000000004,18.42700000000002,69.15722291666667,0.9537567078281023,1.652520831724137,0,0.27385533333333334,19.048635416666688,1,2,0,0,0,0,0,0
2024-06-05,48,48,1,146.87876623077082,511.468,22.12877083333336,26.384000000000015,20.055000000000007,80.23097916666667,0.5714997578968212,1.4405674424704809,3.2,0.2679281875,19.548333333333353,1,2,0,0,0,0,0,0
2024-06-06,48,48,1,269.72606911604163,889.07,17.799645833333358,20.964,14.248000000000047,71.987689583333335,0.6615714004281051,1.1501833364199083,0.7,0.2618511875,18.43568750000002,1,2,0,0,0,0,0,0
2024-06-07,47,47,1,214.720861833617,892.776,15.651085106383004,19.26600000000002,12.345000000000027,68.23494893617021,0.6019741776622857,1.2036395516764675,0,0.2470552765957447,16.8253191489362,1,2,0,0,0,0,0,0
2024-06-08,48,48,1,106.77179668562499,535.504,14.754895833333352,19.227000000000032,11.060000000000002,82.60331458333333,0.34458898250130826,0.9522082056784604,4.499999999999999,0.241603,15.704072916666687,1,2,0,0,0,0,0,0
2024-06-09,48,48,1,291.356667898125,924.725,15.481250000000028,20.845000000000027,10.734000000000037,78.9540375,0.7920875670339517,1.3218210894548625,0.2,0.2553543157894737,16.245020833333356,0.7916666666666666,2,0,0,0,0,0,0
2024-06-10,31,31,1,149.90687051516133,810.642,11.469032258064539,17.29600000000005,8.222000000000037,72.98798387096774,0.3864978985174859,0.7978637111004998,0,0.38286383870967744,14.851806451612925,1,2,0,0,0,0,0,0
2024-06-11,5,5,1,189.8613,319.317,18.17900000000003,18.67100000000005,17.510000000000048,39.1274,1.2713249624627274,1.3127150568935173,0,0.2093678,17.515600000000028,1,2,0,0,0,0,0,0
2024-06-12,48,48,1,326.69002586958334,921.133,20.00677083333336,26.676000000000045,15.385000000000048,54.49520416666667,1.0978121456128676,1.8431461191692444,0,0.2223258125,17.159739583333355,1,2,0,0,0,0,0,0
2024-06-13,48,48,1,269.7141485827083,900.603,23.687437500000023,27.638000000000034,19.55600000000004,62.145833333333336,1.1331970878800388,1.9226269813423142,0,0.21052547916666667,18.806479166666694,1,2,0,0,0,0,0,0
2024-06-14,48,48,1,327.9250876666667,911.594,20.522895833333354,25.960000000000036,13.037000000000035,65.76349791666667,0.9745261216663115,1.9511166534009972,0,0.19722147916666666,18.434135416666695,1,2,0,0,0,0,0,0
2024-06-15,48,48,1,309.8347498168354,1012.05,19.305062500000023,25.772000000000048,10.718000000000018,58.36872291666667,1.0628132917270343,1.9441232976890324,0,0.18000816666666666,17.770395833333357,1,2,0,0,0,0,0,0
2024-06-16,48,48,1,248.732983094375,840.749,22.562520833333352,29.77800000000002,16.841000000000008,52.2003125,1.3775649518155635,2.2354288942770304,0,0.161398625,18.500343750000017,1,2,0,0,0,0,0,0
2024-06-17,47,47,1,316.033958917234,885.695,26.62142553191491,31.858000000000004,21.27000000000004,68.04057659574468,1.2456799001197187,2.579291152797505,0,0.1469305319148936,20.653893617021296,1,2,0,0,0,0,0,0
2024-06-18,48,48,1,230.8161521952083,801.497,26.449833333333352,30.36500000000001,23.463000000000022,73.38206041666666,0.9617223835232516,1.9868333862631782,1.3,0.1330724375,21.573229166666692,1,2,0,0,0,0,0,0
2024-06-19,48,48,1,288.60585864250004,877.92,27.29504166666669,30.289000000000044,25.09400000000005,66.31296875,1.2595745581138382,2.1766262534179943,0,0.12507654166666668,22.40888541666669,1,2,0,0,0,0,0,0
2024-06-20,48,48,1,216.42982911812504,880.54,24.342270833333355,29.095000000000027,20.76400000000001,84.76922291666666,0.535479564119984,1.552251571210677,1.3,0.1128650625,22.227895833333353,1,2,0,0,0,0,0,0
2024-06-21,48,48,1,299.6865857141667,874.858,23.91791666666669,28.769000000000005,18.216000000000008,84.00453958333334,0.8728091343440126,1.612479155256957,0,0.10662133333333333,22.331458333333355,1,2,0,0,0,0,0,0
2024-06-22,48,48,1,100.13962870137082,592.231,22.92218750000002,27.55600000000004,19.859000000000037,89.92517708333334,0.39978644864367774,1.4520465626075127,8.200000000000001,0.101840775,21.57057291666669,1,2,0,0,0,0,0,0
2024-06-23,44,44,1,201.68710029611586,651.804,20.47463636363639,22.94300000000004,17.610000000000014,89.63935681818182,0.3710364848498056,0.9549597814456907,17.3,0.24052348095238096,21.270250000000026,0.47727272727272724,2,0,0,0,0,0,0
2024-06-24,48,48,1,333.568697880825,921.105,19.18402083333335,25.76600000000002,13.149000000000001,79.70006458333333,0.8111372521095215,1.6887010556381994,17.6,NA,19.818927083333357,0,2,0,0,0,0,0,0
2024-06-25,48,48,1,130.37166213906252,599.594,21.73685416666669,25.614000000000033,18.74200000000002,80.55367708333334,0.5497853779550668,1.3652373950794194,23.4,0.1215394,20.172906250000022,0.5416666666666667,2,0,0,0,0,0,0
2024-06-26,48,48,1,222.6034608,904.354,21.88387500000002,26.182000000000016,18.975000000000023,82.92135208333333,0.8121618122343999,2.026710184429415,0.1,0.0430378,20.465937500000027,0.02083333333333332,2,0,0,0,0,0,0
2024-06-27,48,48,1,339.77260497991665,939.857,16.46191666666669,22.839,10.662000000000035,68.17521875,0.6809567224064751,1.4022008091107983,0,NA,18.640791666666686,0,2,0,0,0,0,0,0
2024-06-28,48,48,1,95.26156311812501,368.155,17.29189583333336,21.647000000000048,13.275000000000034,78.11991666666667,0.44568762261770856,0.9276803583236037,0,NA,18.028177083333357,0,2,0,0,0,0,0,0
2024-06-29,48,48,1,181.11665350520832,746.54,21.81781250000002,25.473000000000013,19.286,89.47284375,0.4329869263140686,0.8993063041931748,12.6,0.06775981111111111,19.903906250000023,0.1875,2,0,0,0,0,0,0
2024-06-30,47,47,1,331.6870414476595,925.145,17.166106382978754,25.015000000000043,12.200000000000045,68.49761914893617,0.6281446176997936,1.0785737303658165,0,NA,19.110500000000023,0,2,0,0,0,0,0,0
2024-07-01,48,48,1,340.8987712117646,941.769,14.874208333333359,22.67500000000001,5.837000000000046,65.01042916666667,0.7837959478189177,1.6761048362844808,0,NA,16.820312500000025,0,2,0,0,0,0,0,0
2024-07-02,47,47,1,88.0657324568085,482.257,16.799702127659597,21.098000000000013,13.343000000000018,72.65388510638297,0.5267158714110731,1.3056217976966342,2.6,NA,17.0763936170213,0,2,0,0,0,0,0,0
2024-07-03,48,48,1,236.0967154345209,912.724,21.74012500000002,25.557000000000016,17.93900000000002,77.34825000000001,0.6327117766263528,1.2592662833185018,0.4,NA,18.977979166666685,0,2,0,0,0,0,0,0
2024-07-04,48,48,1,207.59664889062498,548.178,23.053270833333357,26.271000000000015,17.746000000000038,76.2455125,0.7050389469118171,1.1286254026528038,0,NA,20.129239583333355,0,2,0,0,0,0,0,0
2024-07-05,48,48,1,265.2539757825,861.249,21.023083333333354,25.64300000000003,16.602000000000032,84.68739791666667,0.6002126569974912,1.240646166650385,0.6,NA,20.378781250000017,0,2,0,0,0,0,0,0
2024-07-06,36,36,1,91.68278617583331,627.803,18.72550000000002,22.38900000000001,17.064999999999998,90.81283888888889,0.2790156151461146,0.822810402396418,0,NA,19.60261111111113,0,2,0,0,0,0,0,0
2024-07-10,5,5,1,171.83344,241.982,20.005600000000015,21.161,18.68100000000004,94.87416,0.15714946211674952,0.24516846609829912,1,0.0233805,21.269100000000027,0.4,2,0,0,0,0,0,0
2024-07-11,48,48,1,231.54781515083334,888.893,20.27154166666669,25.180000000000007,14.580000000000041,87.82023958333333,0.6380386309805063,1.0981266660490774,0.30000000000000004,0.23155351058823528,20.38344791666669,0.7083333333333334,2,0,0,0,0,0,0
2024-07-12,48,48,1,293.29077947999997,948.239,21.958041666666688,28,16.805000000000007,81.08072916666667,0.8765289250273763,1.7929343695538733,1.1,0.33072287499999997,20.937156250000026,1,2,0,0,0,0,0,0
2024-07-13,48,48,1,315.3691623753167,888.364,22.523812500000023,27.991000000000042,15.961000000000013,77.35646458333333,1.1004865400650938,1.8064943808984664,0,0.3217697291666667,21.145020833333355,1,2,0,0,0,0,0,0
2024-07-14,48,48,1,227.3769688572083,862.614,23.69337500000002,27.65700000000004,19.623000000000047,81.5513125,0.6675235901402529,1.355353086766101,0.2,0.31005439583333333,21.829187500000025,1,2,0,0,0,0,0,0
2024-07-15,48,48,1,298.544467089375,877.148,23.505937500000027,27.147000000000048,19.80000000000001,84.14385,0.5485041100018307,1.2480966061227519,2.1,0.3119859583333333,22.29745833333335,1,2,0,0,0,0,0,0
2024-07-16,48,48,1,166.17781067610417,810.928,22.496166666666696,25.984000000000037,19.491000000000042,86.99188958333333,0.5050180891240629,1.3171734356808331,3.9000000000000004,0.3056901875,22.24206250000002,1,2,0,0,0,0,0,0
2024-07-17,48,48,1,309.39239611249997,866.679,20.09583333333336,23.965000000000032,15.958000000000027,76.28834166666667,0.7106894848681821,1.434327643871756,0,0.29484554166666666,20.830333333333357,1,2.854166666666667,0,0,0,0,0,0
2024-07-18,47,47,1,301.2523507103829,900.695,16.945595744680872,22.30800000000005,10.298000000000002,71.49535957446808,0.6863137399380422,1.4174617321112892,0,0.2470582,19.10939007092201,0.21276595744680865,3,0,0,0,0,0,0
2024-07-19,48,48,1,292.16626498555,913.243,17.445916666666694,24.423000000000002,9.307000000000016,73.28416874999999,0.7729315144987654,1.5715349718511409,0,NA,18.54060416666669,0,3,0,0,0,0,0,0
2024-07-20,48,48,1,267.55991782402504,844.328,18.80502083333336,25.260000000000048,11.610000000000014,78.11227291666667,0.8192876543268994,1.5668535103468582,0,NA,18.904215277777798,0,3,0,0,0,0,0,0
2024-07-21,48,48,1,252.77443346657293,784.809,21.010645833333353,26.69300000000004,14.673000000000002,79.25831458333333,0.6966811852157074,1.6222724692013328,0,NA,19.729986111111135,0,3,0,0,0,0,0,0
2024-07-22,48,48,1,274.8740701292125,870.793,21.355416666666688,26.471000000000004,15.75200000000001,79.01851458333333,0.9423791467606355,1.6976363611339,0,NA,21.16514583333335,0,2.9791666666666665,0,0,0,0,0,0
2024-07-23,47,47,1,228.964969972,862.88,19.532531914893642,26.064999999999998,11.607000000000028,80.02324680851063,0.6672044173108029,1.4853469614086519,0,NA,19.841446808510668,0,3,0,0,0,0,0,0
2024-07-24,28,28,1,33.17942400928572,309.312,18.914892857142885,22.998000000000047,17.239000000000033,95.65613214285715,0.16899634494224283,0.9391739880860235,0,NA,19.88357142857145,0,3,0,0,0,0,0,0
2024-07-25,48,48,1,323.14495727740416,899.127,18.26972916666669,24.347000000000037,12.408000000000015,73.52243541666667,0.8749310847995837,1.6769765332325772,0,NA,19.13836111111114,0,3,0,0,0,0,0,0
2024-07-26,48,48,1,308.21956898696567,905.044,19.692604166666687,26.735000000000014,11.31800000000004,69.79538333333333,0.9636088103190621,1.9845883995917868,0,NA,19.06147916666669,0,3,0,0,0,0,0,0
2024-07-27,48,48,1,315.39432823064584,885.015,21.593041666666686,27.74000000000001,14.504999999999995,64.63318333333333,1.0430953876455402,2.0714860178470045,0,NA,19.471229166666692,0,3,0,0,0,0,0,0
2024-07-28,48,48,1,215.67455504375002,847.753,21.15477083333336,27.986000000000047,13.451000000000022,76.97389583333333,0.824743572522837,1.6769554288819348,0,NA,19.80266666666669,0,3,0,0,0,0,0,0
2024-07-29,48,48,1,172.57359144458337,664.099,23.673020833333357,28.882000000000005,21.363,90.81372291666666,0.49772447498207334,1.4944942349787511,14.6,NA,21.64770138888891,0,3,0,0,0,0,0,0
2024-07-30,48,48,1,278.8278004414583,847.731,23.115375000000025,27.977000000000032,19.662000000000035,88.677225,0.6511227477931614,1.2697307946901173,2.2,NA,22.312694444444467,0,3,0,0,0,0,0,0
2024-07-31,47,47,1,285.4261361593617,842.835,23.899829787234065,28.196000000000026,19.076000000000022,84.81628723404255,0.5957612390230905,1.5241712013157116,0,NA,22.3296241134752,0,3,0,0,0,0,0,0
2024-08-01,48,48,1,172.90108308000003,657.816,23.615895833333354,27.80400000000003,19.839,91.47119791666667,0.4896715770523171,0.9214567545890855,0.1,NA,22.607236111111135,0,3,0,0,0,0,0,0
2024-08-02,48,48,1,177.28172049833336,596.962,23.80660416666669,28.846000000000004,19.92100000000005,88.02952083333334,0.6835094709525679,1.5877119867243512,2.8,NA,22.741479166666682,0,3,0,0,0,0,0,0
2024-08-03,48,48,1,292.49008829104173,840.736,24.314895833333352,29.242999999999995,18.850000000000023,73.73977291666667,1.065581752769137,2.1385385440268556,0,NA,22.178048611111134,0,3,0,0,0,0,0,0
2024-08-04,48,48,1,234.7633862604167,777.803,22.358229166666696,28.584000000000003,15.788000000000011,74.37227708333333,0.9121949482365158,2.126054520766118,0,NA,21.56023611111113,0,3,0,0,0,0,0,0
2024-08-05,48,48,1,119.28853812625003,466.358,22.05322916666669,26.451000000000022,18.479000000000042,82.11877916666667,0.5100540837130568,1.425840070174858,0,NA,21.588027777777803,0,3,0,0,0,0,0,0
2024-08-06,48,48,1,121.65499962520833,590.168,18.12064583333336,23.64300000000003,14.133000000000038,83.39694166666666,0.4356954191517767,0.8897763324077494,25.199999999999996,NA,19.67473611111113,0,3,0,0,0,0,0,0
2024-08-07,48,48,1,292.7206798695833,869.38,18.516458333333354,24.239000000000033,11.882000000000005,74.07659375,0.667150279431718,1.5562903102325787,0.1,NA,18.444666666666684,0,3,0,0,0,0,0,0
2024-08-08,48,48,1,272.7692559773334,820.856,18.96920833333336,24.370000000000005,12.621000000000038,77.50743333333334,0.6366128847907471,1.3828132138392821,0,NA,18.939243055555572,0,3,0,0,0,0,0,0
2024-08-09,48,48,1,250.99805005106253,886.224,18.427083333333357,21.640000000000043,14.462000000000046,74.24319583333333,0.5573043505240047,1.087584538696659,0,NA,19.24772916666669,0,3,0,0,0,0,0,0
2024-08-10,48,48,1,155.48683340054166,542.548,15.66166666666669,18.192000000000007,12.591000000000008,78.49752708333334,0.40000667888600877,0.6160367453715243,0,NA,17.78075694444447,0,3,0,0,0,0,0,0
2024-08-11,47,47,1,234.56991546563833,782.992,17.84323404255321,22.247000000000014,13.584000000000003,75.60141276595745,0.5742911589435089,1.3660504961686637,0,0.26175764705882354,17.908070921985836,0.3617021276595744,3,0,0,0,0,0,0
2024-08-12,48,48,1,274.63399520863743,891.355,19.083854166666686,25.64300000000003,11.65500000000003,76.33667708333333,0.832921071031942,1.77587946480856,0,0.2584350625,18.2416527777778,1,3,0,0,0,0,0,0
2024-08-13,48,48,1,285.258856184375,856.814,20.467541666666683,27.87700000000001,13.52600000000001,74.93249166666666,0.9199500296729892,2.2493642716215323,0,0.26369513541666667,18.752263888888915,1.8541666666666665,3,0,0,0,0,0,0
2024-08-14,47,47,1,254.8226505455319,856.357,20.856787234042574,28.248000000000047,13.636000000000024,74.93448510638298,1.109913951940479,2.169946071694634,0,0.26102505319148933,19.048567375886552,2,3,0,0,0,0,0,0
2024-08-15,48,48,1,135.82932086033335,540.203,19.83006250000002,24.914000000000044,15.128000000000043,80.90250416666667,0.5280768687768117,1.310859628678861,1.2,0.25680496875000003,19.063611111111133,2,3,0,0,0,0,0,0
2024-08-16,42,42,1,131.4862831311905,708.786,19.644785714285735,25.579000000000008,18.021000000000015,96.45742619047618,0.2988610742661299,0.989520484212437,29.400000000000006,0.3106324404761905,19.25758730158733,2,3,0,0,0,0,0,0
2024-08-18,15,15,1,366.46361333333334,621.412,22.863200000000038,23.486000000000047,21.960000000000036,74.90542,0.7002109857457245,0.8077215712829524,0,0.3207834,21.151866666666688,2,3,0,0,0,0,0,0
2024-08-19,36,36,1,302.05669063144444,834.564,18.90633333333336,21.29400000000004,15.475999999999999,73.03816388888889,0.6830452710049892,1.2060936908906443,0,0.31448744444444443,19.255527777777804,2,3,0,0,0,0,0,0
2024-08-20,46,46,1,286.70255253119126,884.421,14.563673913043505,20.05600000000004,9.012,74.3660347826087,0.563133666457479,1.2986334945541103,0,0.30575247826086954,17.07068115942031,2,3,0,0,0,0,0,0
2024-08-21,48,48,1,262.9721328674583,833.901,14.95710416666669,21.647000000000048,7.073000000000036,74.22901041666667,0.6563194185479201,1.3670553855779415,0,0.29832744791666665,16.460520833333355,2,3,0,0,0,0,0,0
2024-08-22,48,48,1,277.1513293132229,838.832,15.99762500000002,22.46700000000004,8.423000000000002,75.739,0.7111393222939703,1.4003131625236924,0,0.2924692291666667,16.594131944444467,2,3,0,0,0,0,0,0
2024-08-23,48,48,1,221.30310173316977,802.98,16.885479166666688,23.90900000000005,9.14100000000002,79.58089583333333,0.5986058339319524,1.4002449438779196,0,0.2868972083333333,16.715194444444467,2,3,0,0,0,0,0,0
2024-08-24,48,48,1,244.75259796052086,842.728,19.90954166666669,26.843000000000018,12.66700000000003,75.63947083333333,0.7619724633759621,1.8238195154529901,0,0.28213002083333333,17.744034722222246,2,3,0,0,0,0,0,0
2024-08-25,31,31,1,80.21450043258062,598.768,19.382741935483896,26.72800000000001,16.709000000000003,92.96872903225807,0.2080004785299275,0.8814513846377809,0,0.27837635483870965,18.14731182795701,2,3,0,0,0,0,0,0
2024-08-29,6,6,1,386.19225,600.21,25.00933333333336,25.74000000000001,23.883000000000038,71.52215,0.909487364422103,1.0948290276395376,0,0.288273,22.004777777777804,2,3,0,0,0,0,0,0
2024-08-30,11,11,1,141.856495,360.86,23.265272727272738,24.29000000000002,22.016999999999996,87.58798181818182,0.35708590487451686,0.4931664063224561,0,0.28438868181818183,22.204363636363663,2,3,0,0,0,0,0,0
2024-08-31,15,15,1,614.627524,814.112,24.34100000000002,25.259000000000015,22.14100000000002,59.62493333333333,1.2486603165793828,1.595846431455004,0,0.27942,21.03455555555559,2,3,0,0,0,0,0,0
2024-09-01,27,27,1,427.09321011000003,849.161,20.306555555555573,21.920000000000016,18.521000000000015,61.59451851851852,0.9323737841832752,1.3579323362917055,0,0.2731404074074074,19.560061728395084,2,3,0,0,0,0,0,0
2024-09-02,33,33,1,368.5917263400909,817.774,17.04454545454548,21.647000000000048,8.900000000000034,60.12793939393939,0.8856943507525584,1.6027030564704492,0,0.2669205,17.46518181818184,2,3,0,0,0,0,0,0
2024-09-03,34,34,1,365.2478903551765,800.991,18.546000000000024,23.487000000000023,11.475000000000023,59.3734,0.9539121497300944,1.6874351954898055,0,0.2619917352941177,17.08075490196081,2,3,0,0,0,0,0,0
2024-09-04,22,22,1,482.65371438204545,768.505,21.081863636363654,25.590000000000032,13.975999999999999,57.28851818181818,1.1936148361216201,2.0670248590476956,0,0.2575366590909091,17.14639393939396,2,3,0,0,0,0,0,0
2024-09-10,11,11,1,370.79198181818185,670.823,23.808363636363662,25.13100000000003,20.563000000000045,52.67998181818182,1.4083015512143748,1.610771530034448,0,0.23015654545454545,18.19130303030305,2,3,0,0,0,0,0,0
2024-09-11,48,48,1,187.12428136187498,748.57,18.843645833333355,27.138000000000034,10.677000000000021,66.26853125,0.9131174407829655,2.206459071458907,0,0.2283124375,16.4400902777778,2,3,0,0,0,0,0,0
2024-09-12,48,48,1,219.2603543108333,717.542,19.19941666666669,28.810000000000002,11.248000000000047,75.09746041666666,1.0215847426181943,2.377269709965022,0,0.2248121875,16.732409722222247,2,3,0,0,0,0,0,0
2024-09-13,48,48,1,214.40458377979172,724.482,21.251250000000027,28.837000000000046,15.329000000000008,68.327075,0.9696192847654497,2.5113507982237095,0,0.22036953125,17.32032638888891,2,3,0,0,0,0,0,0
2024-09-14,48,48,1,219.08253424125002,733.452,21.178312500000022,29.185000000000002,14.609000000000037,70.6503,0.943901926630044,2.444298627289472,0,0.21610307291666667,17.681590277777797,2,3,0,0,0,0,0,0
2024-09-15,48,48,1,221.68321977003959,739.445,22.205583333333355,30.177999999999997,15.810000000000002,70.56303333333334,1.0375841205195486,2.628654045737683,0,0.21187532291666666,18.03500694444447,2,3,0,0,0,0,0,0
2024-09-16,48,48,1,225.2601340441021,736.676,22.743687500000018,29.50600000000003,13.77600000000001,56.439172916666664,1.4154472737552952,2.871984750999043,0,0.20698035416666666,18.126118055555576,2,3,0,0,0,0,0,0
2024-09-17,48,48,1,227.64116500254377,741.244,20.043562500000025,27.396000000000015,11.352000000000032,62.5238875,1.1893060460144789,2.5648807555300657,0,0.20191344791666666,17.43022222222224,2,3,0,0,0,0,0,0
2024-09-18,48,48,1,225.74328860962498,729.689,18.456812500000023,27.42900000000003,9.69500000000005,70.35001666666666,0.9844766307650956,2.245912302029521,0,0.19721634375,16.805034722222242,2,3,0,0,0,0,0,0
2024-09-19,48,48,1,214.7594000496875,716.21,19.816875000000024,28.449000000000012,11.247000000000014,69.74149375,1.135985731247552,2.506988434265437,0,0.19249602083333334,17.027763888888913,2,3,0,0,0,0,0,0
2024-09-20,48,48,1,96.14024278474167,464.991,20.689229166666685,25.620000000000005,16.382000000000005,73.4274,0.6801537294587998,1.517835009471921,0.1,0.188223625,17.605180555555577,2,3,0,0,0,0,0,0
2024-09-21,48,48,1,201.73054283348958,703.307,21.361833333333355,29.177999999999997,16.513000000000034,78.50262708333334,1.4862687584761793,2.7058527135858195,0.4,0.18518098958333334,17.84611805555558,2,3,0,0,0,0,0,0
2024-09-22,48,48,1,29.529603305395835,164.661,18.608479166666687,20.355999999999995,16.726,81.83533125,0.5174883595375135,0.9822788249509271,13.500000000000002,0.2060171875,17.688708333333363,2,3,0,0,0,0,0,0
2024-09-23,48,48,1,162.40435269018337,790.478,15.266729166666687,20.388000000000034,10.309000000000026,86.27215416666667,0.3329499388241466,1.033822112091264,0.1,0.26945901041666664,16.72968055555558,2,3,0,0,0,0,0,0
2024-09-24,48,48,1,36.90627487361457,322.363,15.07589583333336,18.807000000000016,12.623000000000047,98.35591458333333,0.07417791477054672,0.18618428485075222,0.1,0.2889277083333333,16.106090277777803,2,3,0,0,0,0,0,0
2024-09-25,48,48,1,167.82064309829167,626.075,17.730000000000025,21.878000000000043,14.656000000000006,87.18610833333334,0.5729649238793354,1.1976291667048382,0,0.32059310416666664,17.151486111111133,2,3,0,0,0,0,0,0
2024-09-26,48,48,1,193.57939228075628,692.566,16.039958333333352,24.299000000000035,9.314999999999998,79.59399166666667,0.8070233725956434,1.654200860212829,0,0.302314625,15.941395833333353,2,3,0,0,0,0,0,0
2024-09-27,48,48,1,165.37962322541665,595.582,16.803583333333357,23.587000000000046,11.451999999999998,77.61730208333333,0.8350210320676402,1.7998060406364123,0,0.2908183020833333,15.78247916666669,2,3,0,0,0,0,0,0
2024-09-28,48,48,1,149.2259310318958,617.513,19.700125000000025,24.872000000000014,16.32800000000003,71.96187916666666,0.6736947292559529,1.1125524579242376,0,0.2795194166666667,16.35479166666669,2,3,0,0,0,0,0,0
2024-09-29,48,48,1,201.60352097500004,681.261,20.604750000000024,25.67500000000001,14.938000000000045,61.6456375,1.0096257130386874,1.7878321473762482,0,0.2704262604166667,17.0219652777778,2,3,0,0,0,0,0,0
2024-09-30,48,48,1,172.07552482027083,677.002,18.88566666666669,25.009000000000015,13.140000000000043,76.47907083333334,0.676336661592639,1.4399026014160592,0,0.2633532083333333,16.494923611111137,2,3,0,0,0,0,0,0
2024-10-01,48,48,1,126.55988828419999,643.733,16.28264583333335,21.254999999999995,12.70700000000005,81.41557291666666,0.5294495431825011,1.02313943952219,0,0.258925375,16.077270833333355,2,3,0,0,0,0,0,0
2024-10-02,48,48,1,201.61215444245835,684.51,11.049333333333358,18.40100000000001,3.9570000000000505,76.418560416666665,0.5352835701420775,1.0476549074226735,0,0.254332125,13.847972222222245,2,3,0,0,0,0,0,0
2024-10-03,48,48,1,184.7049369744348,651.152,15.50902083333336,22.53400000000005,10.990000000000009,69.16954166666666,0.6264435481671357,1.48619027419101,0,0.2503832395833333,13.984229166666687,2,3,0,0,0,0,0,0
2024-10-04,48,48,1,151.66641308562498,660.699,14.314770833333354,19.37700000000001,10.860000000000014,69.38700416666667,0.5443645686786431,1.201091450442507,0,0.24696176041666668,14.208006944444469,2,3,0,0,0,0,0,0
2024-10-05,48,48,1,183.56086163087522,636.541,12.729916666666691,21.724000000000046,5.230000000000018,68.98013333333333,0.5575800762035031,1.2733922666688484,0,0.24316564583333333,13.010152777777792,2,3,0,0,0,0,0,0
2024-10-06,48,48,1,165.36912832833332,642.913,17.908312500000022,22.055000000000007,13.685000000000002,59.623752083333336,0.8366341993520112,1.4245361606016678,0,0.23953110416666668,14.720138888888911,2,3,0,0,0,0,0,0
2024-10-07,48,48,1,192.7819038440229,669.816,12.31985416666669,15.867000000000019,7.117999999999995,58.5449875,0.6164710796377346,1.0333983999912728,0,0.23489909375,13.64542361111113,2,3,0,0,0,0,0,0
2024-10-08,48,48,1,180.8097198086896,701.474,10.99672916666669,17.66500000000002,3.3880000000000337,67.51496458333334,0.6121295640590148,1.2934731360129228,0,0.23088592708333333,12.277666666666692,2,3,0,0,0,0,0,0
2024-10-09,48,48,1,189.04109589827706,663.913,8.404666666666692,16.523000000000025,0.75,73.36569583333333,0.5389732741923726,1.114353431548062,0,0.22730071875,11.26507638888891,2,3,0,0,0,0,0,0
2024-10-10,48,48,1,185.04185426222082,650.189,9.531895833333358,18.233000000000004,1.94500000000005,72.62295,0.5255975864829643,1.312437952919337,0,0.22443935416666666,10.92000000000002,2,3,0,0,0,0,0,0
2024-10-11,48,48,1,146.15026605215212,541.239,14.237104166666693,22.66700000000003,6.037000000000035,72.421375,0.6424474891767663,1.419099877274929,0,0.22163751041666668,11.809645833333354,2,3,0,0,0,0,0,0
2024-10-12,48,48,1,145.1773931372292,649.321,12.669854166666694,18.973000000000013,6.463000000000022,70.86330625,0.5171513228019115,1.0619296183287465,0.1,0.21823657291666668,12.603180555555584,2,3,0,0,0,0,0,0
2024-10-13,48,48,1,85.28881139774376,451.82,9.593187500000024,12.656000000000006,6.734000000000037,93.59943541666667,0.1846853114653883,0.45048123868349643,0,0.248579375,11.8982777777778,2,3,0,0,0,0,0,0
2024-10-14,48,48,1,153.51800635970832,627.857,6.594375000000026,9.91500000000002,2.708000000000027,81.2908125,0.23493647606974635,0.6007457620300227,0,0.2611024895833333,10.593055555555576,2,3,0,0,0,0,0,0
2024-10-15,48,48,1,161.8930710679854,645.155,4.634958333333354,9.586000000000013,1.29200000000003,76.48050833333333,0.2298597056631182,0.636537913091282,0,0.25281521875,8.836875000000017,2,3,0,0,0,0,0,0
2024-10-16,48,48,1,174.8399568673979,612.447,7.006270833333357,12.62700000000001,3.129000000000019,76.92708125,0.28181210130270307,0.7429463936796805,0,0.24745660416666668,8.943430555555581,2,3,0,0,0,0,0,0
2024-10-17,48,48,1,172.1378011178958,611.852,6.436687500000025,15.524000000000001,-1.4149999999999636,78.0499375,0.473587607974333,0.9893318706087488,0,0.24317257291666666,8.477444444444465,2,3,0,0,0,0,0,0
2024-10-18,48,48,1,163.31541772941668,592.587,10.272312500000021,17.67100000000005,3.9020000000000437,58.99788958333333,0.5772486627015899,1.2679585332892254,0,0.23938319791666668,8.862138888888907,2,3,0,0,0,0,0,0
2024-10-19,48,48,1,164.18557141327085,598.446,10.752208333333359,19.369000000000028,2.369000000000028,72.2715375,0.5134050883524746,1.191662604702491,0,0.23586217708333335,9.355180555555581,2,3,0,0,0,0,0,0
2024-10-20,48,48,1,143.948997113,563.105,14.911708333333355,21.173000000000002,10.629999999999995,67.3608625,0.6356544238334931,1.382454350877984,0,0.23261010416666666,10.545743055555578,2,3,0,0,0,0,0,0
2024-10-21,48,48,1,155.70871521781044,575.14,17.99958333333335,23.20300000000003,14.112000000000023,53.106914583333335,1.0125691686231728,1.7340126078805271,0,0.22813121875,12.085347222222246,2,3,0,0,0,0,0,0
2024-10-22,48,48,1,125.02324457740416,609.469,16.622958333333354,22.201000000000022,11.725999999999999,51.8531,0.9595747891570221,1.6831121721711997,0,0.22354791666666668,12.019229166666687,2,3,0,0,0,0,0,0
2024-10-23,48,48,1,112.15032111027084,582.521,15.216583333333356,18.57800000000003,9.537000000000035,62.955125,0.6604502296032643,1.1634716010511548,0,0.21919167708333334,12.674236111111133,2,3,0,0,0,0,0,0
2024-10-24,48,48,1,143.33349942469792,549.265,7.51872916666669,15.074000000000012,1.0649999999999977,80.57823958333333,0.47078118031385835,0.911378449380675,0.1,0.21594904166666667,10.335881944444465,2,3,0,0,0,0,0,0
2024-10-25,48,48,1,78.73855259287498,553.63,9.623145833333353,15.198000000000036,7.0230000000000246,82.11874583333334,0.31834276472639833,0.6719007176971807,0,0.21390684375,10.451722222222243,2,3,0,0,0,0,0,0
2024-10-26,48,48,1,152.94902551696458,634.594,8.122895833333354,11.69300000000004,4.867000000000019,64.28484166666667,0.40848422379210775,0.8552452907316402,0,0.21511580208333334,9.33936805555558,2,3,0,0,0,0,0,0
2024-10-27,48,48,1,130.6975587913125,552.263,4.625854166666688,12.572000000000003,-2.9139999999999873,65.46935,0.5130753552029456,1.1012288452295105,0,0.21375026041666667,7.879006944444468,2,3,0,0,0,0,0,0
2024-10-28,48,48,1,125.18988401759374,585.252,8.568208333333356,16.43100000000004,3.5960000000000036,56.250795833333335,0.5644425810813287,1.2347374465495355,0,0.21235711458333334,8.13642361111113,2,3,0,0,0,0,0,0
2024-10-29,48,48,1,118.56795207291665,495.473,16.727791666666686,24.29200000000003,9.511000000000024,66.72769791666667,0.7068970252393082,1.3749435351231978,0.1,0.21055276041666668,10.62770138888891,2,3,0,0,0,0,0,0
2024-10-30,48,48,1,83.03565568750001,375.138,21.616604166666686,23.108000000000004,20.168000000000006,61.4232875,1.0014741534117213,1.2974209228724913,0,0.2100995625,13.609555555555582,2,3,0,0,0,0,0,0
2024-10-31,47,47,1,44.208785751063836,193.94,18.6648936170213,21.263000000000034,11.918000000000006,68.06837446808511,0.7028341840154592,0.9696247226324213,0.1,0.20911894680851065,14.088234042553216,2,3,0,0,0,0,0,0
2024-11-01,48,48,1,86.06342326774146,367.95,7.053333333333359,11.674000000000035,4.867000000000019,74.78874375,0.2971096812117409,0.5510381652929557,0,0.20815638541666667,11.456625000000022,2,3,0,0,0,0,0,0
2024-11-02,46,45,0.9782608695652174,133.5296560970156,537.034,3.5103333333333544,11.04400000000004,-3.1649999999999636,76.05002444444445,0.43209483762602474,0.826401101313722,0,0.20687346666666667,8.614177777777803,1.9565217391304348,2.9347826086956523,0,0,0,0,0,0
2024-11-03,46,46,1,44.33712603794786,208.276,7.723739130434806,14.358000000000004,2.959000000000003,65.87317173913044,0.39979593105305633,0.9295042292821898,0,0.20582420652173913,8.50372463768118,2,3,0,0,0,0,0,0
2024-11-04,48,48,1,13.0419939704375,84.9366,14.281312500000025,17.72800000000001,10.088000000000022,90.33908958333333,0.20454614258362097,0.7196572220248952,0.1,0.20982103125,10.915638888888912,2,3,0,0,0,0,0,0
2024-11-05,48,48,1,24.109842277562493,189.298,17.458145833333358,19.411,16.595000000000027,95.36530833333333,0.17179097482885083,0.42822710531718045,0,0.28074576041666666,13.625347222222244,2,3,0,0,0,0,0,0
2024-11-06,48,48,1,43.89884249375002,247.918,12.789395833333355,17.170000000000016,9.62700000000001,93.27292708333333,0.16605906425600592,0.32757817933916655,0,0.31293191666666664,13.555715277777805,2,3,0,0,0,0,0,0
2024-11-07,48,48,1,128.91957372000005,507.249,8.859500000000024,11.717000000000041,5.4500000000000455,79.93394583333334,0.23928127261118026,0.4906369174591373,0,0.2995764270833333,11.589930555555577,2,3,0,0,0,0,0,0
2024-11-08,48,48,1,127.00461109374794,497.83,8.846500000000022,12.5,5.879000000000019,76.11766041666667,0.3066451944546815,0.7425894729853633,0,0.2922311354166667,9.948548611111134,2,3,0,0,0,0,0,0
2024-11-09,48,48,1,85.96583929405207,492.54,5.625666666666694,11.092000000000041,0.6160000000000423,75.55184583333333,0.2545260533467125,0.5433660697602449,0,0.28613754166666666,8.390694444444472,2,3,0,0,0,0,0,0
2024-11-10,48,48,1,30.784597881791658,236.935,8.923687500000023,12.879999999999995,6.3940000000000055,88.30392916666666,0.21409036245370833,0.37230850927010006,0.1,0.29724920833333335,9.329701388888912,2,3,0,0,0,0,0,0
2024-11-11,48,48,1,57.42281227897918,339.114,9.538729166666693,11.937000000000012,5.492000000000019,79.136025,0.27046322609038204,0.5080898404134218,0,0.312350875,9.968756944444467,2,3,0,0,0,0,0,0
2024-11-12,48,48,1,121.30880347228957,500.517,3.1668750000000188,7.538000000000011,-2.2819999999999823,78.03280208333334,0.19703201362575132,0.4716927271316871,0,0.3011988125,7.607506944444465,2,3,0,0,0,0,0,0
2024-11-13,48,48,1,72.22005196026458,361.629,3.991854166666692,9.649000000000001,0.060000000000002274,73.13746875,0.25249898684392713,0.5972202252565072,0,0.29490615625,6.503638888888912,2,3,0,0,0,0,0,0
2024-11-14,48,48,1,17.417117212802292,89.9845,6.720395833333361,9.113,5.455000000000041,93.93425208333333,0.24516752181330728,0.5552124141850368,0.1,0.3092201041666667,7.642152777777804,2,3,0,0,0,0,0,0
2024-11-15,48,48,1,36.00714747764229,231.566,7.694979166666689,9.742999999999995,6.590000000000032,95.58577916666667,0.10228163333683274,0.20148280994911583,0,0.30782696875,8.647118055555579,2,3,0,0,0,0,0,0
2024-11-16,48,48,1,35.29111252055208,188.224,7.916541666666687,9.286000000000001,6.5400000000000205,81.74711041666667,0.21597548470397376,0.37876098977327854,0,0.3016049375,8.884534722222247,2,3,0,0,0,0,0,0
2024-11-17,48,48,1,30.3467221285,156.153,8.415562500000018,11.602000000000032,5.948000000000036,84.41501666666666,0.17547011813091787,0.3100109215609861,0,0.29677894791666665,8.691333333333356,2,3,0,0,0,0,0,0
2024-11-18,48,48,1,65.22481110502291,432.843,7.082958333333352,11.732000000000028,0.010000000000047748,89.76377083333334,0.3995104062897593,0.5622254662759967,0.1,0.29326901041666664,8.313312500000022,2,3,0,0,0,0,0,0
2024-11-19,38,38,1,16.967525139713157,172.738,10.54476315789476,14.944000000000017,8.2960000000000491,93.71578947368421,0.16236605729628859,0.4727450497366008,0,0.2986990789473684,9.100359649122833,2,3,0,0,0,0,0,0
2024-11-20,7,7,1,73.26083479974604,173.97222222222223,5.0512857142857275,6.19,4.63,74.81534285714287,0.2220178958244012,0.36193789842319846,0.25,0.2957093333333333,8.412444444444475,0.8571428571428571,1.2857142857142858,4,4,4,0.5714285714285714,0.5714285714285714,0.5714285714285714
2024-11-21,48,48,1,46.683278927895834,240.011,1.334666666666691,4.525000000000034,0.07400000000001228,94.68892708333334,0.0842706693672623,0.2924094786547574,6.6000000000000005,0.30008372916666665,7.091125000000019,2,3,0,0,0,0,0,0
2024-11-22,48,48,1,42.55737679336896,204.009,3.7752916666666927,7.822000000000003,-0.09199999999998454,91.92214375,0.08750999427974532,0.22767589087335816,0,0.30233401041666663,6.479083333333355,2,3,0,0,0,0,0,0
2024-11-23,48,48,1,28.112064747916673,144.401,5.1086666666666884,6.253000000000043,4.175000000000011,88.81480416666666,0.12766205614268286,0.21275427106442424,0.7,0.2986413229166667,7.207875000000024,2,3,0,0,0,0,0,0
2024-11-24,48,48,1,54.784871627083334,263.838,4.891291666666691,7.271000000000015,2.8149999999999977,87.93498125,0.1282403705297209,0.2943926394714732,0,0.29554454166666666,7.205152777777793,2,3,0,0,0,0,0,0
2024-11-25,48,48,1,13.691294133958335,101.502,5.312687500000026,6.4150000000000205,4.215000000000032,95.99681041666666,0.08579110670517562,0.21267971767835803,2.2,0.2941520729166667,7.211520833333352,2,3,0,0,0,0,0,0
2024-11-26,31,31,1,17.305526603225804,249.582,2.443709677419376,6.0120000000000005,-0.4539999999999509,87.4576064516129,0.09439001795510354,0.1672372626177644,1.4000000000000001,0.29515837096774195,6.715139784946262,2,3,0,0,0,0,0,0
2024-12-13,4,4,1,0.7090432675,2.79553,-10.461499999999972,-9.58099999999996,-11.113,69.0097,0.08584181362356422,0.10267635844217296,0,0.2752025,3.225500000000025,2,3,0,0,0,0,0,0
2024-12-14,40,40,1,31.929507934475,312.887,-8.391499999999974,-0.8249999999999886,-11.98399999999998,72.562725,0.09763434109279177,0.2144115594746479,0,0.2725585875,2.941133333333356,2,3,0,0,0,0,0,0
2024-12-15,47,47,1,22.94291123859574,116.767,0.9528297872340659,2.951000000000022,-0.9479999999999791,93.20232127659574,0.14678206589996154,0.22784473897091134,1.2000000000000004,0.2902216595744681,2.7697375886525037,2,3,0,0,0,0,0,0
2024-12-16,44,44,1,6.817583081518181,47.9311,5.621613636363662,8.448000000000036,3.04200000000003,99.98925681818181,0.005916498207253129,0.01273390909128147,3.3000000000000007,0.3077931818181818,3.5706893939394138,2,3,0,0,0,0,0,0
2024-12-17,48,48,1,13.303735062072917,56.7575,2.8061041666666893,5.757000000000005,0.7090000000000032,80.31213125,0.14430358999957354,0.20032836087394468,0.30000000000000004,0.29406073958333334,4.333361111111133,2,3,0,0,0,0,0,0
2024-12-18,48,48,1,14.217949334575,78.2262,0.1294166666666912,0.7160000000000082,-1.30499999999995,82.26296041666667,0.10892378184260501,0.16872515064077176,0,0.2854837604166667,3.4589861111111317,2,3,0,0,0,0,0,0
2024-12-19,48,48,1,20.148678732915833,150.43,-2.968416666666644,-1.294999999999959,-3.7059999999999604,80.48667708333333,0.09924941519834259,0.1904382525760545,0,0.28020341666666665,2.547215277777801,2,3,0,0,0,0,0,0
2024-12-20,43,43,1,43.71576142297209,271.242,-3.3980697674418345,-1.561999999999955,-4.157999999999959,88.85382558139536,0.05619394109764412,0.17735104817062286,0.8999999999999999,0.27770062790697675,2.3521240310077753,2,3,0,0,0,0,0,0
2024-12-21,37,37,1,19.685973836838652,243.199,-5.882729729729702,-3.953999999999951,-8.928999999999974,70.6896027027027,0.11580155149897424,0.18575800517228658,0,0.27738145945945947,2.5932882882883095,2,3,0,0,0,0,0,0
2024-12-22,37,37,1,10.543445954211352,96.272,-10.790513513513494,-3.113999999999976,-14.449999999999989,78.87587837837837,0.06178306709505181,0.1481359691486071,0,0.2754695405405405,2.3330000000000255,2,3,0,0,0,0,0,0
2024-12-23,48,48,1,15.170990018670832,111.507,-1.726645833333306,0.44500000000005,-3.342999999999961,77.0372375,0.1418699335937839,0.18755418255414869,0.1,0.2738299791666667,2.160263888888912,2,3,0,0,0,0,0,0
2024-12-24,48,48,1,40.54581063946249,260.618,-0.0023541666666441288,1.3670000000000186,-1.2099999999999795,87.34759375,0.11408817164087443,0.2235584040835244,2.8000000000000003,0.2766571666666667,2.427458333333359,2,3,0,0,0,0,0,0
2024-12-25,48,48,1,59.54967302974806,386.168,-0.10520833333331356,2.2060000000000173,-1.339999999999975,67.52548541666667,0.19921693452417735,0.3087618660630012,0,0.27981294791666667,2.5747847222222418,2,3,0,0,0,0,0,0
2024-12-26,48,48,1,20.533045438318336,110.801,1.4328125000000185,5.0090000000000146,-0.44899999999995543,96.80967708333334,0.08568798862308313,0.17589643461935134,0.30000000000000004,0.2882651770833333,2.762840277777804,2,3,0,0,0,0,0,0
2024-12-27,48,48,1,17.790412472916664,84.8958,5.051562500000022,6.2830000000000155,3.869000000000028,99.25528333333334,0.024353893485543242,0.06388066557238015,6.799999999999999,0.3024347291666667,4.11888888888891,2,3,0,0,0,0,0,0
2024-12-28,48,48,1,20.796423186374994,117.952,8.041375000000025,10.462000000000046,6.0400000000000205,93.07606875,0.11291050987439086,0.18897407188306625,4.3999999999999995,0.3036186875,5.629333333333356,2,3,0,0,0,0,0,0
2024-12-29,48,48,1,8.564691464583332,60.1816,4.7935833333333555,5.8629999999999995,3.0780000000000314,99.66459166666667,0.012220938499834015,0.051850002110320204,20.6,0.30269801041666666,4.953027777777798,2,3,0,0,0,0,0,0
2024-12-30,48,48,1,90.15300263704167,406.17,3.7101458333333546,7.885000000000048,1.5190000000000055,88.13891041666666,0.17016259635444808,0.4978235536809985,2.8000000000000007,0.3068771979166667,4.398701388888914,2,3,0,0,0,0,0,0
2024-12-31,48,48,1,23.08198448549584,107.824,0.4429166666666927,2.2530000000000427,-1.801999999999964,92.7420875,0.09313894180506771,0.16473615381156126,0,0.29151904166666665,3.1705625000000213,2,3,0,0,0,0,0,0
2025-01-01,9,9,1,5.3418e-6,4.80762e-5,1.209888888888909,1.725999999999999,0.6539999999999964,82.70172222222222,0.11596841036972699,0.15986275420457485,0,0.28921122222222223,3.1207407407407572,2,3,0,0,0,0,0,0
