site,Date,Year,DOY,GrowingSeason,NEE_gC_day,GPP_gC_day,Reco_gC_day,DaysSinceGSStart,cum_NEE_gC,cum_GPP_gC,cum_Reco_gC
LD,2025-04-15,2025,105,TRUE,-0.038099497551428,1.549928649032694,1.5118291514812652,0,-0.038099497551428,1.549928649032694,1.5118291514812652
LD,2025-04-16,2025,106,TRUE,-1.2655996121871307,3.1605400950762297,1.8949404828890988,1,-1.3036991097385586,4.7104687441089235,3.406769634370364
LD,2025-04-17,2025,107,TRUE,-0.857542527416194,3.0286237812537413,2.171081253837549,2,-2.1612416371547525,7.739092525362665,5.577850888207912
LD,2025-04-18,2025,108,TRUE,0.48601578539187906,2.318769120899688,2.804784906291567,3,-1.6752258517628733,10.057861646262353,8.382635794499478
LD,2025-04-19,2025,109,TRUE,-1.2648929457438838,3.808999073472913,2.5441061277290284,4,-2.940118797506757,13.866860719735266,10.926741922228507
LD,2025-04-20,2025,110,TRUE,-2.43570458125586,4.7801310121835225,2.344426430927662,5,-5.375823378762617,18.64699173191879,13.271168353156169
LD,2025-04-21,2025,111,TRUE,-0.022069698012861703,2.7796560542626736,2.7575863562498113,6,-5.397893076775479,21.426647786181462,16.02875470940598
LD,2025-04-22,2025,112,TRUE,-1.3325367322567168,4.259756403241707,2.927219670984991,7,-6.730429809032196,25.68640418942317,18.95597438039097
LD,2025-04-23,2025,113,TRUE,-1.9454332856910423,5.565253388296701,3.61982010260566,8,-8.675863094723239,31.251657577719868,22.575794482996628
LD,2025-04-24,2025,114,TRUE,-1.798508882122129,6.328663556879921,4.530154674757792,9,-10.474371976845367,37.58032113459979,27.10594915775442
LD,2025-04-25,2025,115,TRUE,-3.4094918370440377,8.118527083848267,4.7090352468042305,10,-13.883863813889405,45.69884821844806,31.81498440455865
LD,2025-04-26,2025,116,TRUE,-3.6570319380953746,7.9046821011179835,4.247650163022607,11,-17.54089575198478,53.60353031956605,36.062634567581256
LD,2025-04-27,2025,117,TRUE,-3.3941270244799404,7.937073566649619,4.542946542169679,12,-20.93502277646472,61.54060388621566,40.605581109750936
LD,2025-04-28,2025,118,TRUE,-2.629586006934147,8.270118365934112,5.6405323589999625,13,-23.564608783398867,69.81072225214977,46.2461134687509
LD,2025-04-29,2025,119,TRUE,-2.9145117792888007,9.388326247902672,6.473814468613873,14,-26.47912056268767,79.19904850005244,52.71992793736477
LD,2025-04-30,2025,120,TRUE,-3.188875478027843,8.062126133916045,4.873250655888203,15,-29.66799604071551,87.2611746339685,57.59317859325297
LD,2025-05-01,2025,121,TRUE,5.395647489292552,0.03460849472718548,5.430255984019738,16,-24.272348551422958,87.29578312869567,63.02343457727271
LD,2025-05-02,2025,122,TRUE,-4.029029361809542,8.930285232018404,4.9012558702088604,17,-28.3013779132325,96.22606836071408,67.92469044748157
LD,2025-05-03,2025,123,TRUE,-2.4159127805566034,7.629274761233996,5.213361980677395,18,-30.717290693789103,103.85534312194808,73.13805242815896
LD,2025-05-04,2025,124,TRUE,-2.9924025903282123,8.454942447662331,5.462539857334119,19,-33.709693284117314,112.31028556961041,78.60059228549308
LD,2025-05-05,2025,125,TRUE,-2.3433474126563487,8.26999210512299,5.92664469246664,20,-36.053040696773664,120.58027767473341,84.52723697795972
LD,2025-05-06,2025,126,TRUE,-0.03525095353121474,6.187228861517802,6.151977907986585,21,-36.08829165030488,126.7675065362512,90.67921488594631
LD,2025-05-07,2025,127,TRUE,-4.748220462990715,11.201995696018084,6.453775233027368,22,-40.8365121132956,137.9695022322693,97.13299011897368
LD,2025-05-08,2025,128,TRUE,-4.514631564602979,10.204886529466233,5.690254964863251,23,-45.35114367789858,148.17438876173551,102.82324508383694
LD,2025-05-09,2025,129,TRUE,-4.229050095733783,9.574858963828321,5.345808868094537,24,-49.58019377363236,157.74924772556383,108.16905395193147
LD,2025-05-10,2025,130,TRUE,-5.759877931989199,11.83732287794705,6.077444945957849,25,-55.34007170562156,169.5865706035109,114.24649889788932
LD,2025-05-11,2025,131,TRUE,-4.385614642269904,10.54023783475267,6.154623192482761,26,-59.72568634789147,180.12680843826357,120.40112209037208
LD,2025-05-12,2025,132,TRUE,-2.449464660571626,9.650035796138155,7.200571135566528,27,-62.1751510084631,189.77684423440172,127.60169322593862
LD,2025-05-13,2025,133,TRUE,-1.0980197798105062,8.704880863254722,7.606861083444217,28,-63.2731707882736,198.48172509765644,135.20855430938283
LD,2025-05-14,2025,134,TRUE,-2.193946496647882,9.906740197631912,7.712793700984031,29,-65.46711728492149,208.38846529528834,142.92134801036687
LD,2025-05-15,2025,135,TRUE,-0.8049462892215924,8.686979556360232,7.882033267138644,30,-66.27206357414308,217.07544485164857,150.8033812775055
LD,2025-05-16,2025,136,TRUE,-3.1168993976017716,11.100697967733582,7.983798570131812,31,-69.38896297174485,228.17614281938216,158.78717984763733
LD,2025-05-17,2025,137,TRUE,0.9628606734564152,5.684730646021905,6.64759131947832,32,-68.42610229828843,233.86087346540407,165.43477116711566
LD,2025-05-18,2025,138,TRUE,-6.4021638371486445,12.280040170405378,5.877876333256732,33,-74.82826613543708,246.14091363580945,171.31264750037238
LD,2025-05-19,2025,139,TRUE,-4.623903697725318,9.4443253601023809,4.820421662377062,34,-79.4521698331624,255.58523899591182,176.13306916274945
LD,2025-05-20,2025,140,TRUE,3.3684469268586943,1.0004904259838674,4.368937352842563,35,-76.0837229063037,256.5857294218957,180.502006515592
LD,2025-05-21,2025,141,TRUE,5.4238180590640095,-1.5151957722715124,3.9086222867924953,36,-70.6599048472397,255.07053364962417,184.4106288023845
LD,2025-05-22,2025,142,TRUE,-6.690890882541897,9.628692606718879,2.9378017241769796,37,-77.3507957297816,264.699226256343,187.3484305265615
LD,2025-05-23,2025,143,TRUE,-5.835191556319715,8.354278699802258,2.519087143482543,38,-83.18598728610131,273.0535049561453,189.86751767004404
LD,2025-05-24,2025,144,TRUE,-5.535824179134242,8.826223176338884,3.290398997204638,39,-88.72181146523555,281.87972813248416,193.15791666724868
LD,2025-05-25,2025,145,TRUE,-6.828329573277159,10.969304571126838,4.140974997849677,40,-95.5501410385127,292.849032703611,197.29889166509835
LD,2025-05-26,2025,146,TRUE,-5.275687428637553,10.3964551638126,5.120767735175043,41,-100.82582846715026,303.2454878674236,202.4196594002734
LD,2025-05-27,2025,147,TRUE,-3.6317114751301323,9.873597638219708,6.241886163089576,42,-104.45753994228039,313.11908550564334,208.66154556336298
LD,2025-05-28,2025,148,TRUE,2.0305212409174054,4.926702499110423,6.9572237400278265,43,-102.42701870136298,318.0457880047538,215.6187693033908
LD,2025-05-29,2025,149,TRUE,-3.287522370446534,10.53427374114204,7.246751370695509,44,-105.71454107180952,328.5800617458958,222.8655206740863
LD,2025-05-30,2025,150,TRUE,-1.154789867984192,9.11107679445591,7.956286926471717,45,-106.86933093979371,337.69113854035174,230.821807600558
LD,2025-05-31,2025,151,TRUE,-7.650665851833259,15.479002647888825,7.828336796055568,46,-114.51999679162697,353.17014118824056,238.65014439661357
LD,2025-06-01,2025,152,TRUE,-8.8499822613156,15.97062953967069,7.1206472783550865,47,-123.36997905294257,369.1407707279113,245.77079167496865
LD,2025-06-02,2025,153,TRUE,-6.652097052911999,13.788513341805555,7.136416288893551,48,-130.02207610585458,382.9292840697168,252.9072079638622
LD,2025-06-03,2025,154,TRUE,-3.989670692761798,12.217330469242613,8.227659776480815,49,-134.01174679861637,395.1466145389594,261.134867740343
LD,2025-06-04,2025,155,TRUE,0.3853745582323935,7.354189134822153,7.7395636930545475,50,-133.62637224038397,402.50080367378155,268.87443143339755
LD,2025-06-05,2025,156,TRUE,-5.624877323891563,12.853926810939814,7.2290494870482505,51,-139.25124956427553,415.35473048472136,276.1034809204458
LD,2025-06-06,2025,157,TRUE,-5.409638250957455,12.519346962678192,7.1097087117207325,52,-144.66088781523297,427.87407744739954,283.2131896321665
LD,2025-06-07,2025,158,TRUE,-6.201451741849015,13.351966994213138,7.150515252364127,53,-150.86233955708198,441.22604444161266,290.36370488453065
LD,2025-06-08,2025,159,TRUE,-4.927191844806132,12.384993446791386,7.457801601985253,54,-155.78953140188813,453.61103788840404,297.8215064865159
LD,2025-06-09,2025,160,TRUE,-5.823238069734833,12.624515003506358,6.801276933771523,55,-161.61276947162295,466.2355528919104,304.6227834202874
LD,2025-06-10,2025,161,TRUE,-4.346037158367272,10.416414643383522,6.070377485016252,56,-165.95880662999022,476.6519675352939,310.69316090530367
LD,2025-06-11,2025,162,TRUE,-5.6696254086131175,11.859213054296697,6.1895876456835754,57,-171.62843203860334,488.5111805895906,316.88274855098723
LD,2025-06-12,2025,163,TRUE,-2.879333873946228,8.794064160841828,5.914730286895598,58,-174.50776591254956,497.3052447504324,322.7974788378828
LD,2025-06-13,2025,164,TRUE,-4.02846147520508,9.296714538749288,5.268253063544211,59,-178.53622738775465,506.6019592891817,328.065731901427
LD,2025-06-14,2025,165,TRUE,-6.922959294393938,11.628324712418577,4.705365418024635,60,-185.45918668214858,518.2302840016002,332.77109731945166
LD,2025-06-15,2025,166,TRUE,-4.518750746051828,9.718183837279826,5.1994330912279985,61,-189.97793742820042,527.9484678388801,337.97053041067966
LD,2025-06-16,2025,167,TRUE,-4.150980176728199,10.889575712306657,6.7385955355784555,62,-194.12891760492863,538.8380435511867,344.7091259462581
LD,2025-06-17,2025,168,TRUE,-4.2469248302798315,12.569289747150803,8.32236491687097,63,-198.37584243520845,551.4073332983376,353.0314908631291
LD,2025-06-18,2025,169,TRUE,3.0571722597315047,6.295767431527527,9.352939691259031,64,-195.31867017547694,557.7031007298651,362.38443055438813
LD,2025-06-19,2025,170,TRUE,1.2615044115465235,8.908255192060299,10.169759603606822,65,-194.0571657639304,566.6113559219255,372.554190157995
LD,2025-06-20,2025,171,TRUE,-2.306680561009642,13.213896239201405,10.907215678191768,66,-196.36384632494006,579.8252521611269,383.46140583618677
LD,2025-06-21,2025,172,TRUE,-1.7989444590319714,13.45967529966906,11.660730840637092,67,-198.162790783972,593.2849274607959,395.12213667682386
LD,2025-06-22,2025,173,TRUE,-2.608827696216001,13.880337966119992,11.27151026990399,68,-200.771618480188,607.1652654269159,406.39364694672787
LD,2025-06-23,2025,174,TRUE,-2.7983230977947016,13.402327224540976,10.604004126746279,69,-203.56994157798272,620.5675926514568,416.9976510734742
LD,2025-06-24,2025,175,TRUE,-3.6495235529391983,13.311784734239623,9.662261181300426,70,-207.21946513092192,633.8793773856964,426.6599122547746
LD,2025-06-25,2025,176,TRUE,0.8175520638548627,7.864486385343477,8.682038449198338,71,-206.40191306706706,641.74386377104,435.34195070397294
LD,2025-06-26,2025,177,TRUE,-5.300767425925403,14.339178129367884,9.03841070344248,72,-211.70268049299247,656.0830419004078,444.3803614074154
LD,2025-06-27,2025,178,TRUE,-3.6035867512105764,13.426704953771882,9.823118202561307,73,-215.30626724420304,669.5097468541796,454.20347960997674
LD,2025-06-28,2025,179,TRUE,-2.7182311680371742,12.734797266073633,10.01656609803646,74,-218.0244984122402,682.2445441202533,464.2200457080132
LD,2025-06-29,2025,180,TRUE,-4.3659084889768955,14.697598012418188,10.33168952344129,75,-222.3904069012171,696.9421421326715,474.5517352314545
LD,2025-06-30,2025,181,TRUE,-3.8231240415360004,13.770053550596286,9.946929509060292,76,-226.2135309427531,710.7121956832677,484.49866474051476
LD,2025-07-01,2025,182,TRUE,-4.746036549374469,14.249660945000624,9.503624395626153,77,-230.95956749212758,724.9618566282684,494.0022891361409
LD,2025-07-02,2025,183,TRUE,-5.177690479552733,14.124246346980652,8.946555867427922,78,-236.1372579716803,739.086102975249,502.94884500356886
LD,2025-07-03,2025,184,TRUE,-3.783628735995528,11.883548326095374,8.099919590099843,79,-239.92088670767583,750.9696513013444,511.0487645936687
LD,2025-07-04,2025,185,TRUE,-5.207785711050465,12.465691027429196,7.257905316378735,80,-245.1286724187263,763.4353423287736,518.3066699100474
LD,2025-07-05,2025,186,TRUE,-5.338563362474113,11.843183676625813,6.504620314151701,81,-250.4672357812004,775.2785260053994,524.8112902241991
LD,2025-07-06,2025,187,TRUE,-5.052955575806078,10.223212725704435,5.170257149898356,82,-255.52019135700647,785.5017387311038,529.9815473740974
LD,2025-07-07,2025,188,TRUE,-3.6071085993664718,7.931208115255445,4.324099515888973,83,-259.12729995637295,793.4329468463593,534.3056468899864
LD,2025-07-08,2025,189,TRUE,-6.236575899805295,10.571553970106951,4.334978070301656,84,-265.36387585617825,804.0045008164662,538.640624960288
LD,2025-07-09,2025,190,TRUE,-4.233855667263614,8.880530823129991,4.646675155866378,85,-269.5977315234419,812.8850316395963,543.2873001161545
LD,2025-07-10,2025,191,TRUE,-6.0402571908020795,10.513349282772595,4.473092091970514,86,-275.637988714244,823.3983809223689,547.760392208125
LD,2025-07-11,2025,192,TRUE,-1.5253332911683444,6.123294071623984,4.59796078045564,87,-277.16332200541234,829.5216749939929,552.3583529885807
LD,2025-07-12,2025,193,TRUE,-5.598101555794678,10.359165842675317,4.761064286880642,88,-282.76142356120704,839.8808408366682,557.1194172754614
LD,2025-07-13,2025,194,TRUE,-6.168442057204487,10.72396387098968,4.55552181378519,89,-288.92986561841155,850.6048047076579,561.6749390892465
LD,2025-07-14,2025,195,TRUE,-4.333613282193634,8.651071404107578,4.317458121913945,90,-293.2634789006052,859.2558761117655,565.9923972111606
LD,2025-07-15,2025,196,TRUE,-2.9309277584685822,7.137101150964261,4.206173392495678,91,-296.19440665907376,866.3929772627297,570.1985706036562
LD,2025-07-16,2025,197,TRUE,-5.025812382924404,9.3273484610391435,4.301536078114737,92,-301.2202190419982,875.7203257237688,574.500106681771
LD,2025-07-17,2025,198,TRUE,-2.2436752550334567,6.249762821339534,4.006087566306078,93,-303.46389429703163,881.9700885451084,578.506194248077
LD,2025-07-18,2025,199,TRUE,-2.4896407298853958,6.878849299206534,4.389208569321138,94,-305.95353502691705,888.848937844315,582.8954028173981
LD,2025-07-19,2025,200,TRUE,-1.1293628190704526,6.457334132509958,5.3279713134395035,95,-307.08289784598753,895.3062719768249,588.2233741308377
LD,2025-07-20,2025,201,TRUE,-3.401657663938952,9.5453624166911,6.14370475275215,96,-310.4845555099265,904.851634393516,594.3670788835898
LD,2025-07-21,2025,202,TRUE,-3.2754980284742667,9.763748177230624,6.48825014875636,97,-313.76005353840077,914.6153825707465,600.8553290323462
LD,2025-07-22,2025,203,TRUE,-3.864758772548572,10.37053321424877,6.505774441700197,98,-317.6248123109493,924.9859157849953,607.3611034740463
LD,2025-07-23,2025,204,TRUE,-3.370093123225268,9.506726827064965,6.136633703839698,99,-320.9949054341746,934.4926426120603,613.497737177886
LD,2025-07-24,2025,205,TRUE,-3.949341025205275,10.248431887272389,6.299090862067113,100,-324.9442464593799,944.7410744993327,619.7968280399532
LD,2025-07-25,2025,206,TRUE,-2.89604257983256,8.649547028720573,5.7535044488880125,101,-327.84028903921245,953.3906215280533,625.5503324888413
LD,2025-07-26,2025,207,TRUE,-3.2120389521568753,8.68444647969761,5.472407527540735,102,-331.05232799136934,962.0750680077509,631.022740016382
LD,2025-07-27,2025,208,TRUE,-3.3756143713296503,8.793213861275312,5.417599489945664,103,-334.427942362699,970.8682818690262,636.4403395063277
LD,2025-07-28,2025,209,TRUE,-4.913651719999894,10.193741259155571,5.2800895391556795,104,-339.3415940826989,981.0620231281817,641.7204290454835
LD,2025-07-29,2025,210,TRUE,-4.65515357300292,9.491632255895823,4.836478682892903,105,-343.9967476557018,990.5536553840776,646.5569077283764
LD,2025-07-30,2025,211,TRUE,-2.8769190325411964,7.3041600013330825,4.427240968791887,106,-346.873666688243,997.8578153854107,650.9841486971683
LD,2025-07-31,2025,212,TRUE,-2.9468940731023836,6.928679950568339,3.981785877465956,107,-349.8205607613454,1004.7864953359791,654.9659345746343
LD,2025-08-01,2025,213,TRUE,-3.244174184110342,7.094900189413813,3.850726005303471,108,-353.06473494545577,1011.8813955253929,658.8166605799378
LD,2025-08-02,2025,214,TRUE,-3.6256390792010116,7.2958771735712125,3.670238094370199,109,-356.69037402465676,1019.1772726989641,662.486898674308
LD,2025-08-03,2025,215,TRUE,-4.379408461669064,8.201628605029088,3.8222201433600254,110,-361.06978248632583,1027.3789013039932,666.309118817668
LD,2025-08-04,2025,216,TRUE,-5.018095651371562,8.715667516687972,3.6975718653164136,111,-366.0878781376974,1036.0945688206812,670.0066906829844
LD,2025-08-05,2025,217,TRUE,-4.1386801036826,7.635380656468357,3.496700552785756,112,-370.22655824137996,1043.7299494771496,673.5033912357702
LD,2025-08-06,2025,218,TRUE,-2.7339906354668693,6.112417949397433,3.3784273139305645,113,-372.9605488768468,1049.842367426547,676.8818185497008
LD,2025-08-07,2025,219,TRUE,-3.081011744081358,6.251709577307818,3.1706978332264617,114,-376.0415606209282,1056.0940770038549,680.0525163829273
LD,2025-08-08,2025,220,TRUE,-3.3893038633417096,6.36059708385431,2.9712932205126,115,-379.4308644842699,1062.4546740877092,683.0238096034399
LD,2025-08-09,2025,221,TRUE,-4.675755202057515,7.499325758801244,2.823570556743727,116,-384.1066196863274,1069.9539998465104,685.8473801601835
LD,2025-08-10,2025,222,TRUE,-4.400633202409503,6.982014267321302,2.5813810649117985,117,-388.5072528887369,1076.9360141138318,688.4287612250954
LD,2025-08-11,2025,223,TRUE,-5.808229067901734,9.516850673390648,3.708621605488913,118,-394.3154819566386,1086.4528647872223,692.1373828305843
LD,2025-08-12,2025,224,TRUE,3.795523798433925,1.3364801173961727,5.132003915830099,119,-390.5199581582047,1087.7893449046185,697.2693867464144
LD,2025-08-13,2025,225,TRUE,0.03673508967699006,6.2801605360510635,6.316895625728052,120,-390.4832230685277,1094.0695054406694,703.5862823721425
LD,2025-08-14,2025,226,TRUE,-1.9089135227452967,8.995878355308973,7.086964832563678,121,-392.392136591273,1103.0653837959785,710.6732472047062
LD,2025-08-15,2025,227,TRUE,-2.699634234549397,11.106607657964263,8.406973423414865,122,-395.09177082582244,1114.1719914539428,719.0802206281211
LD,2025-08-16,2025,228,TRUE,-1.119086749873442,10.755558388536043,9.6364716386626,123,-396.21085757569585,1124.9275498424788,728.7166922667836
LD,2025-08-17,2025,229,TRUE,-1.0344628179455413,11.39838897840482,10.363926160459282,124,-397.2453203936414,1136.3259388208837,739.0806184272429
LD,2025-08-18,2025,230,TRUE,0.14292994015816152,10.170228453052495,10.313158393210658,125,-397.1023904534832,1146.4961672739362,749.3937768204536
LD,2025-08-19,2025,231,TRUE,3.6662733090617388,6.664827136285073,10.331100445346811,126,-393.4361171444215,1153.1609944102213,759.7248772658004
LD,2025-08-20,2025,232,TRUE,-0.4379129733113726,10.32899346382166,9.891080490510278,127,-393.87403011773284,1163.489987874043,769.6159577563106
LD,2025-08-21,2025,233,TRUE,-1.7489903630826398,11.151336766229281,9.40234640314664,128,-395.62302048081546,1174.6413246402722,779.0183041594573
LD,2025-08-22,2025,234,TRUE,-3.859144844969566,12.961908645895033,9.102763800925468,129,-399.48216532578505,1187.603233286167,788.1210679603828
LD,2025-08-23,2025,235,TRUE,-1.9865926046880653,10.667347934951904,8.680755330263842,130,-401.4687579304731,1198.270581221119,796.8018232906467
LD,2025-08-24,2025,236,TRUE,-2.1474121275474305,9.553519485026007,7.406107357478573,131,-403.61617005802054,1207.8241007061451,804.2079306481253
LD,2025-08-25,2025,237,TRUE,-3.4548578427791026,9.74638506997408,6.291527227194975,132,-407.07102790079966,1217.5704857761193,810.4994578753202
LD,2025-08-26,2025,238,TRUE,-4.174616880649024,9.639274166535925,5.464657285886902,133,-411.2456447814487,1227.2097599426552,815.9641151612071
LD,2025-08-27,2025,239,TRUE,-5.19925710101987,10.028490691342853,4.829233590322985,134,-416.44490188246857,1237.238250633998,820.7933487515301
LD,2025-08-28,2025,240,TRUE,-2.864841851260858,7.9439812696996,5.07913941843874,135,-419.3097437337294,1245.1822319036976,825.8724881699688
LD,2025-08-29,2025,241,TRUE,-3.424436820683704,7.897455368973251,4.473018548289549,136,-422.7341805544131,1253.0796872726708,830.3455067182584
LD,2025-08-30,2025,242,TRUE,-3.747333793148912,8.34764763278864,4.600313839639723,137,-426.48151434756204,1261.4273349054595,834.9458205578982
LD,2025-08-31,2025,243,TRUE,-4.160065154256796,9.06105878988653,4.900993635629733,138,-430.64157950181885,1270.488393695346,839.846814193528
LD,2025-09-01,2025,244,TRUE,-4.393580667991152,9.430227649035077,5.036646981043923,139,-435.03516016981,1279.918621344381,844.8834611745718
LD,2025-09-02,2025,245,TRUE,-5.138158752897341,10.168282857981024,5.030124105083682,140,-440.1733189227074,1290.0869042023621,849.9135852796555
LD,2025-09-03,2025,246,TRUE,0.34572295097288536,4.602974275870341,4.948697226843229,141,-439.82759597173447,1294.6898784782325,854.8622825064988
LD,2025-09-04,2025,247,TRUE,-3.09469150251302,7.51124658715558,4.41655508464256,142,-442.92228747424747,1302.201125065388,859.2788375911414
LD,2025-09-05,2025,248,TRUE,-2.5728746793908295,7.205226885265263,4.632352205874432,143,-445.4951621536383,1309.4063519506533,863.9111897970158
LD,2025-09-06,2025,249,TRUE,-1.572447546110091,6.2921800650534845,4.719732518943392,144,-447.0676096997484,1315.6985320157069,868.6309223159592
LD,2025-09-07,2025,250,TRUE,-3.683693206028521,8.495123398916636,4.811430192888116,145,-450.7513029057769,1324.1936554146234,873.4423525088473
LD,2025-09-08,2025,251,TRUE,-4.131801695740185,9.100303230788025,4.968501535047841,146,-454.8831046015171,1333.2939586454115,878.4108540438951
LD,2025-09-09,2025,252,TRUE,-4.179124460212281,9.946768557141699,5.767644096929421,147,-459.0622290617294,1343.2407272025532,884.1784981408246
LD,2025-09-10,2025,253,TRUE,-3.084869756518266,9.396789589334391,6.311919832816124,148,-462.1470988182477,1352.6375167918877,890.4904179736407
LD,2025-09-11,2025,254,TRUE,-3.1155889683077818,9.880743147308152,6.765154179000372,149,-465.2626877865555,1362.5182599391958,897.255572152641
LD,2025-09-12,2025,255,TRUE,-3.210675309254183,10.270248669427097,7.059573360172917,150,-468.47336309580965,1372.7885086086228,904.3151455128138
LD,2025-09-13,2025,256,TRUE,-3.3204619136797424,10.512001691087946,7.1915397774082015,151,-471.7938250094894,1383.3005102997108,911.5066852902221
LD,2025-09-14,2025,257,TRUE,-2.9485155547182016,10.642641332504098,7.6941257777859,152,-474.7423405642076,1393.943151632215,919.200811068008
LD,2025-09-15,2025,258,TRUE,-1.5318473981244851,9.500404890923162,7.968557492798678,153,-476.2741879623321,1403.4435565231381,927.1693685608067
LD,2025-09-16,2025,259,TRUE,-1.7794837157209245,9.869029011726436,8.089545296005507,154,-478.05367167805304,1413.3125855348646,935.2589138568122
LD,2025-09-17,2025,260,TRUE,-1.6532141526246633,9.882236195558814,8.229022042934147,155,-479.7068858306777,1423.1948217304234,943.4879358997464
LD,2025-09-18,2025,261,TRUE,-2.1670969973075076,10.7501584353441,8.58306143803659,156,-481.87398282798523,1433.9449801657674,952.070997337783
LD,2025-09-19,2025,262,TRUE,-1.893420546754799,10.76565036247468,8.872229815719882,157,-483.76740337474,1444.710630528242,960.9432271535028
LD,2025-09-20,2025,263,TRUE,-0.5687074623718792,9.330124558257902,8.76141709588602,158,-484.3361108371119,1454.0407550865,969.7046442493888
LD,2025-09-21,2025,264,TRUE,1.5303719627187193,7.247736864436855,8.778108827155572,159,-482.80573887439317,1461.2884919509368,978.4827530765444
LD,2025-09-22,2025,265,TRUE,1.0015523953131453,8.063230411865112,9.064782807178256,160,-481.80418647908004,1469.3517223628019,987.5475358837227
LD,2025-09-23,2025,266,TRUE,0.40881959201669266,8.497947154053065,8.906766746069762,161,-481.39536688706335,1477.8496695168549,996.4543026297924
LD,2025-09-24,2025,267,TRUE,1.7476240928042175,6.791211232404938,8.538835325209154,162,-479.6477427942591,1484.6408807492598,1004.9931379550015
LD,2025-09-25,2025,268,TRUE,1.0608410666051555,7.55263146948342,8.613472536088578,163,-478.5869017276539,1492.1935122187433,1013.6066104910901
LD,2025-09-26,2025,269,TRUE,-0.7602339827232005,9.547349161645332,8.787115178922134,164,-479.34713571037713,1501.7408613803887,1022.3937256700123
LD,2025-09-27,2025,270,TRUE,0.7258634675629954,8.125744576212655,8.851608043775647,165,-478.62127224281414,1509.8666059566012,1031.2453337137879
LD,2025-09-28,2025,271,TRUE,-1.3707207329052258,10.594622498876888,9.223901765971663,166,-479.99199297571937,1520.461228455478,1040.4692354797596
LD,2025-09-29,2025,272,TRUE,-2.866948569190604,11.588247493542378,8.721298924351771,167,-482.85894154490995,1532.0494759490205,1049.1905344041113
LD,2025-09-30,2025,273,TRUE,-2.483654466773801,11.65396848957326,9.170314022799458,168,-485.3425960116838,1543.7034444385938,1058.3608484269107
LD,2025-10-01,2025,274,TRUE,-2.1955734442326724,11.19297122181797,8.997397777585297,169,-487.53816945591643,1554.8964156604118,1067.358246204496
LD,2025-10-02,2025,275,TRUE,-2.811296124189626,11.186070895945416,8.37477477175579,170,-490.3494655801061,1566.0824865563573,1075.7330209762517
LD,2025-10-03,2025,276,TRUE,-2.17872080345611,9.274385614087304,7.095664810631193,171,-492.5281863835622,1575.3568721704446,1082.828685786883
LD,2025-10-04,2025,277,TRUE,-2.139954693617731,7.34677467343222,5.206819979814492,172,-494.6681410771799,1582.7036468438769,1088.0355057666975
LD,2025-10-05,2025,278,TRUE,-2.8835163851982646,6.651183778837863,3.7676673936395986,173,-497.55165746237816,1589.3548306227146,1091.803173160337
LD,2025-10-06,2025,279,TRUE,-2.220546043235151,5.291304328649828,3.070758285414676,174,-499.77220350561333,1594.6461349513645,1094.8739314457519
LD,2025-10-07,2025,280,TRUE,-1.509025322214316,4.626934006643929,3.1179086844296138,175,-501.28122882782765,1599.2730689580085,1097.9918401301816
LD,2025-10-08,2025,281,TRUE,-2.7029334893645847,5.815245776081322,3.112312286716738,176,-503.9841623171922,1605.0883147340899,1101.1041524168984
LD,2025-10-09,2025,282,TRUE,-1.1866303577942878,4.5257682922295475,3.3391379344352603,177,-505.1707926749865,1609.6140830263193,1104.4432903513336
LD,2025-10-10,2025,283,TRUE,0.11238260378654254,3.8012913596368945,3.9136739634234377,178,-505.05841007119994,1613.4153743859563,1108.356964314757
LD,2025-10-11,2025,284,TRUE,-0.4493181085813652,4.980651359524231,4.531333250942865,179,-505.5077281797813,1618.3960257454805,1112.8882975657
LD,2025-10-12,2025,285,TRUE,-1.2749755266665321,6.032691790282581,4.757716263616049,180,-506.7827037064478,1624.428717535763,1117.646013829316
LD,2025-10-13,2025,286,TRUE,-1.8243672851532737,7.5312293285993785,5.706862043446105,181,-508.6070709916011,1631.9599468643626,1123.352875872762
LD,2025-10-14,2025,287,TRUE,-1.9102825773713972,7.713641886154772,5.803359308783377,182,-510.5173535689725,1639.6735887505174,1129.1562351815455
LD,2025-10-15,2025,288,TRUE,-0.8451395350551774,5.963401625691005,5.118262090635827,183,-511.3624931040277,1645.6369903762084,1134.2744972721814
LD,2025-10-16,2025,289,TRUE,-0.433369093386346,5.080444562492635,4.647075469106289,184,-511.795862197414,1650.717434938701,1138.9215727412877
LD,2025-10-17,2025,290,TRUE,-0.32760760189283067,5.306447794251135,4.978840192358307,185,-512.1234697993068,1656.0238827329522,1143.900412933646
LD,2025-10-18,2025,291,TRUE,0.9192565699771789,4.812487402827974,5.731743972805154,186,-511.20421322932964,1660.8363701357803,1149.6321569064512
LD,2025-10-19,2025,292,TRUE,0.6901512400471336,4.944402636227731,5.634553876274865,187,-510.5140619892825,1665.780772772008,1155.266710782726
LD,2025-10-20,2025,293,TRUE,-0.5730714128187354,6.164861292830644,5.591789880011909,188,-511.08713340210124,1671.9456340648387,1160.858500662738
LD,2025-10-21,2025,294,TRUE,0.6584028718125848,5.7018399056242375,6.360242777436822,189,-510.42873053028865,1677.647473970463,1167.2187434401746
LD,2025-10-22,2025,295,TRUE,2.2140917179249713,4.2597277331529835,6.473819451077953,190,-508.21463881236366,1681.9072017036158,1173.6925628912527
LD,2025-10-23,2025,296,TRUE,2.8620951795360114,3.4852864497434664,6.347381629279477,191,-505.35254363282763,1685.3924881533592,1180.0399445205321
LD,2025-10-24,2025,297,TRUE,-0.3279161648091782,6.411806417321348,6.083890252512168,192,-505.6804597976368,1691.8042945706804,1186.1238347730443
LD,2025-10-25,2025,298,TRUE,0.1369386058631845,5.198802735697097,5.335741341560281,193,-505.5435211917736,1697.0030973063776,1191.4595761146047
LD,2025-10-26,2025,299,TRUE,-0.6600475793535944,6.155526715852322,5.4954791364987265,194,-506.2035687711272,1703.15862402223,1196.9550552511034
LD,2025-10-27,2025,300,TRUE,-0.39120914268575524,5.762614197105189,5.371405054419434,195,-506.59477791381295,1708.9212382193352,1202.326460305523
LD,2025-10-28,2025,301,TRUE,0.23027672812866593,5.145635212765154,5.375911940893821,196,-506.3645011856843,1714.0668734321005,1207.7023722464166
LD,2025-10-29,2025,302,TRUE,0.5979149903056303,4.650045065345527,5.247960055651158,197,-505.76658619537864,1718.716918497446,1212.9503323020679
LD,2025-10-30,2025,303,TRUE,-0.6962294445465108,5.442500004790562,4.746270560244052,198,-506.46281563992517,1724.1594185022366,1217.696602862312
LD,2025-10-31,2025,304,TRUE,1.4377986498580853,3.121561548392972,4.559360198251058,199,-505.02501699006706,1727.2809800506295,1222.255963060563
MD,2025-04-15,2025,105,TRUE,1.2639801982319996,-0.3796170096389741,0.8843631885930261,0,1.2639801982319996,-0.3796170096389741,0.8843631885930261
MD,2025-04-16,2025,106,TRUE,-1.3440293042832,2.7243240591919724,1.3802947549087716,1,-0.08004910605120052,2.3447070495529982,2.2646579435017977
MD,2025-04-17,2025,107,TRUE,-0.8049773960793284,2.994455866119939,2.189478470040611,2,-0.8850265021305289,5.339162915672937,4.454136413542409
MD,2025-04-18,2025,108,TRUE,1.7587908919112731,1.6545645766195134,3.413355468530787,3,0.8737643897807442,6.993727492292451,7.867491882073196
MD,2025-04-19,2025,109,TRUE,-0.18427118529203343,3.47678425007953,3.2925130647874967,4,0.6894932044887108,10.470511742371981,11.160004946860692
MD,2025-04-20,2025,110,TRUE,-0.9558445699519457,3.9596222650362223,3.003777695084278,5,-0.2663513654632349,14.430134007408203,14.16378264194497
MD,2025-04-21,2025,111,TRUE,-0.4940309244743997,3.720144320719975,3.2261133962455735,6,-0.7603822899376347,18.150278328128177,17.389896038190543
MD,2025-04-22,2025,112,TRUE,-1.0408961406396509,4.733858176754035,3.6929620361143853,7,-1.8012784305772855,22.884136504882214,21.082858074304927
MD,2025-04-23,2025,113,TRUE,-1.648355986728001,6.218289328565088,4.569933341837086,8,-3.449634417305287,29.102425833447302,25.652791416142012
MD,2025-04-24,2025,114,TRUE,-1.5454512930240005,6.305459327215351,4.760008034191351,9,-4.995085710329287,35.40788516066265,30.412799450333363
MD,2025-04-25,2025,115,TRUE,-1.574876587896,6.607419227043099,5.032542639147099,10,-6.569962298225287,42.015304387705754,35.44534208948046
MD,2025-04-26,2025,116,TRUE,-1.7807576673599999,6.602892955972641,4.822135288612642,11,-8.350719965585288,48.618197343678396,40.267477378093105
MD,2025-04-27,2025,117,TRUE,-2.2730664362809834,7.017955281121345,4.744888844840361,12,-10.62378640186627,55.63615262479974,45.012366222933466
MD,2025-04-28,2025,118,TRUE,-2.519946177260466,8.158698051026049,5.638751873765583,13,-13.143732579126738,63.79485067582579,50.65111809669905
MD,2025-04-29,2025,119,TRUE,-2.7139969360368004,9.168303204092313,6.454306268055514,14,-15.857729515163538,72.96315387991811,57.10542436475456
MD,2025-04-30,2025,120,TRUE,-2.7064874294979977,7.388814798657324,4.682327369159325,15,-18.564216944661535,80.35196867857543,61.787751733913886
MD,2025-05-01,2025,121,TRUE,-0.7383427837419999,5.964608247401114,5.226265463659111,16,-19.302559728403534,86.31657692597655,67.014017197573
MD,2025-05-02,2025,122,TRUE,-2.2839158507040014,6.976843103804667,4.692927253100664,17,-21.586475579107535,93.29342002978122,71.70694445067366
MD,2025-05-03,2025,123,TRUE,-2.358490070865388,7.397938609446582,5.039448538581194,18,-23.94496564997292,100.6913586392278,76.74639298925486
MD,2025-05-04,2025,124,TRUE,-2.9394186333158485,8.285764437712428,5.346345804396583,19,-26.88438428328877,108.97712307694023,82.092738793651435
MD,2025-05-05,2025,125,TRUE,-3.8237847785827404,9.714239026801355,5.8904542482186155,20,-30.708169061871512,118.69136210374158,87.98319304187005
MD,2025-05-06,2025,126,TRUE,-1.0038301463676182,7.185697608853894,6.181867462486277,21,-31.71199920823913,125.87705971259548,94.16506050435633
MD,2025-05-07,2025,127,TRUE,-4.7159889656630085,11.281359761590066,6.565370795927055,22,-36.427988173902136,137.15841947418554,100.73043130028339
MD,2025-05-08,2025,128,TRUE,-3.410376585839999,9.178433170077188,5.768056584237191,23,-39.838364759742134,146.33685264426273,106.49848788452057
MD,2025-05-09,2025,129,TRUE,-1.1337391837777255,6.573605521310361,5.439866337532635,24,-40.97210394351986,152.9104581655731,111.9383542220532
MD,2025-05-10,2025,130,TRUE,-3.629531628555115,10.159670931817221,6.530139303262102,25,-44.601635572074976,163.07012909739032,118.46849352531531
MD,2025-05-11,2025,131,TRUE,-3.862890950007298,10.932724129457261,7.06983317944996,26,-48.464526522082274,174.00285322684758,125.53832670476527
MD,2025-05-12,2025,132,TRUE,-2.2644304942758033,11.138768840911913,8.874338346636108,27,-50.72895701635808,185.1416220677595,134.41266505140138
MD,2025-05-13,2025,133,TRUE,-0.6689303786721038,10.53461396350787,9.865683584835763,28,-51.39788739503018,195.67623603126736,144.27834863623713
MD,2025-05-14,2025,134,TRUE,-1.6817317504156584,11.902249660954014,10.220517910538357,29,-53.07961914544584,207.5784856922214,154.49886654677547
MD,2025-05-15,2025,135,TRUE,-1.2170219924378025,11.923001127471284,10.705979135033482,30,-54.29664113788364,219.50148681969267,165.20484568180896
MD,2025-05-16,2025,136,TRUE,-1.2829998533497164,12.383391431172353,11.100391577822634,31,-55.579640991233354,231.88487825086503,176.3052372596316
MD,2025-05-17,2025,137,TRUE,2.674851660132489,6.730142088562646,9.404993748695134,32,-52.904789331100865,238.61502033942767,185.71023100832673
MD,2025-05-18,2025,138,TRUE,-6.1324840692,15.143088037411612,9.010603968211612,33,-59.03727340030086,253.7581083768393,194.72083497653836
MD,2025-05-19,2025,139,TRUE,-5.72499192054694,13.339103199301546,7.614111278754607,34,-64.7622653208478,267.0972115761408,202.33494625529298
MD,2025-05-20,2025,140,TRUE,-0.5002555649760003,7.623140815499279,7.122885250523279,35,-65.2625208858238,274.72035239164006,209.45783150581624
MD,2025-05-21,2025,141,TRUE,2.9336807431556995,3.9575499547164785,6.891230697872176,36,-62.328840142668106,278.6779023463565,216.34906220368842
MD,2025-05-22,2025,142,TRUE,-5.348199235967999,12.237226907464018,6.88902767149602,37,-67.67703937863611,290.9151292538205,223.23808987518444
MD,2025-05-23,2025,143,TRUE,-4.883453406253175,11.030969130002164,6.1475157237489935,38,-72.56049278488929,301.9460983838227,229.38560559893344
MD,2025-05-24,2025,144,TRUE,-3.993244024727845,10.25235124580823,6.259107221080385,39,-76.55373680961713,312.19844962963094,235.64471282001384
MD,2025-05-25,2025,145,TRUE,-2.0673276668211575,8.463619600197788,6.396291933376627,40,-78.62106447643829,320.6620692298287,242.04100475339047
MD,2025-05-26,2025,146,TRUE,-2.0394919335371,8.887822038629883,6.848330105092785,41,-80.66055640997538,329.5498912684586,248.88933485848327
MD,2025-05-27,2025,147,TRUE,-4.1852692238582785,11.632033099216104,7.446763875357818,42,-84.84582563383367,341.18192436767475,256.3360987338411
MD,2025-05-28,2025,148,TRUE,0.32113897145999937,7.151925945301498,7.473064916761498,43,-84.52468666237367,348.33385031297627,263.80916365060256
MD,2025-05-29,2025,149,TRUE,-3.5686063943691413,10.594652249062053,7.026045854692913,44,-88.09329305674281,358.9285025620383,270.8352095052955
MD,2025-05-30,2025,150,TRUE,-2.0534757026750174,9.118426270573424,7.064950567898408,45,-90.14676875941782,368.04692883261174,277.9001600731939
MD,2025-05-31,2025,151,TRUE,-6.235649323147638,12.843038250155045,6.607388927007405,46,-96.38241808256547,380.88996708276676,284.50754900020127
MD,2025-06-01,2025,152,TRUE,-4.9225220965457925,11.375459904961893,6.452937808416101,47,-101.30494017911126,392.26542698772863,290.96048680861736
MD,2025-06-02,2025,153,TRUE,-4.968666739319116,12.038042452466746,7.06937571314763,48,-106.27360691843037,404.3034694401954,298.029862521765
MD,2025-06-03,2025,154,TRUE,-2.57318897859555,11.132719308329076,8.559530329733525,49,-108.84679589702593,415.43618874852444,306.58939285149853
MD,2025-06-04,2025,155,TRUE,-2.3147189970479993,10.490222693647128,8.175503696599131,50,-111.16151489407393,425.92641144217157,314.7648965480977
MD,2025-06-05,2025,156,TRUE,-3.2834653047697593,11.050707998311,7.767242693541241,51,-114.4449801988437,436.97711944048257,322.5321392416389
MD,2025-06-06,2025,157,TRUE,-4.612461757629637,12.33767445780508,7.725212700175447,52,-119.05744195647333,449.31479389828763,330.25735194181436
MD,2025-06-07,2025,158,TRUE,-5.918081883717917,13.640935088154151,7.722853204436237,53,-124.97552384019124,462.9557289864418,337.9802051462506
MD,2025-06-08,2025,159,TRUE,-4.514748802430401,12.539737187413772,8.02498838498337,54,-129.49027264262165,475.49546617385556,346.005193531234
MD,2025-06-09,2025,160,TRUE,-6.824592147125068,14.121175228141722,7.296583081016657,55,-136.3148647897467,489.6166414019973,353.30177661225065
MD,2025-06-10,2025,161,TRUE,-4.819575732698964,11.715730210100276,6.896154477401314,56,-141.13444052244566,501.3323716120976,360.19793108965195
MD,2025-06-11,2025,162,TRUE,-6.686653026776334,14.242172113092641,7.55551908631631,57,-147.82109354922198,515.5745437251902,367.7534501759683
MD,2025-06-12,2025,163,TRUE,-5.277005825854266,12.925694096601132,7.648688270746862,58,-153.09809937507626,528.5002378217913,375.4021384467151
MD,2025-06-13,2025,164,TRUE,-8.329145813731545,15.573646531618934,7.244500717887389,59,-161.4272451888078,544.0738843534102,382.6466391646025
MD,2025-06-14,2025,165,TRUE,-8.028357290639999,15.426533251245322,7.39817596060532,60,-169.4556024794478,559.5004176046556,390.04481512520783
MD,2025-06-15,2025,166,TRUE,-7.553433711189263,15.978005893470348,8.424572182281088,61,-177.00903619063706,575.478423498126,398.46938730748894
MD,2025-06-16,2025,167,TRUE,-6.430529996860784,16.023944176102432,9.593414179241654,62,-183.43956618749786,591.5023676742284,408.0628014867306
MD,2025-06-17,2025,168,TRUE,-5.904958371992964,16.641486779822017,10.736528407829054,63,-189.34452455949082,608.1438544540504,418.79932989455966
MD,2025-06-18,2025,169,TRUE,0.21253887962881235,10.904065714236696,11.116604593865503,64,-189.131985679862,619.0479201682871,429.91593448842514
MD,2025-06-19,2025,170,TRUE,1.3974137276962635,9.856629841932962,11.254043569629228,65,-187.73457195216574,628.9045500102201,441.16997805805437
MD,2025-06-20,2025,171,TRUE,-2.918948107519343,13.947326423817096,11.028378316297749,66,-190.6535200596851,642.8518764340372,452.1983563743521
MD,2025-06-21,2025,172,TRUE,-3.6222795525846374,15.5053996763821,11.883120123797465,67,-194.27579961226974,658.3572761104193,464.0814764981496
MD,2025-06-22,2025,173,TRUE,-4.293034890696,15.921328919318894,11.628294028622895,68,-198.56883450296573,674.2786050297382,475.7097705267725
MD,2025-06-23,2025,174,TRUE,-4.849670005670631,16.060420430504074,11.210750424833442,69,-203.41850450863635,690.3390254602423,486.92052095160597
MD,2025-06-24,2025,175,TRUE,-5.620966900864964,16.077905323470674,10.456938422605708,70,-209.03947140950132,706.4169307837129,497.3774593742117
MD,2025-06-25,2025,176,TRUE,-3.8610018215232365,13.48630963869397,9.625307817170729,71,-212.90047323102456,719.903240422407,507.0027671913824
MD,2025-06-26,2025,177,TRUE,-6.230175823013147,16.07783742614145,9.8476616031283,72,-219.13064905403772,735.9810778485484,516.8504287945107
MD,2025-06-27,2025,178,TRUE,-4.051102223376001,14.072534260062028,10.021432036686033,73,-223.18175127741372,750.0536121086104,526.8718608311967
MD,2025-06-28,2025,179,TRUE,-4.460731329385013,14.052472768893445,9.591741439508432,74,-227.64248260679875,764.1060848775039,536.4636022707051
MD,2025-06-29,2025,180,TRUE,-4.737784722223168,14.147670444897384,9.409885722674215,75,-232.38026732902193,778.2537553224013,545.8734879933793
MD,2025-06-30,2025,181,TRUE,-5.972038284110871,14.882339350272709,8.910301066161836,76,-238.3523056131328,793.136094672674,554.7837890595412
MD,2025-07-01,2025,182,TRUE,-4.038831842005286,12.43862340161797,8.399791559612682,77,-242.3911374551381,805.5747180742919,563.1835806191539
MD,2025-07-02,2025,183,TRUE,-5.3326209393983905,13.117298792501105,7.784677853102717,78,-247.7237583945365,818.692016866793,570.9682584722566
MD,2025-07-03,2025,184,TRUE,-5.227575122171776,12.116552541395501,6.8889774192237265,79,-252.95133351670827,830.8085694081885,577.8572358914803
MD,2025-07-04,2025,185,TRUE,-7.8321080127242,13.913973720938158,6.081865708213959,80,-260.7834415294325,844.7225431291267,583.9391015996943
MD,2025-07-05,2025,186,TRUE,-6.5340908375285345,12.269355628554043,5.735264791025513,81,-267.317532366961,856.9918987576808,589.6743663907198
MD,2025-07-06,2025,187,TRUE,-5.889901133526962,11.118540763823646,5.228639630296677,82,-273.207433500488,868.1104395215044,594.9030060210165
MD,2025-07-07,2025,188,TRUE,-5.714828638272,10.271564530763678,4.556735892491678,83,-278.92226213876,878.3820040522681,599.4597419135082
MD,2025-07-08,2025,189,TRUE,-6.827284155508177,11.34210702368674,4.514822868178565,84,-285.74954629426816,889.7241110759549,603.9745647816868
MD,2025-07-09,2025,190,TRUE,-5.386006360325968,10.195084777482435,4.809078417156466,85,-291.1355526545941,899.9191958534373,608.7836431988433
MD,2025-07-10,2025,191,TRUE,-6.5089273563477805,11.069273490094638,4.560346133746856,86,-297.6444800109419,910.9884693435318,613.3439893325901
MD,2025-07-11,2025,192,TRUE,-3.3504365074224483,7.992586177155086,4.642149669732638,87,-300.99491651836433,918.9810555206869,617.9861390023227
MD,2025-07-12,2025,193,TRUE,-6.869091883675639,11.68307080400255,4.813978920326912,88,-307.86400840204,930.6641263246895,622.8001179226496
MD,2025-07-13,2025,194,TRUE,-7.902502467418532,12.586884676336508,4.684382208917975,89,-315.7665108694585,943.251011001026,627.4845001315676
MD,2025-07-14,2025,195,TRUE,-6.432242599476828,10.952647848454227,4.520405248977402,90,-322.1987534689353,954.2036588494802,632.0049053805451
MD,2025-07-15,2025,196,TRUE,-5.648558592003264,10.148117729277068,4.4995591372738035,91,-327.8473120609386,964.3517765787573,636.5044645178189
MD,2025-07-16,2025,197,TRUE,-6.586528098622406,11.306055653623988,4.719527555001583,92,-334.433840159561,975.6578322323812,641.2239920728205
MD,2025-07-17,2025,198,TRUE,-5.667131744666342,9.734815419964258,4.067683675297918,93,-340.1009719042273,985.3926476523454,645.2916757481183
MD,2025-07-18,2025,199,TRUE,-6.0652636570032525,9.837652880199444,3.7723892231961895,94,-346.16623556123056,995.2303005325449,649.0640649713146
MD,2025-07-19,2025,200,TRUE,-0.6214640458553251,4.635149487806597,4.01368544195127,95,-346.78769960708587,999.8654500203515,653.0777504132658
MD,2025-07-20,2025,201,TRUE,-3.070160811684799,7.161539747825737,4.09137893614094,96,-349.85786041877066,1007.0269897681773,657.1691293494067
MD,2025-07-21,2025,202,TRUE,-5.091231738098745,9.242498934308689,4.151267196209942,97,-354.9490921568694,1016.269488702486,661.3203965456166
MD,2025-07-22,2025,203,TRUE,-5.650350709680001,10.731392311223107,5.081041601543107,98,-360.59944286654945,1027.0008810137092,666.4014381471598
MD,2025-07-23,2025,204,TRUE,-4.647892386302981,10.830948871427893,6.183056485124911,99,-365.24733525285245,1037.831829885137,672.5844946322846
MD,2025-07-24,2025,205,TRUE,-4.81638431664,11.981977295992776,7.165592979352775,100,-370.06371956949243,1049.8138071811297,679.7500876116375
MD,2025-07-25,2025,206,TRUE,-5.061172874531966,12.16270769998775,7.101534825455786,101,-375.1248924440244,1061.9765148811175,686.8516224370933
MD,2025-07-26,2025,207,TRUE,-1.4587610321052864,8.795942955137486,7.337181923032198,102,-376.5836534761297,1070.772457836255,694.1888043601255
MD,2025-07-27,2025,208,TRUE,-3.782835970293348,11.71094691157154,7.928110941278192,103,-380.36648944642303,1082.4834047478264,702.1169153014037
MD,2025-07-28,2025,209,TRUE,-3.381273805301169,11.783946420149736,8.402672614848562,104,-383.7477632517242,1094.2673511679761,710.5195879162522
MD,2025-07-29,2025,210,TRUE,-5.1987872166644715,13.531892431304014,8.333105214639543,105,-388.9465504683887,1107.79924359928,718.8526931308918
MD,2025-07-30,2025,211,TRUE,-1.730506549230419,10.253273825535517,8.5227672763051,106,-390.6770570176191,1118.0525174248155,727.3754604071969
MD,2025-07-31,2025,212,TRUE,-3.8959115510566016,12.28932436511977,8.393412814063167,107,-394.5729685686757,1130.3418417899352,735.76887322126
MD,2025-08-01,2025,213,TRUE,-4.436495614198286,12.530004669421118,8.093509055222832,108,-399.009464182874,1142.8718464593562,743.8623822764829
MD,2025-08-02,2025,214,TRUE,-5.414214483965145,13.012329272111003,7.598114788145862,109,-404.4236786668392,1155.8841757314672,751.4604970646287
MD,2025-08-03,2025,215,TRUE,-6.749339371924148,14.590031082320396,7.840691710396244,110,-411.1730180387633,1170.4742068137875,759.301188775025
MD,2025-08-04,2025,216,TRUE,-7.711899651728181,15.166240523581033,7.454340871852849,111,-418.8849176904915,1185.6404473373686,766.7555296468779
MD,2025-08-05,2025,217,TRUE,-6.721414290494475,13.636119826547134,6.91470553605266,112,-425.60633198098594,1199.2765671639158,773.6702351829306
MD,2025-08-06,2025,218,TRUE,-6.3464507180419485,12.860068537417929,6.513617819375979,113,-431.95278269902786,1212.1366357013337,780.1838530023066
MD,2025-08-07,2025,219,TRUE,-4.5413892067903525,10.478317510564928,5.936928303774575,114,-436.49417190581823,1222.6149532118986,786.1207813060812
MD,2025-08-08,2025,220,TRUE,-3.5410762803626827,8.913874560770342,5.3727982804076575,115,-440.0352481861809,1231.528827772669,791.4935795864889
MD,2025-08-09,2025,221,TRUE,-4.687517768489581,9.595850415436928,4.908332646947347,116,-444.7227659546705,1241.124678188106,796.4019122334362
MD,2025-08-10,2025,222,TRUE,-4.920769045268356,9.168170158600004,4.247401113331646,117,-449.6435349999388,1250.292848346706,800.6493133467678
MD,2025-08-11,2025,223,TRUE,-6.063419021620508,10.750492155349429,4.687073133728918,118,-455.70695402155934,1261.0433405020553,805.3363864804968
MD,2025-08-12,2025,224,TRUE,3.749946364165957,1.6070300932122374,5.356976457378194,119,-451.9570076573934,1262.6503705952675,810.693362937875
MD,2025-08-13,2025,225,TRUE,0.15360811695409568,6.212696083130067,6.366304200084162,120,-451.8033995404393,1268.8630666783977,817.0596671379592
MD,2025-08-14,2025,226,TRUE,-3.5804494449369852,10.495781181994179,6.915331737057192,121,-455.38384898537623,1279.358847860392,823.9749988750164
MD,2025-08-15,2025,227,TRUE,-3.968516297385288,12.01213407523663,8.04361777785134,122,-459.3523652827615,1291.3709819356286,832.0186166528676
MD,2025-08-16,2025,228,TRUE,-0.8617326681044223,9.92898577187303,9.067253103768607,123,-460.21409795086595,1301.2999677075015,841.0858697566363
MD,2025-08-17,2025,229,TRUE,-2.5373638511931698,12.116616621152328,9.579252769959158,124,-462.7514618020591,1313.416584328654,850.6651225265954
MD,2025-08-18,2025,230,TRUE,-3.3437376276551998,12.79575772985457,9.452020102199368,125,-466.0951994297143,1326.2123420585085,860.1171426287948
MD,2025-08-19,2025,231,TRUE,4.272682217700524,5.555170260213227,9.82785247791375,126,-461.82251721201374,1331.7675123187216,869.9449951067086
MD,2025-08-20,2025,232,TRUE,-1.9367972086348293,11.637448062686287,9.70065085405146,127,-463.7593144206486,1343.4049603814078,879.64564596076
MD,2025-08-21,2025,233,TRUE,-2.1947747183419035,11.50608413309676,9.311309414754858,128,-465.95408913899047,1354.9110445145045,888.9569553755149
MD,2025-08-22,2025,234,TRUE,-4.51687620175313,13.687585599125736,9.170709397372606,129,-470.4709653407436,1368.5986301136302,898.1276647728876
MD,2025-08-23,2025,235,TRUE,-2.1216057202123624,11.02162378613831,8.900018065925948,130,-472.59257106095595,1379.6202538997684,907.0276828388135
MD,2025-08-24,2025,236,TRUE,-3.577421507521167,11.278925934095575,7.701504426574416,131,-476.16999256847714,1390.8991798338639,914.72918726538785
MD,2025-08-25,2025,237,TRUE,-2.3892710499741074,9.373048406745903,6.983777356771793,132,-478.55926361845127,1400.2722282406098,921.7129646221597
MD,2025-08-26,2025,238,TRUE,-1.1529779114927448,8.182438724554506,7.029460813061761,133,-479.71224152994404,1408.4546669651643,928.7424254352214
MD,2025-08-27,2025,239,TRUE,-4.7178477688621365,12.049665515116484,7.331817746254348,134,-484.4300892988062,1420.5043324802807,936.0742431814758
MD,2025-08-28,2025,240,TRUE,-1.641498111008858,9.889810492337727,8.248312381328867,135,-486.07158740981504,1430.3941429726185,944.3225555628047
MD,2025-08-29,2025,241,TRUE,-3.8205397862469477,11.174141727637899,7.353601941390955,136,-489.892127196062,1441.5682847002563,951.6761575041957
MD,2025-08-30,2025,242,TRUE,-0.8193567494053091,8.538717054912642,7.719360305507331,137,-490.7114839454673,1450.107001755169,959.3955178097029
MD,2025-08-31,2025,243,TRUE,-4.2674637763023995,12.681504130998025,8.414040354695626,138,-494.9789477217697,1462.788505886167,967.8095581643986
MD,2025-09-01,2025,244,TRUE,-4.265734878687286,13.080941065033311,8.815206186346026,139,-499.244682600457,1475.8694469512004,976.6247643507446
MD,2025-09-02,2025,245,TRUE,-3.6520779298845323,12.60450143278746,8.952423502902924,140,-502.8967605303415,1488.4739483839878,985.5771878536475
MD,2025-09-03,2025,246,TRUE,3.4365190137512855,5.496927419521937,8.933446433273224,141,-499.4602415165902,1493.9708758035097,994.5106342869208
MD,2025-09-04,2025,247,TRUE,-5.42992868717415,13.455406368076751,8.025477680902599,142,-504.89017020376434,1507.4262821715865,1002.5361119678233
MD,2025-09-05,2025,248,TRUE,-2.4843828708500744,10.61614633320193,8.131763462351858,143,-507.3745530746144,1518.0424285047884,1010.6678754301752
MD,2025-09-06,2025,249,TRUE,-1.8204077352410954,9.566779536083867,7.7463718008427715,144,-509.1949608098555,1527.6092080408723,1018.414247231018
MD,2025-09-07,2025,250,TRUE,-3.735155805316672,11.122273542474726,7.387117737158058,145,-512.9301166151722,1538.731481583347,1025.801364968176
MD,2025-09-08,2025,251,TRUE,-4.515670657978514,11.681127452082967,7.165456794104455,146,-517.4457872731507,1550.41260903543,1032.9668217622805
MD,2025-09-09,2025,252,TRUE,-5.183769753152069,13.089460773187872,7.905691020035805,147,-522.6295570263028,1563.502069808618,1040.8725127823163
MD,2025-09-10,2025,253,TRUE,-3.8939699772379743,12.155183553684504,8.26121357644653,148,-526.5235270035407,1575.6572533623025,1049.133726358763
MD,2025-09-11,2025,254,TRUE,-3.771390040521218,12.260712655191607,8.489322614670392,149,-530.2949170440619,1587.917966017494,1057.6230489734332
MD,2025-09-12,2025,255,TRUE,-3.752900078516786,12.232726925506768,8.479826846989983,150,-534.0478171225786,1600.1506929430009,1066.1028758204232
MD,2025-09-13,2025,256,TRUE,-5.418554320463597,13.675271203007346,8.256716882543747,151,-539.4663714430422,1613.8259641460081,1074.359592702967
MD,2025-09-14,2025,257,TRUE,-3.0990880175351525,11.584277851530429,8.48518983399528,152,-542.5654594605774,1625.4102419975386,1082.8447825369622
MD,2025-09-15,2025,258,TRUE,-2.6072701833798106,11.030145597157977,8.422875413778167,153,-545.1727296439572,1636.4403875946966,1091.2676579507404
MD,2025-09-16,2025,259,TRUE,-3.113385208392733,11.299380769217953,8.185995560825221,154,-548.2861148523499,1647.7397683639147,1099.4536535115656
MD,2025-09-17,2025,260,TRUE,-3.766188412177925,11.742027395824715,7.975838983646795,155,-552.0523032645278,1659.4817957597393,1107.4294924952123
MD,2025-09-18,2025,261,TRUE,-3.9963705966702125,11.986189742344628,7.989819145674414,156,-556.048673861198,1671.4679855020838,1115.4193116408867
MD,2025-09-19,2025,262,TRUE,-3.721920377419915,11.649908231256573,7.927987853836658,157,-559.770594238618,1683.1178937333405,1123.3472994947233
MD,2025-09-20,2025,263,TRUE,-5.443387329023999,12.942473863370829,7.4990865343468265,158,-565.2139815676419,1696.0603675967113,1130.8463860290701
MD,2025-09-21,2025,264,TRUE,-1.224662854114035,8.741700378977107,7.517037524863068,159,-566.438644421756,1704.8020679756885,1138.3634235539332
MD,2025-09-22,2025,265,TRUE,-1.2165084762853864,9.145383467749152,7.92887499146376,160,-567.6551528980414,1713.9474514434376,1146.292298545397
MD,2025-09-23,2025,266,TRUE,-1.834613010978527,9.776434287687438,7.94182127670891,161,-569.4897659090199,1723.723885731125,1154.2341198221059
MD,2025-09-24,2025,267,TRUE,-0.6096659437832097,8.352023137082982,7.742357193299773,162,-570.099431852803,1732.075908868208,1161.9764770154056
MD,2025-09-25,2025,268,TRUE,-1.0117772908000475,8.807558391620608,7.7957811008205615,163,-571.1112091436031,1740.8834672598286,1169.772258116226
MD,2025-09-26,2025,269,TRUE,-2.665609037227868,10.339167324886043,7.6735582876581745,164,-573.776818180831,1751.2226345847148,1177.4458164038842
MD,2025-09-27,2025,270,TRUE,-2.4612972173654906,9.882128562483967,7.420831345118475,165,-576.2381153981966,1761.1047631471988,1184.8666477490028
MD,2025-09-28,2025,271,TRUE,-1.6581059494717179,9.099262176671163,7.441156227199446,166,-577.8962213476683,1770.20402532387,1192.3078039762022
MD,2025-09-29,2025,272,TRUE,-1.5600172605000269,8.264067313113642,6.7040500526136135,167,-579.4562386081683,1778.4680926369836,1199.0118540288158
MD,2025-09-30,2025,273,TRUE,-1.172571699862798,7.948027899597164,6.775456199734366,168,-580.6288103080311,1786.4161205365808,1205.7873102285503
MD,2025-10-01,2025,274,TRUE,-4.13768267723399,10.570285120160126,6.432602442926139,169,-584.7664929852651,1796.986405656741,1212.2199126714763
MD,2025-10-02,2025,275,TRUE,-2.39921295693262,8.769257871759592,6.370044914826971,170,-587.1657059421977,1805.7556635285007,1218.5899575863034
MD,2025-10-03,2025,276,TRUE,-2.280469351983214,9.461870600270824,7.181401248287611,171,-589.446175294181,1815.2175341287716,1225.771358834591
MD,2025-10-04,2025,277,TRUE,-1.5367827185834304,9.409199612571914,7.8724168939884835,172,-590.9829580127645,1824.6267337413435,1233.6437757285794
MD,2025-10-05,2025,278,TRUE,-2.6201278659409275,11.27200709025519,8.65187922431426,173,-593.6030858787054,1835.8987408315986,1242.2956549528938
MD,2025-10-06,2025,279,TRUE,-2.239610984685572,11.483171065794698,9.243560081109122,174,-595.842696863391,1847.3819118973934,1251.5392150340028
MD,2025-10-07,2025,280,TRUE,1.396868580468769,7.211018341239896,8.607886921708662,175,-594.4458282829222,1854.5929302386332,1260.1471019557116
MD,2025-10-08,2025,281,TRUE,1.1853232790950354,5.969399194418171,7.154722473513208,176,-593.2605050038271,1860.5623294330514,1267.3018244292248
MD,2025-10-09,2025,282,TRUE,0.7501312105344814,5.754052376580142,6.504183587114625,177,-592.5103737932926,1866.3163818096316,1273.8060080163393
MD,2025-10-10,2025,283,TRUE,3.6221218314669157,2.9996343606686873,6.621756192135599,178,-588.8882519618257,1869.3160161703004,1280.4277642084749
MD,2025-10-11,2025,284,TRUE,2.086303726298855,4.652418366710388,6.7387220930092475,179,-586.8019482355269,1873.9684345370108,1287.1664863014842
MD,2025-10-12,2025,285,TRUE,-2.0706563012583064,8.265128760077468,6.1944724588191615,180,-588.8726045367852,1882.2335632970883,1293.3609587603032
MD,2025-10-13,2025,286,TRUE,-2.389826297795665,9.184490165226519,6.794663867430856,181,-591.2624308345809,1891.4180534623147,1300.1556226277341
MD,2025-10-14,2025,287,TRUE,-1.3821790234866203,8.092423343597298,6.710244320110681,182,-592.6446098580675,1899.510476805912,1306.8658669478448
MD,2025-10-15,2025,288,TRUE,-2.7874519465134204,8.311198269393428,5.5237463228800054,183,-595.4320618045809,1907.8216750753054,1312.3896132707248
MD,2025-10-16,2025,289,TRUE,-1.2905981332548604,5.927668556391648,4.637070423136787,184,-596.7226599378358,1913.749343631697,1317.0266836938615
MD,2025-10-17,2025,290,TRUE,-0.7625176652307313,5.721446275741876,4.958928610511144,185,-597.4851776030665,1919.470789907439,1321.9856123043726
MD,2025-10-18,2025,291,TRUE,1.2557304802922045,4.430460894803532,5.686191375095738,186,-596.2294471227743,1923.9012508022424,1327.6718036794682
MD,2025-10-19,2025,292,TRUE,3.0552568660220105,2.316136548047267,5.371393414069276,187,-593.1741902567524,1926.2173873502898,1333.0431970935374
MD,2025-10-20,2025,293,TRUE,-0.648997872474641,5.784197823827189,5.135199951352549,188,-593.823188129227,1932.001585174117,1338.17839704489
MD,2025-10-21,2025,294,TRUE,1.2525719624112002,4.196400600699883,5.448972563111082,189,-592.5706161668157,1936.197985774817,1343.6273696080011
MD,2025-10-22,2025,295,TRUE,5.448139907092365,-0.430311610309626,5.0178282967827395,190,-587.1224762597234,1935.7676741645073,1348.6451979047838
MD,2025-10-23,2025,296,TRUE,1.3582421503487458,3.491287329412675,4.849529479761422,191,-585.7642341093747,1939.25896149392,1353.4947273845453
MD,2025-10-24,2025,297,TRUE,-0.7641544759578742,5.668469961178086,4.904315485220213,192,-586.52838858533255,1944.927431455098,1358.3990428697655
MD,2025-10-25,2025,298,TRUE,-1.262051460449351,5.502889301066782,4.240837840617432,193,-587.7904400457819,1950.4303207561647,1362.6398807103828
MD,2025-10-26,2025,299,TRUE,-0.9820394699789551,5.248779851290108,4.266740381311153,194,-588.7724795157609,1955.6791006074548,1366.906621091694
MD,2025-10-27,2025,300,TRUE,-0.9077014949303412,4.9590174527467505,4.051315957816409,195,-589.6801810106913,1960.6381180602016,1370.9579370495103
MD,2025-10-28,2025,301,TRUE,-0.8648495618116201,4.796991673096768,3.9321421112851467,196,-590.5450305725029,1965.4351097332983,1374.8900791607955
MD,2025-10-29,2025,302,TRUE,-0.8140825585470512,4.691776194551695,3.8776936360046435,197,-591.35911313105,1970.12688592785,1378.7677727968
MD,2025-10-30,2025,303,TRUE,0.6171658617931819,3.032561525569465,3.6497273873626463,198,-590.7419472692568,1973.1594474534195,1382.4175001841627
MD,2025-10-31,2025,304,TRUE,1.0716528616192074,2.6134806455144326,3.6851335071336413,199,-589.6702944076376,1975.772928098934,1386.1026336912964
