site,Date,n_obs_NEE,n_obs_GPP,n_obs_Reco,NEE_gC_day,GPP_gC_day,Reco_gC_day,cov_NEE,cov_GPP,cov_Reco
LD,2025-01-01,37,37,37,0.7434393397948801,0.31604533247217836,1.0594846722670586,0.7708333333333334,0.7708333333333334,0.7708333333333334
LD,2025-01-02,48,48,48,1.0051156529612788,0.3717972353558489,1.3769128883171278,1,1,1
LD,2025-01-03,48,48,48,0.7811337405442897,0.5229850568669424,1.3041187974112325,1,1,1
LD,2025-01-04,48,48,48,0.9589455765503996,0.11891892110407391,1.0778644976544738,1,1,1
LD,2025-01-05,48,48,48,1.3847783024773626,-0.3852931263643685,0.9994851761129945,1,1,1
LD,2025-01-06,48,48,48,1.2624032837123624,-0.19722760895267932,1.0651756747596828,1,1,1
LD,2025-01-07,48,48,48,0.9463134256118609,0.18123039657750148,1.1275438221893619,1,1,1
LD,2025-01-08,48,48,48,0.5676986527777418,0.4337896294125224,1.001488282190264,1,1,1
LD,2025-01-09,48,48,48,0.9305784856918868,-0.06571018155305439,0.8648683041388324,1,1,1
LD,2025-01-10,48,48,48,0.4404176593000119,0.5519236493791668,0.9923413086791787,1,1,1
LD,2025-01-11,48,48,48,1.396443097219428,-0.31250683480580527,1.0839362624136222,1,1,1
LD,2025-01-12,48,48,48,1.5283395553756882,-0.3120125113190136,1.2163270440566756,1,1,1
LD,2025-01-13,48,48,48,0.9836507123712,0.1377126766812073,1.1213633890524075,1,1,1
LD,2025-01-14,48,48,48,0.8126151915320493,0.05133453912865112,0.8639497306607006,1,1,1
LD,2025-01-15,48,48,48,0.9542723377133575,0.13524676307075104,1.0895191007841085,1,1,1
LD,2025-01-16,48,48,48,1.2168243435600001,0.11640785378038487,1.3332321973403847,1,1,1
LD,2025-01-17,48,48,48,1.231245710940527,0.43404648748603136,1.6652921984265592,1,1,1
LD,2025-01-18,48,48,48,1.1528382601522669,0.5235352752113787,1.6763735353636453,1,1,1
LD,2025-01-19,48,48,48,0.44485240106114204,0.548469515640474,0.993321916701616,1,1,1
LD,2025-01-20,48,48,48,0.35130654908911724,0.19207344273198262,0.5433799918211001,1,1,1
LD,2025-01-21,48,48,48,-0.017532398821175015,0.5202348959223875,0.5027024971012126,1,1,1
LD,2025-01-22,48,48,48,0.1467632369207911,0.40576204384440556,0.5525252807651968,1,1,1
LD,2025-01-23,48,48,48,0.8978433302149215,0.2933636084671677,1.191206938682089,1,1,1
LD,2025-01-24,48,48,48,0.982947324854791,0.12168384694408343,1.1046311717988742,1,1,1
LD,2025-01-25,48,48,48,0.9945157790879998,0.4846480220123864,1.4791638011003867,1,1,1
LD,2025-01-26,48,48,48,1.2940113450265716,0.34719304788012817,1.6412043929066995,1,1,1
LD,2025-01-27,48,48,48,1.6563264654054,-0.0509792630735518,1.6053472023318487,1,1,1
LD,2025-01-28,48,48,48,1.9165990187888027,-0.15345464453874158,1.763144374250061,1,1,1
LD,2025-01-29,48,48,48,1.8353338423931336,0.05056067030465647,1.8858945126977904,1,1,1
LD,2025-01-30,48,48,48,1.3704590686561602,0.16184085487158567,1.5322999235277455,1,1,1
LD,2025-01-31,48,48,48,1.671021679830536,0.047851522277027506,1.7188732021075641,1,1,1
LD,2025-02-01,48,48,48,0.9608080967949997,0.22973381248573838,1.1905419092807377,1,1,1
LD,2025-02-02,48,48,48,0.4682903537081534,0.6355569235690733,1.103847277277227,1,1,1
LD,2025-02-03,48,48,48,1.4793420054064101,-6.814831069733226e-4,1.4786605222994362,1,1,1
LD,2025-02-04,48,48,48,1.1550023353010443,0.1745327279847519,1.329535063285797,1,1,1
LD,2025-02-05,48,48,48,0.9413842768281423,0.2009289986444791,1.142313275472621,1,1,1
LD,2025-02-06,48,48,48,1.0951030988519532,0.3176537065506213,1.4127568054025745,1,1,1
LD,2025-02-07,48,48,48,1.481388586473657,-0.17297822445413594,1.3084103620195207,1,1,1
LD,2025-02-08,48,48,48,0.7681873387247896,0.342427149577819,1.1106144883026088,1,1,1
LD,2025-02-09,48,48,48,0.7083682099823936,0.20237214119048408,0.9107403511728777,1,1,1
LD,2025-02-10,48,48,48,0.7934824497122548,-0.18334002939557933,0.6101424203166751,1,1,1
LD,2025-02-11,48,48,48,0.537451550155101,0.0747692845752909,0.612220834730392,1,1,1
LD,2025-02-12,48,48,48,0.6612899982859609,-0.12524790351835124,0.5360420947676096,1,1,1
LD,2025-02-13,48,48,48,0.3729817741983678,0.19569721641008794,0.568678990608456,1,1,1
LD,2025-02-14,48,48,48,0.7771762210618013,-0.28018134673612816,0.4969948743256729,1,1,1
LD,2025-02-15,48,48,48,0.49925845715384043,0.07084639603179964,0.5701048531856401,1,1,1
LD,2025-02-16,48,48,48,0.6642469147534531,0.0836754320022718,0.7479223467557247,1,1,1
LD,2025-02-17,48,48,48,0.5454376697192727,0.18784612560194608,0.7332837953212189,1,1,1
LD,2025-02-18,48,48,48,1.3980951303234297,-0.7475831068299819,0.6505120234934471,1,1,1
LD,2025-02-19,48,48,48,0.5873941739887707,0.24555457917885617,0.8329487531676268,1,1,1
LD,2025-02-20,48,48,48,0.534082194550145,0.5087466372796534,1.042828831829798,1,1,1
LD,2025-02-21,48,48,48,0.6952415783315093,0.5693687396646392,1.2646103179961496,1,1,1
LD,2025-02-22,48,48,48,1.2947880861133712,0.06036610198994927,1.3551541881033207,1,1,1
LD,2025-02-23,48,48,48,1.600933320188517,-0.0664383013381195,1.5344950188503974,1,1,1
LD,2025-02-24,48,48,48,1.7494058646222064,0.09602216015865123,1.8454280247808565,1,1,1
LD,2025-02-25,48,48,48,1.0812800433376037,0.9235579666558565,2.0048380099934606,1,1,1
LD,2025-02-26,48,48,48,2.8137775416263344,-1.1361352591010638,1.6776422825252708,1,1,1
LD,2025-02-27,48,48,48,1.14413499563359,0.6551083662792,1.79924336191279,1,1,1
LD,2025-02-28,48,48,48,1.2858467938503688,0.6660516855947771,1.9518984794451462,1,1,1
LD,2025-03-01,48,48,48,0.5705705739791067,1.0405519689017901,1.6111225428808966,1,1,1
LD,2025-03-02,48,48,48,0.285247187964336,1.1991695044826827,1.4844166924470186,1,1,1
LD,2025-03-03,48,48,48,0.11526526720805268,1.6700279893765355,1.785293256584588,1,1,1
LD,2025-03-04,48,48,48,1.284329772864423,1.070713457753633,2.3550432306180564,1,1,1
LD,2025-03-05,48,48,48,2.7577900136787767,-0.1254695751288239,2.632320438549952,1,1,1
LD,2025-03-06,48,48,48,1.8024520154097594,0.06538828377194521,1.8678402991817045,1,1,1
LD,2025-03-07,48,48,48,0.9958068702169173,0.9659262004292697,1.9617330706461877,1,1,1
LD,2025-03-08,48,48,48,0.7548922008314101,1.0905484740480698,1.8454406748794796,1,1,1
LD,2025-03-09,48,48,48,1.2565246697812134,0.9955154740160644,2.2520401437972772,1,1,1
LD,2025-03-10,48,48,48,1.4659080898769692,1.0618648721244526,2.527772962001422,1,1,1
LD,2025-03-11,48,48,48,1.1974994725385089,1.3333078378346235,2.5308073103731314,1,1,1
LD,2025-03-12,48,48,48,0.5413967243814144,1.4909530351283244,2.032349759509739,1,1,1
LD,2025-03-13,48,48,48,0.30940828412883314,1.8914947932894715,2.2009030774183045,1,1,1
LD,2025-03-14,48,48,48,0.9248370972726926,1.856367859784965,2.781204957057658,1,1,1
LD,2025-03-15,48,48,48,2.4911855112833527,0.7269532142300035,3.2181387255133576,1,1,1
LD,2025-03-16,48,48,48,3.1194529733409464,-0.9376583088946456,2.1817946644463007,1,1,1
LD,2025-03-17,48,48,48,0.7828571643877013,1.2100044683346132,1.9928616327223145,1,1,1
LD,2025-03-18,48,48,48,0.9453349434990859,1.9669203384281928,2.91225528192728,1,1,1
LD,2025-03-19,48,48,48,1.877070456493385,1.4670979690970187,3.3441684255904045,1,1,1
LD,2025-03-20,48,48,48,1.5026442246741165,0.8206854083331816,2.323329633007298,1,1,1
LD,2025-03-21,48,48,48,0.9421554978062372,1.151753082555195,2.0939085803614317,1,1,1
LD,2025-03-22,48,48,48,-0.06912675267237646,2.0103338666929025,1.9412071140205256,1,1,1
LD,2025-03-23,48,48,48,-0.5195523371966491,1.9582005712661272,1.438648234069479,1,1,1
LD,2025-03-24,48,48,48,0.32245675150921055,1.2303554877758758,1.5528122392850858,1,1,1
LD,2025-03-25,48,48,48,1.3641550613844105,0.5756169786487464,1.9397720400331566,1,1,1
LD,2025-03-26,48,48,48,1.6116655927026344,0.7383991621638945,2.350064754866528,1,1,1
LD,2025-03-27,48,48,48,1.6403941866325724,0.7890971531489425,2.429491339781516,1,1,1
LD,2025-03-28,48,48,48,4.552459557043435,-1.6554152954860164,2.897044261557417,1,1,1
LD,2025-03-29,48,48,48,4.672104226668001,-1.5017533095595736,3.1703509171084265,1,1,1
LD,2025-03-30,48,48,48,5.0670790011901365,-1.723553692628557,3.3435253085615804,1,1,1
LD,2025-03-31,48,48,48,0.44033476148188233,2.4506467047178195,2.890981466199702,1,1,1
LD,2025-04-01,48,48,48,-0.491577629721701,3.180313445218859,2.688735815497158,1,1,1
LD,2025-04-02,48,48,48,0.42293043477365416,2.534157274525446,2.9570877092991013,1,1,1
LD,2025-04-03,48,48,48,1.69087232241,2.0077040483103223,3.6985763707203225,1,1,1
LD,2025-04-04,48,48,48,-0.2754023316531995,3.3210697605066737,3.045667428853473,1,1,1
LD,2025-04-05,48,48,48,-0.046930832598826216,3.1965057374301096,3.1495749048312818,1,1,1
LD,2025-04-06,48,48,48,-0.839737508986664,3.510076463434197,2.670338954447532,1,1,1
LD,2025-04-07,48,48,48,0.16588934471958172,2.193455158384261,2.359344503103844,1,1,1
LD,2025-04-08,48,48,48,-0.6151025886719156,2.3365748838295124,1.7214722951575963,1,1,1
LD,2025-04-09,48,48,48,-0.9249732030756284,2.4821112328874926,1.5571380298118647,1,1,1
LD,2025-04-10,48,48,48,-0.005330919403615422,1.294393313440772,1.2890623940371562,1,1,1
LD,2025-04-11,48,48,48,-1.5507969625993612,2.546731329940246,0.9959343673408844,1,1,1
LD,2025-04-12,48,48,48,-1.2245831296112992,1.832587337014512,0.608004207403213,1,1,1
LD,2025-04-13,48,48,48,0.7234206056388447,-0.1544440279676335,0.5689765776712105,1,1,1
LD,2025-04-14,48,48,48,-2.573105630475685,3.795334087927631,1.222228457451946,1,1,1
LD,2025-04-15,48,48,48,-0.038099497551428,1.549928649032694,1.5118291514812652,1,1,1
LD,2025-04-16,48,48,48,-1.2655996121871307,3.1605400950762297,1.8949404828890988,1,1,1
LD,2025-04-17,48,48,48,-0.857542527416194,3.0286237812537413,2.171081253837549,1,1,1
LD,2025-04-18,48,48,48,0.48601578539187906,2.318769120899688,2.804784906291567,1,1,1
LD,2025-04-19,48,48,48,-1.2648929457438838,3.808999073472913,2.5441061277290284,1,1,1
LD,2025-04-20,48,48,48,-2.43570458125586,4.7801310121835225,2.344426430927662,1,1,1
LD,2025-04-21,48,48,48,-0.022069698012861703,2.7796560542626736,2.7575863562498113,1,1,1
LD,2025-04-22,48,48,48,-1.3325367322567168,4.259756403241707,2.927219670984991,1,1,1
LD,2025-04-23,48,48,48,-1.9454332856910423,5.565253388296701,3.61982010260566,1,1,1
LD,2025-04-24,48,48,48,-1.798508882122129,6.328663556879921,4.530154674757792,1,1,1
LD,2025-04-25,48,48,48,-3.4094918370440377,8.118527083848267,4.7090352468042305,1,1,1
LD,2025-04-26,48,48,48,-3.6570319380953746,7.9046821011179835,4.247650163022607,1,1,1
LD,2025-04-27,48,48,48,-3.3941270244799404,7.937073566649619,4.542946542169679,1,1,1
LD,2025-04-28,48,48,48,-2.629586006934147,8.270118365934112,5.6405323589999625,1,1,1
LD,2025-04-29,48,48,48,-2.9145117792888007,9.388326247902672,6.473814468613873,1,1,1
LD,2025-04-30,48,48,48,-3.188875478027843,8.062126133916045,4.873250655888203,1,1,1
LD,2025-05-01,48,48,48,5.395647489292552,0.03460849472718548,5.430255984019738,1,1,1
LD,2025-05-02,48,48,48,-4.029029361809542,8.930285232018404,4.9012558702088604,1,1,1
LD,2025-05-03,48,48,48,-2.4159127805566034,7.629274761233996,5.213361980677395,1,1,1
LD,2025-05-04,48,48,48,-2.9924025903282123,8.454942447662331,5.462539857334119,1,1,1
LD,2025-05-05,48,48,48,-2.3433474126563487,8.26999210512299,5.92664469246664,1,1,1
LD,2025-05-06,48,48,48,-0.03525095353121474,6.187228861517802,6.151977907986585,1,1,1
LD,2025-05-07,48,48,48,-4.748220462990715,11.201995696018084,6.453775233027368,1,1,1
LD,2025-05-08,48,48,48,-4.514631564602979,10.204886529466233,5.690254964863251,1,1,1
LD,2025-05-09,48,48,48,-4.229050095733783,9.574858963828321,5.345808868094537,1,1,1
LD,2025-05-10,48,48,48,-5.759877931989199,11.83732287794705,6.077444945957849,1,1,1
LD,2025-05-11,48,48,48,-4.385614642269904,10.54023783475267,6.154623192482761,1,1,1
LD,2025-05-12,48,48,48,-2.449464660571626,9.650035796138155,7.200571135566528,1,1,1
LD,2025-05-13,48,48,48,-1.0980197798105062,8.704880863254722,7.606861083444217,1,1,1
LD,2025-05-14,48,48,48,-2.6300668744268365,10.342860575410867,7.712793700984031,1,1,1
LD,2025-05-15,48,48,48,-0.9500513082337312,8.832084575372372,7.882033267138644,1,1,1
LD,2025-05-16,48,48,48,-3.1168993976017716,11.100697967733582,7.983798570131812,1,1,1
LD,2025-05-17,48,48,48,0.9628606734564152,5.684730646021905,6.64759131947832,1,1,1
LD,2025-05-18,48,48,48,-6.670307116442065,12.548183449698797,5.877876333256732,1,1,1
LD,2025-05-19,48,48,48,-5.5302993132587215,10.350720975635783,4.820421662377062,1,1,1
LD,2025-05-20,48,48,48,-0.45424621546210303,4.823183568304666,4.368937352842563,1,1,1
LD,2025-05-21,48,48,48,2.934227887001113,0.9743943997913848,3.9086222867924953,1,1,1
LD,2025-05-22,48,48,48,-7.088822898381425,10.026624622558405,2.9378017241769796,1,1,1
LD,2025-05-23,48,48,48,-5.835191556319715,8.354278699802258,2.519087143482543,1,1,1
LD,2025-05-24,48,48,48,-7.103509574800982,10.393908572005625,3.290398997204638,1,1,1
LD,2025-05-25,48,48,48,-7.685246742945443,11.826221740795116,4.140974997849677,1,1,1
LD,2025-05-26,48,48,48,-6.7720483151708555,11.8928160503459,5.120767735175043,1,1,1
LD,2025-05-27,48,48,48,-4.229996955097199,10.471883118186774,6.241886163089576,1,1,1
LD,2025-05-28,48,48,48,2.0305212409174054,4.926702499110423,6.9572237400278265,1,1,1
LD,2025-05-29,48,48,48,-3.287522370446534,10.53427374114204,7.246751370695509,1,1,1
LD,2025-05-30,48,48,48,-1.154789867984192,9.11107679445591,7.956286926471717,1,1,1
LD,2025-05-31,48,48,48,-7.650665851833259,15.479002647888825,7.828336796055568,1,1,1
LD,2025-06-01,48,48,48,-8.8499822613156,15.97062953967069,7.1206472783550865,1,1,1
LD,2025-06-02,48,48,48,-6.652097052911999,13.788513341805555,7.136416288893551,1,1,1
LD,2025-06-03,48,48,48,-3.989670692761798,12.217330469242613,8.227659776480815,1,1,1
LD,2025-06-04,48,48,48,0.3853745582323935,7.354189134822153,7.7395636930545475,1,1,1
LD,2025-06-05,48,48,48,-5.624877323891563,12.853926810939814,7.2290494870482505,1,1,1
LD,2025-06-06,48,48,48,-5.409638250957455,12.519346962678192,7.1097087117207325,1,1,1
LD,2025-06-07,48,48,48,-6.201451741849015,13.351966994213138,7.150515252364127,1,1,1
LD,2025-06-08,48,48,48,-4.927191844806132,12.384993446791386,7.457801601985253,1,1,1
LD,2025-06-09,48,48,48,-5.823238069734833,12.624515003506358,6.801276933771523,1,1,1
LD,2025-06-10,48,48,48,-4.346037158367272,10.416414643383522,6.070377485016252,1,1,1
LD,2025-06-11,48,48,48,-5.6696254086131175,11.859213054296697,6.1895876456835754,1,1,1
LD,2025-06-12,48,48,48,-2.879333873946228,8.794064160841828,5.914730286895598,1,1,1
LD,2025-06-13,48,48,48,-4.02846147520508,9.296714538749288,5.268253063544211,1,1,1
LD,2025-06-14,48,48,48,-6.922959294393938,11.628324712418577,4.705365418024635,1,1,1
LD,2025-06-15,48,48,48,-4.518750746051828,9.718183837279826,5.1994330912279985,1,1,1
LD,2025-06-16,48,48,48,-4.150980176728199,10.889575712306657,6.7385955355784555,1,1,1
LD,2025-06-17,48,48,48,-4.2469248302798315,12.569289747150803,8.32236491687097,1,1,1
LD,2025-06-18,48,48,48,3.0571722597315047,6.295767431527527,9.352939691259031,1,1,1
LD,2025-06-19,48,48,48,1.2615044115465235,8.908255192060299,10.169759603606822,1,1,1
LD,2025-06-20,48,48,48,-2.306680561009642,13.213896239201405,10.907215678191768,1,1,1
LD,2025-06-21,48,48,48,-1.7989444590319714,13.45967529966906,11.660730840637092,1,1,1
LD,2025-06-22,48,48,48,-2.608827696216001,13.880337966119992,11.27151026990399,1,1,1
LD,2025-06-23,48,48,48,-2.7983230977947016,13.402327224540976,10.604004126746279,1,1,1
LD,2025-06-24,48,48,48,-3.6495235529391983,13.311784734239623,9.662261181300426,1,1,1
LD,2025-06-25,48,48,48,0.8175520638548627,7.864486385343477,8.682038449198338,1,1,1
LD,2025-06-26,48,48,48,-5.300767425925403,14.339178129367884,9.03841070344248,1,1,1
LD,2025-06-27,48,48,48,-3.6035867512105764,13.426704953771882,9.823118202561307,1,1,1
LD,2025-06-28,48,48,48,-2.7182311680371742,12.734797266073633,10.01656609803646,1,1,1
LD,2025-06-29,48,48,48,-4.3659084889768955,14.697598012418188,10.33168952344129,1,1,1
LD,2025-06-30,48,48,48,-3.8231240415360004,13.770053550596286,9.946929509060292,1,1,1
LD,2025-07-01,48,48,48,-4.746036549374469,14.249660945000624,9.503624395626153,1,1,1
LD,2025-07-02,48,48,48,-5.177690479552733,14.124246346980652,8.946555867427922,1,1,1
LD,2025-07-03,48,48,48,-3.783628735995528,11.883548326095374,8.099919590099843,1,1,1
LD,2025-07-04,48,48,48,-5.207785711050465,12.465691027429196,7.257905316378735,1,1,1
LD,2025-07-05,48,48,48,-5.338563362474113,11.843183676625813,6.504620314151701,1,1,1
LD,2025-07-06,48,48,48,-5.052955575806078,10.223212725704435,5.170257149898356,1,1,1
LD,2025-07-07,48,48,48,-3.6071085993664718,7.931208115255445,4.324099515888973,1,1,1
LD,2025-07-08,48,48,48,-6.236575899805295,10.571553970106951,4.334978070301656,1,1,1
LD,2025-07-09,48,48,48,-4.233855667263614,8.880530823129991,4.646675155866378,1,1,1
LD,2025-07-10,48,48,48,-6.0402571908020795,10.513349282772595,4.473092091970514,1,1,1
LD,2025-07-11,48,48,48,-1.5253332911683444,6.123294071623984,4.59796078045564,1,1,1
LD,2025-07-12,48,48,48,-5.598101555794678,10.359165842675317,4.761064286880642,1,1,1
LD,2025-07-13,48,48,48,-6.168442057204487,10.72396387098968,4.55552181378519,1,1,1
LD,2025-07-14,48,48,48,-4.333613282193634,8.651071404107578,4.317458121913945,1,1,1
LD,2025-07-15,48,48,48,-2.9309277584685822,7.137101150964261,4.206173392495678,1,1,1
LD,2025-07-16,48,48,48,-5.025812382924404,9.3273484610391435,4.301536078114737,1,1,1
LD,2025-07-17,48,48,48,-2.2436752550334567,6.249762821339534,4.006087566306078,1,1,1
LD,2025-07-18,48,48,48,-2.4896407298853958,6.878849299206534,4.389208569321138,1,1,1
LD,2025-07-19,48,48,48,-1.1293628190704526,6.457334132509958,5.3279713134395035,1,1,1
LD,2025-07-20,48,48,48,-3.401657663938952,9.5453624166911,6.14370475275215,1,1,1
LD,2025-07-21,48,48,48,-3.2754980284742667,9.763748177230624,6.48825014875636,1,1,1
LD,2025-07-22,48,48,48,-3.864758772548572,10.37053321424877,6.505774441700197,1,1,1
LD,2025-07-23,48,48,48,-3.370093123225268,9.506726827064965,6.136633703839698,1,1,1
LD,2025-07-24,48,48,48,-3.949341025205275,10.248431887272389,6.299090862067113,1,1,1
LD,2025-07-25,48,48,48,-2.89604257983256,8.649547028720573,5.7535044488880125,1,1,1
LD,2025-07-26,48,48,48,-3.2120389521568753,8.68444647969761,5.472407527540735,1,1,1
LD,2025-07-27,48,48,48,-3.3756143713296503,8.793213861275312,5.417599489945664,1,1,1
LD,2025-07-28,48,48,48,-4.913651719999894,10.193741259155571,5.2800895391556795,1,1,1
LD,2025-07-29,48,48,48,-4.65515357300292,9.491632255895823,4.836478682892903,1,1,1
LD,2025-07-30,48,48,48,-2.8769190325411964,7.3041600013330825,4.427240968791887,1,1,1
LD,2025-07-31,48,48,48,-2.9468940731023836,6.928679950568339,3.981785877465956,1,1,1
LD,2025-08-01,48,48,48,-3.244174184110342,7.094900189413813,3.850726005303471,1,1,1
LD,2025-08-02,48,48,48,-3.6256390792010116,7.2958771735712125,3.670238094370199,1,1,1
LD,2025-08-03,48,48,48,-4.379408461669064,8.201628605029088,3.8222201433600254,1,1,1
LD,2025-08-04,48,48,48,-5.018095651371562,8.715667516687972,3.6975718653164136,1,1,1
LD,2025-08-05,48,48,48,-4.1386801036826,7.635380656468357,3.496700552785756,1,1,1
LD,2025-08-06,48,48,48,-2.7339906354668693,6.112417949397433,3.3784273139305645,1,1,1
LD,2025-08-07,48,48,48,-3.081011744081358,6.251709577307818,3.1706978332264617,1,1,1
LD,2025-08-08,48,48,48,-3.3893038633417096,6.36059708385431,2.9712932205126,1,1,1
LD,2025-08-09,48,48,48,-4.675755202057515,7.499325758801244,2.823570556743727,1,1,1
LD,2025-08-10,48,48,48,-4.400633202409503,6.982014267321302,2.5813810649117985,1,1,1
LD,2025-08-11,48,48,48,-5.808229067901734,9.516850673390648,3.708621605488913,1,1,1
LD,2025-08-12,48,48,48,3.795523798433925,1.3364801173961727,5.132003915830099,1,1,1
LD,2025-08-13,48,48,48,0.03673508967699006,6.2801605360510635,6.316895625728052,1,1,1
LD,2025-08-14,48,48,48,-1.9089135227452967,8.995878355308973,7.086964832563678,1,1,1
LD,2025-08-15,48,48,48,-2.699634234549397,11.106607657964263,8.406973423414865,1,1,1
LD,2025-08-16,48,48,48,-1.119086749873442,10.755558388536043,9.6364716386626,1,1,1
LD,2025-08-17,48,48,48,-1.0344628179455413,11.39838897840482,10.363926160459282,1,1,1
LD,2025-08-18,48,48,48,0.14292994015816152,10.170228453052495,10.313158393210658,1,1,1
LD,2025-08-19,48,48,48,3.6662733090617388,6.664827136285073,10.331100445346811,1,1,1
LD,2025-08-20,48,48,48,-0.4379129733113726,10.32899346382166,9.891080490510278,1,1,1
LD,2025-08-21,48,48,48,-1.7489903630826398,11.151336766229281,9.40234640314664,1,1,1
LD,2025-08-22,48,48,48,-3.859144844969566,12.961908645895033,9.102763800925468,1,1,1
LD,2025-08-23,48,48,48,-1.9865926046880653,10.667347934951904,8.680755330263842,1,1,1
LD,2025-08-24,48,48,48,-2.1474121275474305,9.553519485026007,7.406107357478573,1,1,1
LD,2025-08-25,48,48,48,-3.4548578427791026,9.74638506997408,6.291527227194975,1,1,1
LD,2025-08-26,48,48,48,-4.174616880649024,9.639274166535925,5.464657285886902,1,1,1
LD,2025-08-27,48,48,48,-5.19925710101987,10.028490691342853,4.829233590322985,1,1,1
LD,2025-08-28,48,48,48,-2.864841851260858,7.9439812696996,5.07913941843874,1,1,1
LD,2025-08-29,48,48,48,-3.424436820683704,7.897455368973251,4.473018548289549,1,1,1
LD,2025-08-30,48,48,48,-3.747333793148912,8.34764763278864,4.600313839639723,1,1,1
LD,2025-08-31,48,48,48,-4.160065154256796,9.06105878988653,4.900993635629733,1,1,1
LD,2025-09-01,48,48,48,-4.393580667991152,9.430227649035077,5.036646981043923,1,1,1
LD,2025-09-02,48,48,48,-5.138158752897341,10.168282857981024,5.030124105083682,1,1,1
LD,2025-09-03,48,48,48,0.34572295097288536,4.602974275870341,4.948697226843229,1,1,1
LD,2025-09-04,48,48,48,-3.09469150251302,7.51124658715558,4.41655508464256,1,1,1
LD,2025-09-05,48,48,48,-2.5728746793908295,7.205226885265263,4.632352205874432,1,1,1
LD,2025-09-06,48,48,48,-1.572447546110091,6.2921800650534845,4.719732518943392,1,1,1
LD,2025-09-07,48,48,48,-3.683693206028521,8.495123398916636,4.811430192888116,1,1,1
LD,2025-09-08,48,48,48,-4.131801695740185,9.100303230788025,4.968501535047841,1,1,1
LD,2025-09-09,48,48,48,-4.179124460212281,9.946768557141699,5.767644096929421,1,1,1
LD,2025-09-10,48,48,48,-3.084869756518266,9.396789589334391,6.311919832816124,1,1,1
LD,2025-09-11,48,48,48,-3.1155889683077818,9.880743147308152,6.765154179000372,1,1,1
LD,2025-09-12,48,48,48,-3.210675309254183,10.270248669427097,7.059573360172917,1,1,1
LD,2025-09-13,48,48,48,-3.3204619136797424,10.512001691087946,7.1915397774082015,1,1,1
LD,2025-09-14,48,48,48,-2.9485155547182016,10.642641332504098,7.6941257777859,1,1,1
LD,2025-09-15,48,48,48,-1.5318473981244851,9.500404890923162,7.968557492798678,1,1,1
LD,2025-09-16,48,48,48,-1.7794837157209245,9.869029011726436,8.089545296005507,1,1,1
LD,2025-09-17,48,48,48,-1.6532141526246633,9.882236195558814,8.229022042934147,1,1,1
LD,2025-09-18,48,48,48,-2.1670969973075076,10.7501584353441,8.58306143803659,1,1,1
LD,2025-09-19,48,48,48,-1.893420546754799,10.76565036247468,8.872229815719882,1,1,1
LD,2025-09-20,48,48,48,-0.5687074623718792,9.330124558257902,8.76141709588602,1,1,1
LD,2025-09-21,48,48,48,1.5303719627187193,7.247736864436855,8.778108827155572,1,1,1
LD,2025-09-22,48,48,48,1.0015523953131453,8.063230411865112,9.064782807178256,1,1,1
LD,2025-09-23,48,48,48,0.40881959201669266,8.497947154053065,8.906766746069762,1,1,1
LD,2025-09-24,48,48,48,1.7476240928042175,6.791211232404938,8.538835325209154,1,1,1
LD,2025-09-25,48,48,48,1.0608410666051555,7.55263146948342,8.613472536088578,1,1,1
LD,2025-09-26,48,48,48,-0.7602339827232005,9.547349161645332,8.787115178922134,1,1,1
LD,2025-09-27,48,48,48,0.7258634675629954,8.125744576212655,8.851608043775647,1,1,1
LD,2025-09-28,48,48,48,-1.3707207329052258,10.594622498876888,9.223901765971663,1,1,1
LD,2025-09-29,48,48,48,-2.866948569190604,11.588247493542378,8.721298924351771,1,1,1
LD,2025-09-30,48,48,48,-2.483654466773801,11.65396848957326,9.170314022799458,1,1,1
LD,2025-10-01,48,48,48,-2.1955734442326724,11.19297122181797,8.997397777585297,1,1,1
LD,2025-10-02,48,48,48,-2.811296124189626,11.186070895945416,8.37477477175579,1,1,1
LD,2025-10-03,48,48,48,-2.17872080345611,9.274385614087304,7.095664810631193,1,1,1
LD,2025-10-04,48,48,48,-2.139954693617731,7.34677467343222,5.206819979814492,1,1,1
LD,2025-10-05,48,48,48,-2.8835163851982646,6.651183778837863,3.7676673936395986,1,1,1
LD,2025-10-06,48,48,48,-2.220546043235151,5.291304328649828,3.070758285414676,1,1,1
LD,2025-10-07,48,48,48,-1.509025322214316,4.626934006643929,3.1179086844296138,1,1,1
LD,2025-10-08,48,48,48,-2.7029334893645847,5.815245776081322,3.112312286716738,1,1,1
LD,2025-10-09,48,48,48,-1.1866303577942878,4.5257682922295475,3.3391379344352603,1,1,1
LD,2025-10-10,48,48,48,0.11238260378654254,3.8012913596368945,3.9136739634234377,1,1,1
LD,2025-10-11,48,48,48,-0.4493181085813652,4.980651359524231,4.531333250942865,1,1,1
LD,2025-10-12,48,48,48,-1.2749755266665321,6.032691790282581,4.757716263616049,1,1,1
LD,2025-10-13,48,48,48,-1.8243672851532737,7.5312293285993785,5.706862043446105,1,1,1
LD,2025-10-14,48,48,48,-1.9102825773713972,7.713641886154772,5.803359308783377,1,1,1
LD,2025-10-15,48,48,48,-0.8451395350551774,5.963401625691005,5.118262090635827,1,1,1
LD,2025-10-16,48,48,48,-0.433369093386346,5.080444562492635,4.647075469106289,1,1,1
LD,2025-10-17,48,48,48,-0.32760760189283067,5.306447794251135,4.978840192358307,1,1,1
LD,2025-10-18,48,48,48,0.9192565699771789,4.812487402827974,5.731743972805154,1,1,1
LD,2025-10-19,48,48,48,0.6901512400471336,4.944402636227731,5.634553876274865,1,1,1
LD,2025-10-20,48,48,48,-0.5730714128187354,6.164861292830644,5.591789880011909,1,1,1
LD,2025-10-21,48,48,48,0.6584028718125848,5.7018399056242375,6.360242777436822,1,1,1
LD,2025-10-22,48,48,48,2.2140917179249713,4.2597277331529835,6.473819451077953,1,1,1
LD,2025-10-23,48,48,48,2.8620951795360114,3.4852864497434664,6.347381629279477,1,1,1
LD,2025-10-24,48,48,48,-0.3279161648091782,6.411806417321348,6.083890252512168,1,1,1
LD,2025-10-25,48,48,48,0.1369386058631845,5.198802735697097,5.335741341560281,1,1,1
LD,2025-10-26,48,48,48,-0.6600475793535944,6.155526715852322,5.4954791364987265,1,1,1
LD,2025-10-27,48,48,48,-0.39120914268575524,5.762614197105189,5.371405054419434,1,1,1
LD,2025-10-28,48,48,48,0.23027672812866593,5.145635212765154,5.375911940893821,1,1,1
LD,2025-10-29,48,48,48,0.5979149903056303,4.650045065345527,5.247960055651158,1,1,1
LD,2025-10-30,48,48,48,-0.6962294445465108,5.442500004790562,4.746270560244052,1,1,1
LD,2025-10-31,48,48,48,1.4377986498580853,3.121561548392972,4.559360198251058,1,1,1
LD,2025-11-01,48,48,48,2.4788385410349902,1.5375994119038776,4.016437952938869,1,1,1
LD,2025-11-02,48,48,48,0.8202860335953492,2.7940770092657345,3.6143630428610845,1,1,1
LD,2025-11-03,48,48,48,0.48407753951236365,3.35213787737447,3.836215416886833,1,1,1
LD,2025-11-04,48,48,48,0.6550955622629042,3.975032684005827,4.630128246268732,1,1,1
LD,2025-11-05,48,48,48,0.8812543187005213,3.650542505981036,4.531796824681558,1,1,1
LD,2025-11-06,48,48,48,-0.3353747390404125,4.082780908082122,3.7474061690417106,1,1,1
LD,2025-11-07,48,48,48,1.6229885104599215,2.5182707316525024,4.141259242112425,1,1,1
LD,2025-11-08,48,48,48,1.2149755304611844,2.2788808593067613,3.4938563897679438,1,1,1
LD,2025-11-09,48,48,48,0.7135018741419863,2.157406003716154,2.8709078778581394,1,1,1
LD,2025-11-10,48,48,48,0.9525323097308167,1.5302367793662799,2.4827690890970957,1,1,1
LD,2025-11-11,48,48,48,0.9111193045141964,1.743053833889817,2.6541731384040137,1,1,1
LD,2025-11-12,48,48,48,0.9412677192866086,2.412035249920698,3.3533029692073058,1,1,1
LD,2025-11-13,48,48,48,0.2823709637947502,2.8933695364093253,3.1757405002040753,1,1,1
LD,2025-11-14,48,48,48,0.48189563964886956,2.8621475144697004,3.34404315411857,1,1,1
LD,2025-11-15,48,48,48,2.4328136874511967,1.7667392576372432,4.19955294508844,1,1,1
LD,2025-11-16,48,48,48,1.12585262543217,2.416642495298329,3.542495120730498,1,1,1
LD,2025-11-17,48,48,48,0.5451915683350875,2.392543710450876,2.937735278785965,1,1,1
LD,2025-11-18,48,48,48,1.4105243318269438,1.3547476069204625,2.765271938747407,1,1,1
LD,2025-11-19,48,48,48,0.8752555593215795,1.907123794227359,2.7823793535489387,1,1,1
LD,2025-11-20,48,48,48,3.966726872067685,-0.94206211058491,3.0246647614827764,1,1,1
LD,2025-11-21,48,48,48,1.7380346083725569,1.6356940185611637,3.3737286269337203,1,1,1
LD,2025-11-22,48,48,48,1.1415613693772908,1.618541049046065,2.7601024184233554,1,1,1
LD,2025-11-23,48,48,48,0.8947625679289547,2.295022697493118,3.1897852654220737,1,1,1
LD,2025-11-24,48,48,48,1.2470895513912421,1.5379463809213425,2.7850359323125855,1,1,1
LD,2025-11-25,48,48,48,2.5269120750812446,0.585879436760551,3.1127915118417966,1,1,1
LD,2025-11-26,48,48,48,3.7781205898654555,-1.090449935919571,2.687670653945885,1,1,1
LD,2025-11-27,48,48,48,2.602323634590066,-0.44606353371301133,2.1562601008770543,1,1,1
LD,2025-11-28,48,48,48,2.1962522923703998,-0.19420051623700596,2.0020517761333942,1,1,1
LD,2025-11-29,48,48,48,1.72325573436156,0.20999600981811828,1.9332517441796777,1,1,1
LD,2025-11-30,48,48,48,1.8408324801798117,0.03443195150106756,1.8752644316808789,1,1,1
LD,2025-12-01,48,48,48,2.3779939554646847,-0.6790200172210011,1.6989739382436833,1,1,1
LD,2025-12-02,48,48,48,1.8122928124107949,-0.29822885269304206,1.5140639597177525,1,1,1
LD,2025-12-03,48,48,48,1.1632033043280001,0.3644136432624165,1.5276169475904164,1,1,1
LD,2025-12-04,48,48,48,1.6510887449817726,-0.3103864868265633,1.3407022581552095,1,1,1
LD,2025-12-05,48,48,48,1.1843300983352514,0.13235149900021045,1.3166815973354615,1,1,1
LD,2025-12-06,48,48,48,1.5636000106054322,0.28849031721591045,1.8520903278213432,1,1,1
LD,2025-12-07,48,48,48,1.9198414709197213,-0.28858398137676,1.631257489542961,1,1,1
LD,2025-12-08,48,48,48,2.8088744951269082,-1.5431595122600594,1.2657149828668488,1,1,1
LD,2025-12-09,48,48,48,3.115792381186039,-1.4210028761158604,1.6947895050701784,1,1,1
LD,2025-12-10,48,48,48,1.6421733216957857,0.4199174793377054,2.0620908010334906,1,1,1
LD,2025-12-11,48,48,48,1.3320703333024757,0.4322698613463032,1.7643401946487787,1,1,1
LD,2025-12-12,48,48,48,2.009263815967786,-0.17502572708534025,1.8342380888824459,1,1,1
LD,2025-12-13,48,48,48,1.3648638644588555,0.03469824317016942,1.3995621076290234,1,1,1
LD,2025-12-14,48,48,48,1.1365565398024493,-0.13412793637663928,1.0024286034258099,1,1,1
LD,2025-12-15,48,48,48,1.0921369728373067,0.12336911760592284,1.2155060904432295,1,1,1
LD,2025-12-16,48,48,48,0.9483158098206252,0.5836321331668647,1.5319479429874898,1,1,1
LD,2025-12-17,48,48,48,1.7267078332089612,0.4160921335866164,2.142799966795577,1,1,1
LD,2025-12-18,48,48,48,1.7390323103410148,0.3097376989949834,2.0487700093359984,1,1,1
LD,2025-12-19,48,48,48,1.208015961360403,0.26170855728998993,1.4697245186503929,1,1,1
LD,2025-12-20,48,48,48,0.879395433529003,0.44444913280446874,1.3238445663334713,1,1,1
LD,2025-12-21,48,48,48,1.224917276428344,-0.0923594401705538,1.1325578362577897,1,1,1
LD,2025-12-22,48,48,48,0.9980884136924911,0.13466966652849605,1.1327580802209876,1,1,1
LD,2025-12-23,48,48,48,1.0431992834156012,0.39395152229389935,1.4371508057095006,1,1,1
LD,2025-12-24,48,48,48,1.0093647501448402,0.29550687152296407,1.304871621667804,1,1,1
LD,2025-12-25,48,48,48,2.078247819390712,-0.7087819297864816,1.3694658896042304,1,1,1
LD,2025-12-26,48,48,48,3.6104973907379345,-2.2677068410158516,1.3427905497220844,1,1,1
LD,2025-12-27,48,48,48,0.9059448081910524,0.524649279998625,1.4305940881896775,1,1,1
LD,2025-12-28,48,48,48,1.934828161928131,-0.15007159645716212,1.784756565470969,1,1,1
LD,2025-12-29,48,48,48,2.3386558586971953,-0.2586162733998943,2.0800395852973,1,1,1
LD,2025-12-30,48,48,48,1.251194745560057,0.6220446455715088,1.8732393911315661,1,1,1
LD,2025-12-31,48,48,48,1.9694611870509113,-0.27793681179458524,1.6915243752563254,1,1,1
LD,2026-01-01,10,10,10,NA,NA,NA,0.20833333333333334,0.20833333333333334,0.20833333333333334
MD,2025-01-01,37,37,37,1.1973819557880003,-0.326369876096795,0.8710120796912049,0.7708333333333334,0.7708333333333334,0.7708333333333334
MD,2025-01-02,48,48,48,0.8503687506999286,0.28137017222497424,1.1317389229249029,1,1,1
MD,2025-01-03,48,48,48,0.6957937658819289,0.37090378883509373,1.066697554717023,1,1,1
MD,2025-01-04,48,48,48,0.9117053376336,-0.02711023956578831,0.8845950980678119,1,1,1
MD,2025-01-05,48,48,48,0.9197257650170206,-0.07185009381859608,0.8478756711984244,1,1,1
MD,2025-01-06,48,48,48,0.576254126313,0.35404984989202504,0.9303039762050254,1,1,1
MD,2025-01-07,48,48,48,0.7305100098855531,0.27019344995956407,1.0007034598451172,1,1,1
MD,2025-01-08,48,48,48,0.7716103792278728,0.12597134207379787,0.8975817213016707,1,1,1
MD,2025-01-09,48,48,48,0.5352857133940115,0.25175124604958665,0.7870369594435984,1,1,1
MD,2025-01-10,48,48,48,0.4077852927839999,0.5398797390554664,0.9476650318394667,1,1,1
MD,2025-01-11,48,48,48,0.8972432556020656,0.19260870247422623,1.089851958076292,1,1,1
MD,2025-01-12,48,48,48,0.3130330196029281,0.850904782090339,1.1639378016932673,1,1,1
MD,2025-01-13,48,48,48,0.7809041610719997,0.23270207477808072,1.0136062358500808,1,1,1
MD,2025-01-14,48,48,48,0.8076196700639998,-0.049857723854199815,0.7577619462098,1,1,1
MD,2025-01-15,48,48,48,0.8354203561440001,0.14553541351373128,0.9809557696577313,1,1,1
MD,2025-01-16,48,48,48,0.8529052929139724,0.40422182924060823,1.257127122154581,1,1,1
MD,2025-01-17,48,48,48,0.9014311863123307,0.7356337692039107,1.637064955516241,1,1,1
MD,2025-01-18,48,48,48,1.2977985367440004,0.3213291652260204,1.61912770197002,1,1,1
MD,2025-01-19,48,48,48,0.5772490055757369,0.3328270754176982,0.9100760809934355,1,1,1
MD,2025-01-20,48,48,48,0.5790779445950238,-0.1045977357934598,0.4744802088015641,1,1,1
MD,2025-01-21,48,48,48,0.73430516711186955,-0.3063459121864619,0.4279592549254079,1,1,1
MD,2025-01-22,48,48,48,-0.16631894399970104,0.6430663961090365,0.4767474521093355,1,1,1
MD,2025-01-23,48,48,48,0.5496353722306472,0.5181073673862139,1.0677427396168613,1,1,1
MD,2025-01-24,48,48,48,0.4627941588108683,0.5011214869792201,0.9639156457900883,1,1,1
MD,2025-01-25,48,48,48,0.35734385281509096,0.9584798777286827,1.3158237305437739,1,1,1
MD,2025-01-26,48,48,48,0.6380590987439999,0.8253989206290299,1.4634580193730298,1,1,1
MD,2025-01-27,48,48,48,1.3401863070623996,0.15779605336073255,1.4979823604231328,1,1,1
MD,2025-01-28,48,48,48,1.4407311562625462,0.24721928014200192,1.687950436404548,1,1,1
MD,2025-01-29,48,48,48,1.4646336066438381,0.40330019796117406,1.8679338046050122,1,1,1
MD,2025-01-30,48,48,48,0.6767178780930238,0.7993638666199766,1.476081744713,1,1,1
MD,2025-01-31,48,48,48,0.9899505398454816,0.6402977969824714,1.6302483368279537,1,1,1
MD,2025-02-01,48,48,48,0.8224081355856119,0.23550345414952906,1.057911589735141,1,1,1
MD,2025-02-02,48,48,48,1.1198728110009204,-0.2162472955216841,0.9036255154792364,1,1,1
MD,2025-02-03,48,48,48,-0.25624981157535565,1.453132961259576,1.19688314968422,1,1,1
MD,2025-02-04,48,48,48,0.8091931733532208,0.27478304309747625,1.0839762164506972,1,1,1
MD,2025-02-05,48,48,48,0.49143109665441465,0.46079997210092977,0.9522310687553445,1,1,1
MD,2025-02-06,48,48,48,-0.5668571641701846,1.8058567825995278,1.2389996184293428,1,1,1
MD,2025-02-07,48,48,48,0.934055865109858,0.15418927485757758,1.0882451399674355,1,1,1
MD,2025-02-08,48,48,48,0.5351272975386905,0.5125854680086278,1.0477127655473182,1,1,1
MD,2025-02-09,48,48,48,0.20172406874961332,0.8390732854106697,1.0407973541602826,1,1,1
MD,2025-02-10,48,48,48,0.31207285271687224,0.5263465496371813,0.8384194023540532,1,1,1
MD,2025-02-11,48,48,48,0.13501740803086143,0.7252391902657964,0.8602565982966582,1,1,1
MD,2025-02-12,48,48,48,0.6833905737930323,0.08414157609854826,0.767532149891581,1,1,1
MD,2025-02-13,48,48,48,0.35390090190468,0.48675917365952476,0.8406600755642047,1,1,1
MD,2025-02-14,48,48,48,0.4625596047824913,0.28565594491824153,0.748215549700733,1,1,1
MD,2025-02-15,48,48,48,0.5079835843128001,0.393855692888497,0.9018392772012971,1,1,1
MD,2025-02-16,48,48,48,0.5166362609994894,0.5375703018272896,1.0542065628267796,1,1,1
MD,2025-02-17,48,48,48,0.42481183881600004,0.4047251376883921,0.8295369765043918,1,1,1
MD,2025-02-18,48,48,48,2.9566291912615394,-2.3728538246456954,0.5837753666158422,1,1,1
MD,2025-02-19,48,48,48,0.2780785259399157,0.46286440886369773,0.7409429348036133,1,1,1
MD,2025-02-20,48,48,48,0.5799103934283887,0.24341528148525804,0.8233256749136467,1,1,1
MD,2025-02-21,48,48,48,0.5922165182706691,0.32212937037651346,0.9143458886471832,1,1,1
MD,2025-02-22,48,48,48,0.8988021861604867,0.010985595370032242,0.9097877815305189,1,1,1
MD,2025-02-23,48,48,48,0.8785482835207428,0.3457876482858832,1.2243359318066263,1,1,1
MD,2025-02-24,48,48,48,1.6062194925878397,-0.11503116773916405,1.4911883248486764,1,1,1
MD,2025-02-25,48,48,48,1.5771109660877602,-0.08106963580066397,1.496041330287096,1,1,1
MD,2025-02-26,48,48,48,1.2463125353012972,0.1643423425808633,1.4106548778821604,1,1,1
MD,2025-02-27,48,48,48,1.9638251946387282,-0.5151825848475163,1.4486426097912128,1,1,1
MD,2025-02-28,48,48,48,0.8567627738669317,0.6541841586599445,1.5109469325268758,1,1,1
MD,2025-03-01,48,48,48,1.002527935128,0.17177314643930033,1.1743010815672998,1,1,1
MD,2025-03-02,48,48,48,-0.32976393976073737,1.4016867599052887,1.0719228201445516,1,1,1
MD,2025-03-03,48,48,48,0.6241461222008493,0.7300489062240417,1.3541950284248916,1,1,1
MD,2025-03-04,48,48,48,3.028315609360362,-1.1324408481573682,1.895874761202994,1,1,1
MD,2025-03-05,48,48,48,1.4308184950368183,0.7750606839380769,2.2058791789748944,1,1,1
MD,2025-03-06,48,48,48,0.14156970117864023,1.4172590293475174,1.5588287305261574,1,1,1
MD,2025-03-07,48,48,48,0.14952934799843487,1.5843187870457898,1.7338481350442239,1,1,1
MD,2025-03-08,48,48,48,-0.5520963459308068,2.2238497786875677,1.6717534327567602,1,1,1
MD,2025-03-09,48,48,48,0.009626443488000277,2.200410317675868,2.210036761163868,1,1,1
MD,2025-03-10,48,48,48,0.4750809607189711,2.135508977188272,2.6105899379072435,1,1,1
MD,2025-03-11,48,48,48,0.4306877016145412,2.2847686425094964,2.715456344124038,1,1,1
MD,2025-03-12,48,48,48,-0.5186608332681909,2.665478132577821,2.14681729930963,1,1,1
MD,2025-03-13,48,48,48,-0.5415627753072001,2.6322979456557407,2.0907351703485406,1,1,1
MD,2025-03-14,48,48,48,-0.5068309490604002,2.5346624820030184,2.0278315329426184,1,1,1
MD,2025-03-15,48,48,48,-0.027234430397701834,2.170983544289856,2.1437491138921536,1,1,1
MD,2025-03-16,48,48,48,0.09954467373018813,2.100952824287197,2.200497498017385,1,1,1
MD,2025-03-17,48,48,48,0.14520447937937725,2.0308776295446043,2.176082108923983,1,1,1
MD,2025-03-18,48,48,48,-0.04501244541565741,2.0788652767734583,2.0338528313578017,1,1,1
MD,2025-03-19,48,48,48,-0.39407744121963295,2.1270246024778086,1.7329471612581755,1,1,1
MD,2025-03-20,48,48,48,0.07510994801558138,1.638734490223757,1.7138444382393394,1,1,1
MD,2025-03-21,48,48,48,0.0029252627216437843,1.7102120932209972,1.7131373559426413,1,1,1
MD,2025-03-22,48,48,48,-0.027234430397701834,1.733029629708975,1.705795199311273,1,1,1
MD,2025-03-23,48,48,48,0.09954467373018813,1.637881911254587,1.7374265849847752,1,1,1
MD,2025-03-24,48,48,48,0.14520447937937725,1.5588260427509009,1.7040305221302783,1,1,1
MD,2025-03-25,48,48,48,-0.04501244541565741,1.6236855197875777,1.5786730743719202,1,1,1
MD,2025-03-26,48,48,48,-0.45517443724275064,1.7961062841706592,1.3409318469279081,1,1,1
MD,2025-03-27,48,48,48,-0.2940358146379526,1.7131060912104377,1.4190702765724852,1,1,1
MD,2025-03-28,48,48,48,-0.19216109841874202,1.616767620487814,1.4246065220690718,1,1,1
MD,2025-03-29,48,48,48,-0.8413774233557407,2.178577085538588,1.3371996621828475,1,1,1
MD,2025-03-30,48,48,48,-0.33545812761116517,1.7054036211742356,1.369945493563071,1,1,1
MD,2025-03-31,48,48,48,-1.7947465296212226,3.157134661753034,1.3623881321318116,1,1,1
MD,2025-04-01,48,48,48,-0.5817152764552457,1.8254539511302166,1.243738674674971,1,1,1
MD,2025-04-02,48,48,48,-0.6559325656565355,1.7902977875226256,1.1343652218660905,1,1,1
MD,2025-04-03,48,48,48,-0.6862473035728252,1.745537322924486,1.0592900193516612,1,1,1
MD,2025-04-04,48,48,48,-0.37436512110919173,1.404719975366438,1.030354854257246,1,1,1
MD,2025-04-05,48,48,48,-0.7715549592227648,1.6586001280502067,0.8870451688274418,1,1,1
MD,2025-04-06,48,48,48,-0.3509112757069754,1.222782043111593,0.8718707674046176,1,1,1
MD,2025-04-07,48,48,48,-1.7926268366805083,2.6327852682983024,0.8401584316177944,1,1,1
MD,2025-04-08,48,48,48,-0.5817152764552457,1.3212947739985568,0.7395794975433114,1,1,1
MD,2025-04-09,48,48,48,-0.6559325656565355,1.3021260501062581,0.646193484449723,1,1,1
MD,2025-04-10,48,48,48,-0.9199296069474778,1.4635026078346016,0.5435730008871231,1,1,1
MD,2025-04-11,48,48,48,-1.0103394366252316,1.4910412358821732,0.48070179925694206,1,1,1
MD,2025-04-12,48,48,48,-1.351419510715334,1.766226789201533,0.4148072784861992,1,1,1
MD,2025-04-13,48,48,48,0.5716343522851153,-0.17326141706162274,0.39837293522349204,1,1,1
MD,2025-04-14,48,48,48,-2.5979024534095077,3.106976293086784,0.5090738396772773,1,1,1
MD,2025-04-15,48,48,48,1.2639801982319996,-0.3796170096389741,0.8843631885930261,1,1,1
MD,2025-04-16,48,48,48,-1.3440293042832,2.7243240591919724,1.3802947549087716,1,1,1
MD,2025-04-17,48,48,48,-0.8049773960793284,2.994455866119939,2.189478470040611,1,1,1
MD,2025-04-18,48,48,48,1.7587908919112731,1.6545645766195134,3.413355468530787,1,1,1
MD,2025-04-19,48,48,48,-0.18427118529203343,3.47678425007953,3.2925130647874967,1,1,1
MD,2025-04-20,48,48,48,-0.9558445699519457,3.9596222650362223,3.003777695084278,1,1,1
MD,2025-04-21,48,48,48,-0.4940309244743997,3.720144320719975,3.2261133962455735,1,1,1
MD,2025-04-22,48,48,48,-1.0408961406396509,4.733858176754035,3.6929620361143853,1,1,1
MD,2025-04-23,48,48,48,-1.648355986728001,6.218289328565088,4.569933341837086,1,1,1
MD,2025-04-24,48,48,48,-1.5454512930240005,6.305459327215351,4.760008034191351,1,1,1
MD,2025-04-25,48,48,48,-1.574876587896,6.607419227043099,5.032542639147099,1,1,1
MD,2025-04-26,48,48,48,-1.7807576673599999,6.602892955972641,4.822135288612642,1,1,1
MD,2025-04-27,48,48,48,-2.2730664362809834,7.017955281121345,4.744888844840361,1,1,1
MD,2025-04-28,48,48,48,-2.519946177260466,8.158698051026049,5.638751873765583,1,1,1
MD,2025-04-29,48,48,48,-2.7139969360368004,9.168303204092313,6.454306268055514,1,1,1
MD,2025-04-30,48,48,48,-2.7064874294979977,7.388814798657324,4.682327369159325,1,1,1
MD,2025-05-01,48,48,48,-0.7383427837419999,5.964608247401114,5.226265463659111,1,1,1
MD,2025-05-02,48,48,48,-2.2839158507040014,6.976843103804667,4.692927253100664,1,1,1
MD,2025-05-03,48,48,48,-2.358490070865388,7.397938609446582,5.039448538581194,1,1,1
MD,2025-05-04,48,48,48,-2.9394186333158485,8.285764437712428,5.346345804396583,1,1,1
MD,2025-05-05,48,48,48,-3.8237847785827404,9.714239026801355,5.8904542482186155,1,1,1
MD,2025-05-06,48,48,48,-1.0038301463676182,7.185697608853894,6.181867462486277,1,1,1
MD,2025-05-07,48,48,48,-4.7159889656630085,11.281359761590066,6.565370795927055,1,1,1
MD,2025-05-08,48,48,48,-3.410376585839999,9.178433170077188,5.768056584237191,1,1,1
MD,2025-05-09,48,48,48,-1.1337391837777255,6.573605521310361,5.439866337532635,1,1,1
MD,2025-05-10,48,48,48,-3.629531628555115,10.159670931817221,6.530139303262102,1,1,1
MD,2025-05-11,48,48,48,-3.862890950007298,10.932724129457261,7.06983317944996,1,1,1
MD,2025-05-12,48,48,48,-2.2644304942758033,11.138768840911913,8.874338346636108,1,1,1
MD,2025-05-13,48,48,48,-0.6689303786721038,10.53461396350787,9.865683584835763,1,1,1
MD,2025-05-14,48,48,48,-1.6817317504156584,11.902249660954014,10.220517910538357,1,1,1
MD,2025-05-15,48,48,48,-1.2170219924378025,11.923001127471284,10.705979135033482,1,1,1
MD,2025-05-16,48,48,48,-1.2829998533497164,12.383391431172353,11.100391577822634,1,1,1
MD,2025-05-17,48,48,48,2.674851660132489,6.730142088562646,9.404993748695134,1,1,1
MD,2025-05-18,48,48,48,-6.1324840692,15.143088037411612,9.010603968211612,1,1,1
MD,2025-05-19,48,48,48,-5.72499192054694,13.339103199301546,7.614111278754607,1,1,1
MD,2025-05-20,48,48,48,-0.5002555649760003,7.623140815499279,7.122885250523279,1,1,1
MD,2025-05-21,48,48,48,2.9336807431556995,3.9575499547164785,6.891230697872176,1,1,1
MD,2025-05-22,48,48,48,-5.348199235967999,12.237226907464018,6.88902767149602,1,1,1
MD,2025-05-23,48,48,48,-4.883453406253175,11.030969130002164,6.1475157237489935,1,1,1
MD,2025-05-24,48,48,48,-3.993244024727845,10.25235124580823,6.259107221080385,1,1,1
MD,2025-05-25,48,48,48,-2.0673276668211575,8.463619600197788,6.396291933376627,1,1,1
MD,2025-05-26,48,48,48,-2.0394919335371,8.887822038629883,6.848330105092785,1,1,1
MD,2025-05-27,48,48,48,-4.1852692238582785,11.632033099216104,7.446763875357818,1,1,1
MD,2025-05-28,48,48,48,0.32113897145999937,7.151925945301498,7.473064916761498,1,1,1
MD,2025-05-29,48,48,48,-3.5686063943691413,10.594652249062053,7.026045854692913,1,1,1
MD,2025-05-30,48,48,48,-2.0534757026750174,9.118426270573424,7.064950567898408,1,1,1
MD,2025-05-31,48,48,48,-6.235649323147638,12.843038250155045,6.607388927007405,1,1,1
MD,2025-06-01,48,48,48,-4.9225220965457925,11.375459904961893,6.452937808416101,1,1,1
MD,2025-06-02,48,48,48,-4.968666739319116,12.038042452466746,7.06937571314763,1,1,1
MD,2025-06-03,48,48,48,-2.57318897859555,11.132719308329076,8.559530329733525,1,1,1
MD,2025-06-04,48,48,48,-2.3147189970479993,10.490222693647128,8.175503696599131,1,1,1
MD,2025-06-05,48,48,48,-3.2834653047697593,11.050707998311,7.767242693541241,1,1,1
MD,2025-06-06,48,48,48,-4.612461757629637,12.33767445780508,7.725212700175447,1,1,1
MD,2025-06-07,48,48,48,-5.918081883717917,13.640935088154151,7.722853204436237,1,1,1
MD,2025-06-08,48,48,48,-4.514748802430401,12.539737187413772,8.02498838498337,1,1,1
MD,2025-06-09,48,48,48,-6.824592147125068,14.121175228141722,7.296583081016657,1,1,1
MD,2025-06-10,48,48,48,-4.819575732698964,11.715730210100276,6.896154477401314,1,1,1
MD,2025-06-11,48,48,48,-6.686653026776334,14.242172113092641,7.55551908631631,1,1,1
MD,2025-06-12,48,48,48,-5.277005825854266,12.925694096601132,7.648688270746862,1,1,1
MD,2025-06-13,48,48,48,-8.329145813731545,15.573646531618934,7.244500717887389,1,1,1
MD,2025-06-14,48,48,48,-8.028357290639999,15.426533251245322,7.39817596060532,1,1,1
MD,2025-06-15,48,48,48,-7.553433711189263,15.978005893470348,8.424572182281088,1,1,1
MD,2025-06-16,48,48,48,-6.430529996860784,16.023944176102432,9.593414179241654,1,1,1
MD,2025-06-17,48,48,48,-5.904958371992964,16.641486779822017,10.736528407829054,1,1,1
MD,2025-06-18,48,48,48,0.21253887962881235,10.904065714236696,11.116604593865503,1,1,1
MD,2025-06-19,48,48,48,1.3974137276962635,9.856629841932962,11.254043569629228,1,1,1
MD,2025-06-20,48,48,48,-2.918948107519343,13.947326423817096,11.028378316297749,1,1,1
MD,2025-06-21,48,48,48,-3.6222795525846374,15.5053996763821,11.883120123797465,1,1,1
MD,2025-06-22,48,48,48,-4.293034890696,15.921328919318894,11.628294028622895,1,1,1
MD,2025-06-23,48,48,48,-4.849670005670631,16.060420430504074,11.210750424833442,1,1,1
MD,2025-06-24,48,48,48,-5.620966900864964,16.077905323470674,10.456938422605708,1,1,1
MD,2025-06-25,48,48,48,-3.8610018215232365,13.48630963869397,9.625307817170729,1,1,1
MD,2025-06-26,48,48,48,-6.230175823013147,16.07783742614145,9.8476616031283,1,1,1
MD,2025-06-27,48,48,48,-4.051102223376001,14.072534260062028,10.021432036686033,1,1,1
MD,2025-06-28,48,48,48,-4.460731329385013,14.052472768893445,9.591741439508432,1,1,1
MD,2025-06-29,48,48,48,-4.737784722223168,14.147670444897384,9.409885722674215,1,1,1
MD,2025-06-30,48,48,48,-5.972038284110871,14.882339350272709,8.910301066161836,1,1,1
MD,2025-07-01,48,48,48,-4.038831842005286,12.43862340161797,8.399791559612682,1,1,1
MD,2025-07-02,48,48,48,-5.3326209393983905,13.117298792501105,7.784677853102717,1,1,1
MD,2025-07-03,48,48,48,-5.227575122171776,12.116552541395501,6.8889774192237265,1,1,1
MD,2025-07-04,48,48,48,-7.8321080127242,13.913973720938158,6.081865708213959,1,1,1
MD,2025-07-05,48,48,48,-6.5340908375285345,12.269355628554043,5.735264791025513,1,1,1
MD,2025-07-06,48,48,48,-5.889901133526962,11.118540763823646,5.228639630296677,1,1,1
MD,2025-07-07,48,48,48,-5.714828638272,10.271564530763678,4.556735892491678,1,1,1
MD,2025-07-08,48,48,48,-6.827284155508177,11.34210702368674,4.514822868178565,1,1,1
MD,2025-07-09,48,48,48,-5.386006360325968,10.195084777482435,4.809078417156466,1,1,1
MD,2025-07-10,48,48,48,-6.5089273563477805,11.069273490094638,4.560346133746856,1,1,1
MD,2025-07-11,48,48,48,-3.3504365074224483,7.992586177155086,4.642149669732638,1,1,1
MD,2025-07-12,48,48,48,-6.869091883675639,11.68307080400255,4.813978920326912,1,1,1
MD,2025-07-13,48,48,48,-7.902502467418532,12.586884676336508,4.684382208917975,1,1,1
MD,2025-07-14,48,48,48,-6.432242599476828,10.952647848454227,4.520405248977402,1,1,1
MD,2025-07-15,48,48,48,-5.648558592003264,10.148117729277068,4.4995591372738035,1,1,1
MD,2025-07-16,48,48,48,-6.586528098622406,11.306055653623988,4.719527555001583,1,1,1
MD,2025-07-17,48,48,48,-5.667131744666342,9.734815419964258,4.067683675297918,1,1,1
MD,2025-07-18,48,48,48,-6.0652636570032525,9.837652880199444,3.7723892231961895,1,1,1
MD,2025-07-19,48,48,48,-0.6214640458553251,4.635149487806597,4.01368544195127,1,1,1
MD,2025-07-20,48,48,48,-3.070160811684799,7.161539747825737,4.09137893614094,1,1,1
MD,2025-07-21,48,48,48,-5.091231738098745,9.242498934308689,4.151267196209942,1,1,1
MD,2025-07-22,48,48,48,-5.650350709680001,10.731392311223107,5.081041601543107,1,1,1
MD,2025-07-23,48,48,48,-4.647892386302981,10.830948871427893,6.183056485124911,1,1,1
MD,2025-07-24,48,48,48,-4.81638431664,11.981977295992776,7.165592979352775,1,1,1
MD,2025-07-25,48,48,48,-5.061172874531966,12.16270769998775,7.101534825455786,1,1,1
MD,2025-07-26,48,48,48,-1.4587610321052864,8.795942955137486,7.337181923032198,1,1,1
MD,2025-07-27,48,48,48,-3.782835970293348,11.71094691157154,7.928110941278192,1,1,1
MD,2025-07-28,48,48,48,-3.381273805301169,11.783946420149736,8.402672614848562,1,1,1
MD,2025-07-29,48,48,48,-5.1987872166644715,13.531892431304014,8.333105214639543,1,1,1
MD,2025-07-30,48,48,48,-1.730506549230419,10.253273825535517,8.5227672763051,1,1,1
MD,2025-07-31,48,48,48,-3.8959115510566016,12.28932436511977,8.393412814063167,1,1,1
MD,2025-08-01,48,48,48,-4.436495614198286,12.530004669421118,8.093509055222832,1,1,1
MD,2025-08-02,48,48,48,-5.414214483965145,13.012329272111003,7.598114788145862,1,1,1
MD,2025-08-03,48,48,48,-6.749339371924148,14.590031082320396,7.840691710396244,1,1,1
MD,2025-08-04,48,48,48,-7.711899651728181,15.166240523581033,7.454340871852849,1,1,1
MD,2025-08-05,48,48,48,-6.721414290494475,13.636119826547134,6.91470553605266,1,1,1
MD,2025-08-06,48,48,48,-6.3464507180419485,12.860068537417929,6.513617819375979,1,1,1
MD,2025-08-07,48,48,48,-4.5413892067903525,10.478317510564928,5.936928303774575,1,1,1
MD,2025-08-08,48,48,48,-3.5410762803626827,8.913874560770342,5.3727982804076575,1,1,1
MD,2025-08-09,48,48,48,-4.687517768489581,9.595850415436928,4.908332646947347,1,1,1
MD,2025-08-10,48,48,48,-4.920769045268356,9.168170158600004,4.247401113331646,1,1,1
MD,2025-08-11,48,48,48,-6.063419021620508,10.750492155349429,4.687073133728918,1,1,1
MD,2025-08-12,48,48,48,3.749946364165957,1.6070300932122374,5.356976457378194,1,1,1
MD,2025-08-13,48,48,48,0.15360811695409568,6.212696083130067,6.366304200084162,1,1,1
MD,2025-08-14,48,48,48,-3.5804494449369852,10.495781181994179,6.915331737057192,1,1,1
MD,2025-08-15,48,48,48,-3.968516297385288,12.01213407523663,8.04361777785134,1,1,1
MD,2025-08-16,48,48,48,-0.8617326681044223,9.92898577187303,9.067253103768607,1,1,1
MD,2025-08-17,48,48,48,-2.5373638511931698,12.116616621152328,9.579252769959158,1,1,1
MD,2025-08-18,48,48,48,-3.3437376276551998,12.79575772985457,9.452020102199368,1,1,1
MD,2025-08-19,48,48,48,4.272682217700524,5.555170260213227,9.82785247791375,1,1,1
MD,2025-08-20,48,48,48,-1.9367972086348293,11.637448062686287,9.70065085405146,1,1,1
MD,2025-08-21,48,48,48,-2.1947747183419035,11.50608413309676,9.311309414754858,1,1,1
MD,2025-08-22,48,48,48,-4.51687620175313,13.687585599125736,9.170709397372606,1,1,1
MD,2025-08-23,48,48,48,-2.1216057202123624,11.02162378613831,8.900018065925948,1,1,1
MD,2025-08-24,48,48,48,-3.577421507521167,11.278925934095575,7.701504426574416,1,1,1
MD,2025-08-25,48,48,48,-2.3892710499741074,9.373048406745903,6.983777356771793,1,1,1
MD,2025-08-26,48,48,48,-1.1529779114927448,8.182438724554506,7.029460813061761,1,1,1
MD,2025-08-27,48,48,48,-4.7178477688621365,12.049665515116484,7.331817746254348,1,1,1
MD,2025-08-28,48,48,48,-1.641498111008858,9.889810492337727,8.248312381328867,1,1,1
MD,2025-08-29,48,48,48,-3.8205397862469477,11.174141727637899,7.353601941390955,1,1,1
MD,2025-08-30,48,48,48,-0.8193567494053091,8.538717054912642,7.719360305507331,1,1,1
MD,2025-08-31,48,48,48,-4.2674637763023995,12.681504130998025,8.414040354695626,1,1,1
MD,2025-09-01,48,48,48,-4.265734878687286,13.080941065033311,8.815206186346026,1,1,1
MD,2025-09-02,48,48,48,-3.6520779298845323,12.60450143278746,8.952423502902924,1,1,1
MD,2025-09-03,48,48,48,3.4365190137512855,5.496927419521937,8.933446433273224,1,1,1
MD,2025-09-04,48,48,48,-5.42992868717415,13.455406368076751,8.025477680902599,1,1,1
MD,2025-09-05,48,48,48,-2.4843828708500744,10.61614633320193,8.131763462351858,1,1,1
MD,2025-09-06,48,48,48,-1.8204077352410954,9.566779536083867,7.7463718008427715,1,1,1
MD,2025-09-07,48,48,48,-3.735155805316672,11.122273542474726,7.387117737158058,1,1,1
MD,2025-09-08,48,48,48,-4.515670657978514,11.681127452082967,7.165456794104455,1,1,1
MD,2025-09-09,48,48,48,-5.183769753152069,13.089460773187872,7.905691020035805,1,1,1
MD,2025-09-10,48,48,48,-3.8939699772379743,12.155183553684504,8.26121357644653,1,1,1
MD,2025-09-11,48,48,48,-3.771390040521218,12.260712655191607,8.489322614670392,1,1,1
MD,2025-09-12,48,48,48,-3.752900078516786,12.232726925506768,8.479826846989983,1,1,1
MD,2025-09-13,48,48,48,-5.418554320463597,13.675271203007346,8.256716882543747,1,1,1
MD,2025-09-14,48,48,48,-3.0990880175351525,11.584277851530429,8.48518983399528,1,1,1
MD,2025-09-15,48,48,48,-2.6072701833798106,11.030145597157977,8.422875413778167,1,1,1
MD,2025-09-16,48,48,48,-3.113385208392733,11.299380769217953,8.185995560825221,1,1,1
MD,2025-09-17,48,48,48,-3.766188412177925,11.742027395824715,7.975838983646795,1,1,1
MD,2025-09-18,48,48,48,-3.9963705966702125,11.986189742344628,7.989819145674414,1,1,1
MD,2025-09-19,48,48,48,-3.721920377419915,11.649908231256573,7.927987853836658,1,1,1
MD,2025-09-20,48,48,48,-5.443387329023999,12.942473863370829,7.4990865343468265,1,1,1
MD,2025-09-21,48,48,48,-1.224662854114035,8.741700378977107,7.517037524863068,1,1,1
MD,2025-09-22,48,48,48,-1.2165084762853864,9.145383467749152,7.92887499146376,1,1,1
MD,2025-09-23,48,48,48,-1.834613010978527,9.776434287687438,7.94182127670891,1,1,1
MD,2025-09-24,48,48,48,-0.6096659437832097,8.352023137082982,7.742357193299773,1,1,1
MD,2025-09-25,48,48,48,-1.0117772908000475,8.807558391620608,7.7957811008205615,1,1,1
MD,2025-09-26,48,48,48,-2.665609037227868,10.339167324886043,7.6735582876581745,1,1,1
MD,2025-09-27,48,48,48,-2.4612972173654906,9.882128562483967,7.420831345118475,1,1,1
MD,2025-09-28,48,48,48,-1.6581059494717179,9.099262176671163,7.441156227199446,1,1,1
MD,2025-09-29,48,48,48,-1.5600172605000269,8.264067313113642,6.7040500526136135,1,1,1
MD,2025-09-30,48,48,48,-1.172571699862798,7.948027899597164,6.775456199734366,1,1,1
MD,2025-10-01,48,48,48,-4.13768267723399,10.570285120160126,6.432602442926139,1,1,1
MD,2025-10-02,48,48,48,-2.39921295693262,8.769257871759592,6.370044914826971,1,1,1
MD,2025-10-03,48,48,48,-2.280469351983214,9.461870600270824,7.181401248287611,1,1,1
MD,2025-10-04,48,48,48,-1.5367827185834304,9.409199612571914,7.8724168939884835,1,1,1
MD,2025-10-05,48,48,48,-2.6201278659409275,11.27200709025519,8.65187922431426,1,1,1
MD,2025-10-06,48,48,48,-2.239610984685572,11.483171065794698,9.243560081109122,1,1,1
MD,2025-10-07,48,48,48,1.396868580468769,7.211018341239896,8.607886921708662,1,1,1
MD,2025-10-08,48,48,48,1.1853232790950354,5.969399194418171,7.154722473513208,1,1,1
MD,2025-10-09,48,48,48,0.7501312105344814,5.754052376580142,6.504183587114625,1,1,1
MD,2025-10-10,48,48,48,3.6221218314669157,2.9996343606686873,6.621756192135599,1,1,1
MD,2025-10-11,48,48,48,2.086303726298855,4.652418366710388,6.7387220930092475,1,1,1
MD,2025-10-12,48,48,48,-2.0706563012583064,8.265128760077468,6.1944724588191615,1,1,1
MD,2025-10-13,48,48,48,-2.389826297795665,9.184490165226519,6.794663867430856,1,1,1
MD,2025-10-14,48,48,48,-1.3821790234866203,8.092423343597298,6.710244320110681,1,1,1
MD,2025-10-15,48,48,48,-2.7874519465134204,8.311198269393428,5.5237463228800054,1,1,1
MD,2025-10-16,48,48,48,-1.2905981332548604,5.927668556391648,4.637070423136787,1,1,1
MD,2025-10-17,48,48,48,-0.7625176652307313,5.721446275741876,4.958928610511144,1,1,1
MD,2025-10-18,48,48,48,1.2557304802922045,4.430460894803532,5.686191375095738,1,1,1
MD,2025-10-19,48,48,48,3.0552568660220105,2.316136548047267,5.371393414069276,1,1,1
MD,2025-10-20,48,48,48,-0.648997872474641,5.784197823827189,5.135199951352549,1,1,1
MD,2025-10-21,48,48,48,1.2525719624112002,4.196400600699883,5.448972563111082,1,1,1
MD,2025-10-22,48,48,48,5.448139907092365,-0.430311610309626,5.0178282967827395,1,1,1
MD,2025-10-23,48,48,48,1.3582421503487458,3.491287329412675,4.849529479761422,1,1,1
MD,2025-10-24,48,48,48,-0.7641544759578742,5.668469961178086,4.904315485220213,1,1,1
MD,2025-10-25,48,48,48,-1.262051460449351,5.502889301066782,4.240837840617432,1,1,1
MD,2025-10-26,48,48,48,-0.9820394699789551,5.248779851290108,4.266740381311153,1,1,1
MD,2025-10-27,48,48,48,-0.9077014949303412,4.9590174527467505,4.051315957816409,1,1,1
MD,2025-10-28,48,48,48,-0.8648495618116201,4.796991673096768,3.9321421112851467,1,1,1
MD,2025-10-29,48,48,48,-0.8140825585470512,4.691776194551695,3.8776936360046435,1,1,1
MD,2025-10-30,48,48,48,0.6171658617931819,3.032561525569465,3.6497273873626463,1,1,1
MD,2025-10-31,48,48,48,1.0716528616192074,2.6134806455144326,3.6851335071336413,1,1,1
MD,2025-11-01,48,48,48,0.9734787642911332,2.3980941259566144,3.3715728902477493,1,1,1
MD,2025-11-02,48,48,48,0.04782330122364144,3.053887299087538,3.1017106003111796,1,1,1
MD,2025-11-03,48,48,48,0.9095062054319994,2.374219752222366,3.283725957654367,1,1,1
MD,2025-11-04,48,48,48,0.24404841308563247,3.7144488307491734,3.958497243834805,1,1,1
MD,2025-11-05,48,48,48,1.074909695133805,2.7420391693032036,3.8169488644370078,1,1,1
MD,2025-11-06,48,48,48,-0.10793812034714173,3.1793496747787153,3.071411554431573,1,1,1
MD,2025-11-07,48,48,48,0.8710628846914369,2.5468592810528237,3.41792216574426,1,1,1
MD,2025-11-08,48,48,48,0.04883162419714891,2.804937091589125,2.8537687157862734,1,1,1
MD,2025-11-09,48,48,48,0.2876557031496201,2.029116105305625,2.3167718084552456,1,1,1
MD,2025-11-10,48,48,48,0.48734781206400024,1.4932692717308746,1.9806170837948747,1,1,1
MD,2025-11-11,48,48,48,0.5785269069382473,1.5735689134901387,2.152095820428386,1,1,1
MD,2025-11-12,48,48,48,0.5574274167600001,2.2471348515847254,2.8045622683447244,1,1,1
MD,2025-11-13,48,48,48,0.4263475584222268,2.2539090113819538,2.68025656980418,1,1,1
MD,2025-11-14,48,48,48,-0.2169724196240745,3.034529586569834,2.8175571669457593,1,1,1
MD,2025-11-15,48,48,48,1.7608786512728163,1.5599194855277079,3.3207981368005233,1,1,1
MD,2025-11-16,48,48,48,1.408794220843469,1.1760912528743455,2.5848854737178155,1,1,1
MD,2025-11-17,48,48,48,0.591192181919705,1.522533078056005,2.11372525997571,1,1,1
MD,2025-11-18,48,48,48,0.6913233381747377,1.3031803342397612,1.9945036724144987,1,1,1
MD,2025-11-19,48,48,48,0.6126890984958205,1.420573833205122,2.0332629317009423,1,1,1
MD,2025-11-20,48,48,48,1.4493981824190905,0.7992456585714577,2.248643840990548,1,1,1
MD,2025-11-21,48,48,48,1.644951170020492,0.914370222808784,2.559321392829276,1,1,1
MD,2025-11-22,48,48,48,1.3429235116014193,0.7507532777725369,2.093676789373956,1,1,1
MD,2025-11-23,48,48,48,1.344948183400465,1.233205476387229,2.578153659787694,1,1,1
MD,2025-11-24,48,48,48,0.8054705398615174,1.5672511967327165,2.372721736594235,1,1,1
MD,2025-11-25,48,48,48,2.3560646984348215,0.47912643221764384,2.835191130652465,1,1,1
MD,2025-11-26,48,48,48,1.6506393487949766,0.9088742563475316,2.559513605142508,1,1,1
MD,2025-11-27,48,48,48,2.1663090684000004,-0.03401107442393369,2.1322979939760667,1,1,1
MD,2025-11-28,48,48,48,1.78112385,0.29277581785134643,2.073899667851346,1,1,1
MD,2025-11-29,48,48,48,1.780323225365778,0.27305117296621717,2.053374398331995,1,1,1
MD,2025-11-30,48,48,48,1.5623305067050801,0.4435559732811902,2.0058864799862697,1,1,1
MD,2025-12-01,48,48,48,1.9338091311256986,-0.13500327261250733,1.7988058585131914,1,1,1
MD,2025-12-02,48,48,48,1.050754515247717,0.5444135178180686,1.5951680330657858,1,1,1
MD,2025-12-03,48,48,48,1.2167311202967281,0.4018958967624611,1.6186270170591883,1,1,1
MD,2025-12-04,48,48,48,1.2798277289397464,0.097121239523253855,1.3769489684630005,1,1,1
MD,2025-12-05,48,48,48,1.6353220431078808,-0.3464226797238195,1.2888993633840613,1,1,1
MD,2025-12-06,48,48,48,1.4323353564735108,0.34875533872424463,1.7810906951977554,1,1,1
MD,2025-12-07,48,48,48,1.371581591306982,0.1343893191951469,1.5059709105021286,1,1,1
MD,2025-12-08,48,48,48,2.0697338894386346,-0.9555445968566554,1.1141892925819796,1,1,1
MD,2025-12-09,48,48,48,1.222007399993837,0.2549667591710982,1.476974159164936,1,1,1
MD,2025-12-10,48,48,48,-0.6132877734107469,2.377699757414509,1.7644119840037618,1,1,1
MD,2025-12-11,48,48,48,0.9600510053482726,0.4769276443893325,1.4369786497376056,1,1,1
MD,2025-12-12,48,48,48,1.1969201164581018,0.3717197153805517,1.5686398318386534,1,1,1
MD,2025-12-13,48,48,48,1.0392126917928561,0.23746099432041,1.2766736861132664,1,1,1
MD,2025-12-14,48,48,48,1.2671214619377769,-0.28235768813500417,0.9847637738027725,1,1,1
MD,2025-12-15,48,48,48,1.009109253779518,0.29879370973384334,1.3079029635133612,1,1,1
MD,2025-12-16,48,48,48,1.0113373536123957,0.8142458234138605,1.825583177026256,1,1,1
MD,2025-12-17,48,48,48,1.5022825513336553,1.200106413568024,2.7023889649016786,1,1,1
MD,2025-12-18,48,48,48,3.2859659916739554,-0.6013625522569715,2.6846034394169833,1,1,1
MD,2025-12-19,48,48,48,0.8515607227344001,1.0733863805728454,1.9249471033072456,1,1,1
MD,2025-12-20,48,48,48,0.9893740640472534,0.8210228549165165,1.8103969189637699,1,1,1
MD,2025-12-21,48,48,48,0.8025842057940001,0.7470414230143043,1.5496256288083041,1,1,1
MD,2025-12-22,48,48,48,0.9699256905835417,0.6696289665454528,1.6395546571289943,1,1,1
MD,2025-12-23,48,48,48,1.9148219535171849,0.044511348880059615,1.9593333023972437,1,1,1
MD,2025-12-24,48,48,48,1.1032397913202598,0.5068387375856925,1.6100785289059523,1,1,1
MD,2025-12-25,48,48,48,1.1876913264571427,0.3713606411456201,1.5590519676027634,1,1,1
MD,2025-12-26,48,48,48,1.6104970304802333,-0.23702375969517342,1.3734732707850597,1,1,1
MD,2025-12-27,48,48,48,1.2150215326969662,0.12554864308592031,1.340570175782887,1,1,1
MD,2025-12-28,48,48,48,2.7791778795558617,-1.1990912904573778,1.5800865890984837,1,1,1
MD,2025-12-29,48,48,48,1.8171073469295211,-0.16659051686576282,1.6505168300637587,1,1,1
MD,2025-12-30,48,48,48,0.9408167289719999,0.5883796926945962,1.5291964216665965,1,1,1
MD,2025-12-31,48,48,48,1.0492066009303584,0.3011028901005717,1.3503094910309303,1,1,1
MD,2026-01-01,10,10,10,NA,NA,NA,0.20833333333333334,0.20833333333333334,0.20833333333333334
