event_id,review_type,site,DateTime,NEE_raw,NEE_auto_screened,NEE_kept_for_diag,Rg,Ustar,VPD,wind_dir,qc_co2_flux,GrowingSeason,WinterWindow,is_daytime,is_transition,is_night,low_ustar,flag_fetch_excluded,flag_extreme_negative,auto_remove_nee,decision,reason
LD_large_negative_night_20250123_0630,large_negative_night,LD,2025-01-23T11:30:00Z,-33.1913,-33.1913,-33.1913,2.96E-04,0.212728,0.00573858,233.835,1,FALSE,TRUE,FALSE,FALSE,TRUE,FALSE,FALSE,FALSE,FALSE,remove,spike
LD_large_negative_transition_20250227_1730,large_negative_transition,LD,2025-02-27T22:30:00Z,-33.497077,-33.497077,-33.497077,12.1045,0.432599,0.0849487,283.09,1,FALSE,TRUE,FALSE,TRUE,FALSE,FALSE,FALSE,FALSE,FALSE,remove,spike
LD_large_negative_night_20250304_0700,large_negative_night,LD,2025-03-04T12:00:00Z,-31.02102,-31.02102,-31.02102,0.00893038,0.22411,0.0903306,144.301,1,FALSE,TRUE,FALSE,FALSE,TRUE,FALSE,FALSE,FALSE,FALSE,remove,spike
LD_large_negative_night_20250305_0100,large_negative_night,LD,2025-03-05T06:00:00Z,-36.0196,-36.0196,-36.0196,0,0.403293,NA,92.675,1,FALSE,TRUE,FALSE,FALSE,TRUE,FALSE,FALSE,FALSE,FALSE,keep,coherent ossilation
LD_large_negative_night_20250330_1930,large_negative_night,LD,2025-03-30T23:30:00Z,-33.14554,-33.14554,-33.14554,5.94381,0.55979,NA,215.593,2,FALSE,TRUE,FALSE,FALSE,TRUE,FALSE,FALSE,FALSE,FALSE,remove,extereme ossilation
LD_large_negative_night_20250413_0730,large_negative_night,LD,2025-04-13T11:30:00Z,-36.35111,-36.35111,-36.35111,2.21575,0.211551,0.241821,125.723,2,FALSE,FALSE,FALSE,FALSE,TRUE,FALSE,FALSE,FALSE,FALSE,keep,morning transition
LD_large_negative_night_20250413_2330,large_negative_night,LD,2025-04-14T03:30:00Z,-33.36441,-33.36441,-33.36441,0,0.426987,0.276381,138.408,1,FALSE,FALSE,FALSE,FALSE,TRUE,FALSE,FALSE,FALSE,FALSE,remove,ossillary period
LD_large_negative_night_20250418_0300,large_negative_night,LD,2025-04-18T07:00:00Z,-32.72579,-32.72579,-32.72579,0,0.548301,0.761639,140.424,1,TRUE,FALSE,FALSE,FALSE,TRUE,FALSE,FALSE,FALSE,FALSE,remove,spike
LD_large_negative_night_20250418_1130,large_negative_night,LD,2025-04-18T15:30:00Z,-48.06218,-48.06218,-48.06218,4.5003,0.705573,NA,290.01,1,TRUE,FALSE,FALSE,FALSE,TRUE,FALSE,FALSE,FALSE,FALSE,remove,ossillary period
LD_large_negative_transition_20250418_1200,large_negative_transition,LD,2025-04-18T16:00:00Z,-31.96068,-31.96068,-31.96068,33.722,0.569759,NA,170.597,1,TRUE,FALSE,FALSE,TRUE,FALSE,FALSE,FALSE,FALSE,FALSE,keep,trend
LD_large_negative_night_20250419_0100,large_negative_night,LD,2025-04-19T05:00:00Z,-34.1905664,-34.1905664,-34.1905664,0,0.372321,0.0701339,250.944,2,TRUE,FALSE,FALSE,FALSE,TRUE,FALSE,FALSE,FALSE,FALSE,remove,ossillary period
LD_large_negative_night_20250420_0300,large_negative_night,LD,2025-04-20T07:00:00Z,-31.5774,-31.5774,-31.5774,0,0.164728,NA,142.061,1,TRUE,FALSE,FALSE,FALSE,TRUE,FALSE,FALSE,FALSE,FALSE,remove,ossillary period
LD_large_negative_night_20250424_0600,large_negative_night,LD,2025-04-24T10:00:00Z,-31.668628,-31.668628,-31.668628,0,0.152422,0.252365,210.894,2,TRUE,FALSE,FALSE,FALSE,TRUE,FALSE,FALSE,FALSE,FALSE,keep,transition
LD_large_negative_night_20250505_2200,large_negative_night,LD,2025-05-06T02:00:00Z,-33.46615,-33.46615,-33.46615,0.00275096,0.192338,0.430568,246.842,1,TRUE,FALSE,FALSE,FALSE,TRUE,FALSE,FALSE,FALSE,FALSE,remove,spike
LD_large_negative_night_20250605_0030,large_negative_night,LD,2025-06-05T04:30:00Z,-38.890843,-38.890843,-38.890843,0,0.142802,2.13E-04,154.015,1,TRUE,FALSE,FALSE,FALSE,TRUE,FALSE,FALSE,FALSE,FALSE,remove,ossillary period
LD_large_negative_night_20250611_2230,large_negative_night,LD,2025-06-12T02:30:00Z,-30.06412,-30.06412,-30.06412,0.0031511,0.15195,0.538666,247.469,1,TRUE,FALSE,FALSE,FALSE,TRUE,FALSE,FALSE,FALSE,FALSE,keep,moderate trend
LD_large_negative_night_20250618_0330,large_negative_night,LD,2025-06-18T07:30:00Z,-50.77501,-50.77501,-50.77501,0,0.12145,0.119874,92.1521,2,TRUE,FALSE,FALSE,FALSE,TRUE,FALSE,FALSE,FALSE,FALSE,keep,trend
LD_large_negative_night_20250618_0400,large_negative_night,LD,2025-06-18T08:00:00Z,-44.54874,-44.54874,-44.54874,0,0.19031,0.00355367,151.779,2,TRUE,FALSE,FALSE,FALSE,TRUE,FALSE,FALSE,FALSE,FALSE,keep,trend
LD_large_negative_night_20250621_0530,large_negative_night,LD,2025-06-21T09:30:00Z,-32.64213,-32.64213,-32.64213,0.0011637,0.789767,0.36676,200.865,2,TRUE,FALSE,FALSE,FALSE,TRUE,FALSE,FALSE,FALSE,FALSE,remove,ossillary period
LD_large_negative_night_20250627_0030,large_negative_night,LD,2025-06-27T04:30:00Z,-34.45904,-34.45904,-34.45904,0.00149777,0.216069,0.00102235,131.508,1,TRUE,FALSE,FALSE,FALSE,TRUE,FALSE,FALSE,FALSE,FALSE,remove,spike
LD_large_negative_night_20250815_2100,large_negative_night,LD,2025-08-16T01:00:00Z,-39.29261,-39.29261,-39.29261,3.57908,0.162426,0.947033,142.897,1,TRUE,FALSE,FALSE,FALSE,TRUE,FALSE,FALSE,FALSE,FALSE,remove,ossillary period
LD_large_negative_night_20250904_0730,large_negative_night,LD,2025-09-04T11:30:00Z,-36.8462,-36.8462,-36.8462,7.64441,0.106178,NA,204.582,1,TRUE,FALSE,FALSE,FALSE,TRUE,FALSE,FALSE,FALSE,FALSE,remove,ossillary period
LD_large_negative_night_20250905_0300,large_negative_night,LD,2025-09-05T07:00:00Z,-37.07331,-37.07331,-37.07331,0,0.603732,0.398893,187.33,1,TRUE,FALSE,FALSE,FALSE,TRUE,FALSE,FALSE,FALSE,FALSE,remove,spike
LD_large_negative_night_20250907_0500,large_negative_night,LD,2025-09-07T09:00:00Z,-35.3803,-35.3803,-35.3803,8.98E-04,0.205551,0.102968,212.917,1,TRUE,FALSE,FALSE,FALSE,TRUE,FALSE,FALSE,FALSE,FALSE,remove,ossillary period
LD_large_negative_night_20251002_2230,large_negative_night,LD,2025-10-03T02:30:00Z,-45.945849,-45.945849,-45.945849,3.22E-04,0.149168,0.158405,95.9665,1,TRUE,FALSE,FALSE,FALSE,TRUE,FALSE,FALSE,FALSE,FALSE,remove,spike
LD_large_negative_night_20251016_2100,large_negative_night,LD,2025-10-17T01:00:00Z,-31.63348,-31.63348,-31.63348,0,0.161322,0.414304,99.9701,1,TRUE,FALSE,FALSE,FALSE,TRUE,FALSE,FALSE,FALSE,FALSE,remove,ossillary period
LD_large_negative_night_20251021_0330,large_negative_night,LD,2025-10-21T07:30:00Z,-37.52471,-37.52471,-37.52471,0,0.51228,NA,189.789,0,TRUE,FALSE,FALSE,FALSE,TRUE,FALSE,FALSE,FALSE,FALSE,remove,spike
LD_large_negative_night_20251023_0200,large_negative_night,LD,2025-10-23T06:00:00Z,-31.42143,-31.42143,-31.42143,0,0.397615,NA,282.625,2,TRUE,FALSE,FALSE,FALSE,TRUE,FALSE,FALSE,FALSE,FALSE,remove,spike
LD_large_negative_night_20251102_0530,large_negative_night,LD,2025-11-02T10:30:00Z,-37.2159,-37.2159,-37.2159,0,0.107087,NA,152.651,1,FALSE,TRUE,FALSE,FALSE,TRUE,FALSE,FALSE,FALSE,FALSE,keep,trend
LD_large_negative_transition_20251120_1530,large_negative_transition,LD,2025-11-20T20:30:00Z,-30.35661,-30.35661,-30.35661,18.0415,0.321917,NA,188.503,1,FALSE,TRUE,FALSE,TRUE,FALSE,FALSE,FALSE,FALSE,FALSE,remove,ossillary period
LD_large_negative_night_20251218_1700,large_negative_night,LD,2025-12-18T22:00:00Z,-30.92869,-30.92869,-30.92869,4.43832,0.691623,NA,167.233,2,FALSE,TRUE,FALSE,FALSE,TRUE,FALSE,FALSE,FALSE,FALSE,keep,trend
LD_large_negative_night_20251228_0700,large_negative_night,LD,2025-12-28T12:00:00Z,-42.9348,-42.9348,-42.9348,0,0.305793,NA,98.1159,2,FALSE,TRUE,FALSE,FALSE,TRUE,FALSE,FALSE,FALSE,FALSE,remove,ossillary period
LD_large_negative_night_20251228_0900,large_negative_night,LD,2025-12-28T14:00:00Z,-34.68478,-34.68478,-34.68478,3.39162,0.278356,NA,96.6424,1,FALSE,TRUE,FALSE,FALSE,TRUE,FALSE,FALSE,FALSE,FALSE,remove,ossillary period
MD_large_negative_night_20250112_1830,large_negative_night,MD,2025-01-12T23:30:00Z,-34.92193,-34.92193,-34.92193,0.00259046,0.436877,NA,196.117,2,FALSE,TRUE,FALSE,FALSE,TRUE,FALSE,FALSE,FALSE,FALSE,remove,ossillary period
MD_large_negative_transition_20250304_1700,large_negative_transition,MD,2025-03-04T22:00:00Z,-35.9897,-35.9897,-35.9897,11.1755,0.192718,0.123594,135.673,2,FALSE,TRUE,FALSE,TRUE,FALSE,FALSE,FALSE,FALSE,FALSE,remove,ossillary period
MD_large_negative_night_20250304_1830,large_negative_night,MD,2025-03-04T23:30:00Z,-33.34871,-33.34871,-33.34871,2.56766,0.246257,NA,120.641,1,FALSE,TRUE,FALSE,FALSE,TRUE,FALSE,FALSE,FALSE,FALSE,remove,ossillary period
MD_large_negative_night_20250305_0400,large_negative_night,MD,2025-03-05T09:00:00Z,-33.48785,-33.48785,-33.48785,0,0.666132,NA,114.108,2,FALSE,TRUE,FALSE,FALSE,TRUE,FALSE,FALSE,FALSE,FALSE,remove,ossillary period
MD_large_negative_night_20250515_2230,large_negative_night,MD,2025-05-16T02:30:00Z,-54.322,-54.322,-54.322,0.00533993,1.06818,0.421036,251.778,1,TRUE,FALSE,FALSE,FALSE,TRUE,FALSE,FALSE,FALSE,FALSE,remove,spike
MD_large_negative_transition_20250812_1700,large_negative_transition,MD,2025-08-12T21:00:00Z,-36.31173,-36.31173,-36.31173,32.731,0.178764,NA,338.544,0,TRUE,FALSE,FALSE,TRUE,FALSE,FALSE,FALSE,FALSE,FALSE,remove,ossillary period
MD_large_negative_night_20251021_0400,large_negative_night,MD,2025-10-21T08:00:00Z,-35.81703,-35.81703,-35.81703,0,0.531456,NA,241.522,1,TRUE,FALSE,FALSE,FALSE,TRUE,FALSE,FALSE,FALSE,FALSE,remove,spike
MD_large_negative_night_20251130_0400,large_negative_night,MD,2025-11-30T09:00:00Z,-52.9787,-52.9787,-52.9787,1.36E-04,0.22537,NA,90.0892,1,FALSE,TRUE,FALSE,FALSE,TRUE,FALSE,FALSE,FALSE,FALSE,remove,spike
MD_large_negative_night_20251209_2330,large_negative_night,MD,2025-12-10T04:30:00Z,-40.8712,-40.8712,-40.8712,5.67E-05,0.330829,NA,128.978,1,FALSE,TRUE,FALSE,FALSE,TRUE,FALSE,FALSE,FALSE,FALSE,remove,ossillary period
MD_large_negative_night_20251210_0000,large_negative_night,MD,2025-12-10T05:00:00Z,-45.69996,-45.69996,-45.69996,1.20E-04,0.346614,NA,132.301,0,FALSE,TRUE,FALSE,FALSE,TRUE,FALSE,FALSE,FALSE,FALSE,remove,ossillary period
MD_large_negative_transition_20251226_1030,large_negative_transition,MD,2025-12-26T15:30:00Z,-30.5597079,-30.5597079,-30.5597079,28.5281,0.509816,NA,104.116,1,FALSE,TRUE,FALSE,TRUE,FALSE,FALSE,FALSE,FALSE,FALSE,remove,artifact
MD_large_negative_transition_20251228_1130,large_negative_transition,MD,2025-12-28T16:30:00Z,-35.24003,-35.24003,-35.24003,25.1463,0.406276,NA,122.919,2,FALSE,TRUE,FALSE,TRUE,FALSE,FALSE,FALSE,FALSE,FALSE,remove,ossillary period
MD_large_negative_night_20251228_1830,large_negative_night,MD,2025-12-28T23:30:00Z,-35.83056,-35.83056,-35.83056,3.07E-04,0.263058,NA,96.4392,1,FALSE,TRUE,FALSE,FALSE,TRUE,FALSE,FALSE,FALSE,FALSE,remove,ossillary period
MD_large_negative_night_20251228_1900,large_negative_night,MD,2025-12-29T00:00:00Z,-40.23677,-40.23677,-40.23677,0,0.343097,NA,38.3569,1,FALSE,TRUE,FALSE,FALSE,TRUE,FALSE,FALSE,FALSE,FALSE,remove,ossillary period
MD_large_negative_night_20251228_2200,large_negative_night,MD,2025-12-29T03:00:00Z,-30.87382,-30.87382,-30.87382,0,0.575808,NA,248.902,0,FALSE,TRUE,FALSE,FALSE,TRUE,FALSE,FALSE,FALSE,FALSE,remove,ossillary period