site,DateTime,NEE_raw,NEE_lag,NEE_lead,Rg,Tair,Ustar,low_ustar,qc_co2_flux,signal_strength,wind_dir,remove_nee_auto,manual_decision_neg,manual_reason_neg
LD,2024-01-12T00:30:00Z,-10.05347,1.2133096,3.1166549999999997,0,0.027000000000043656,0.233312,FALSE,1,90,212.484,FALSE,NA,NA
LD,2024-01-15T02:00:00Z,-7.711454,0.5450851099999999,-0.794508,0.11111111111111112,-11.64,0.54363,FALSE,1,100,205.748,FALSE,NA,NA
LD,2024-02-08T00:00:00Z,-11.526071,-0.022838999999999998,-5.825584,0.00591734,4.285000000000025,0.159832,FALSE,1,100,130.393,FALSE,NA,NA
LD,2024-02-08T00:30:00Z,-5.825584,-11.526071,-4.292655,0,3.4770000000000323,0.185404,FALSE,1,100,142.287,FALSE,NA,NA
LD,2024-02-14T10:30:00Z,-7.103113,-1.081321,1.109736,0.11111111111111112,-4.95,0.101634,FALSE,1,97,246.864,FALSE,NA,NA
LD,2024-02-15T13:30:00Z,-16.939439999999998,0.8977366999999999,14.8148,0.1388888888888889,-1.31,0.408703,FALSE,2,89,156.909,FALSE,NA,NA
LD,2024-02-17T07:00:00Z,-6.602527,1.6316168,1.58952,0,-6.944999999999993,0.570854,FALSE,1,100,300.689,FALSE,NA,NA
LD,2024-02-22T10:00:00Z,-14.901580000000001,1.3366149999999999,1.6556069999999998,1.38066e-4,1.1170000000000186,0.205318,FALSE,1,98,173.684,FALSE,NA,NA
LD,2024-02-28T04:30:00Z,-18.13271,1.525395,-39.22497,0,16.025000000000034,0.388214,FALSE,0,94,172.106,FALSE,NA,NA
LD,2024-02-28T05:30:00Z,-9.38808,-39.22497,-22.19455,0,14.143000000000029,0.501348,FALSE,2,60,141.412,FALSE,NA,NA
LD,2024-02-28T06:00:00Z,-22.19455,-9.38808,-7.289589999999999,0,13.637,0.361247,FALSE,2,93,245.308,FALSE,NA,NA
LD,2024-02-28T06:30:00Z,-7.289589999999999,-22.19455,1.945225,0,11.461000000000013,0.380884,FALSE,0,100,288.699,FALSE,NA,NA
LD,2024-03-03T02:30:00Z,-7.8123130000000005,-3.8410159999999998,-0.60562,0,4.085000000000036,0.19689,FALSE,1,100,142.658,FALSE,NA,NA
LD,2024-03-05T08:00:00Z,-6.351697,8.301527,-12.63479,0,11.081000000000017,0.552813,FALSE,2,52,311.524,FALSE,NA,NA
LD,2024-03-17T02:30:00Z,-8.12752,2.577334,4.7857400000000005,0,3.6200000000000045,0.561568,FALSE,2,84,307.607,FALSE,NA,NA
LD,2024-03-26T08:30:00Z,-23.38893,85.65746,-14.054976,0,8.93100000000004,0.672102,FALSE,1,62,141.595,FALSE,NA,NA
LD,2024-03-26T09:00:00Z,-14.054976,-23.38893,3.6678779999999995,0,8.123000000000047,0.603487,FALSE,1,64,128.363,FALSE,NA,NA
LD,2024-03-26T12:30:00Z,-14.725330000000001,36.37855,28.279082,2.38314,8.912000000000035,0.862835,FALSE,0,65,149.26,FALSE,NA,NA
LD,2024-03-27T02:30:00Z,-9.842839999999999,17.05561,2.1639679999999997,0,3.7630000000000337,0.760674,FALSE,0,47,246.799,FALSE,NA,NA
LD,2024-11-01T07:00:00Z,-21.415599999999998,62.308460000000004,106.11439999999999,0,6.4809999999999945,0.59402,FALSE,1,93,271.655,FALSE,NA,NA
LD,2024-11-01T10:30:00Z,-5.701309999999999,58.4792,3.3013936,0,5.79200000000003,0.554585,FALSE,0,87,300.25,FALSE,NA,NA
LD,2024-11-03T23:00:00Z,-11.41731,-188.14857899999998,40.78832,0.205516,13.273000000000025,0.499937,FALSE,1,93,110.689,FALSE,NA,NA
LD,2024-11-04T00:30:00Z,-12.668059999999999,-129.064,113.59287,0,12.010000000000048,0.581705,FALSE,2,93,120.304,FALSE,NA,NA
LD,2024-11-04T02:30:00Z,-14.986780000000001,5.83632,46.48065,0,11.057000000000016,0.517817,FALSE,2,90,120.545,FALSE,NA,NA
LD,2024-11-04T04:30:00Z,-11.178659999999999,-0.8068200000000001,NA,0,12.408000000000015,0.646225,FALSE,1,92,127.723,FALSE,NA,NA
LD,2024-11-04T07:00:00Z,-18.30957,-69.44552,65.2397,0,10.939000000000021,0.408161,FALSE,2,39,137.633,FALSE,NA,NA
LD,2024-11-05T04:00:00Z,-17.074779999999997,2.835491,NA,0,16.950000000000045,0.505176,FALSE,1,89,196.713,FALSE,NA,NA
LD,2024-11-06T10:30:00Z,-15.293111,2.12209,23.4673,0,12.184000000000026,0.130257,FALSE,2,38,228.231,FALSE,NA,NA
LD,2024-11-10T11:30:00Z,-13.431750000000001,-45.5181,18.31768,0,6.532000000000039,0.243495,FALSE,2,45,111.209,FALSE,NA,NA
LD,2024-11-10T23:30:00Z,-28.88909,2.968781,-1.64981,0.0013528,10.841000000000008,0.623919,FALSE,2,67,258.485,FALSE,NA,NA
LD,2024-11-11T04:00:00Z,-16.11071,-80.16829,2.45442,0,10.249000000000024,0.503929,FALSE,2,70,267.362,FALSE,NA,NA
LD,2024-11-14T03:00:00Z,-8.760909999999999,-66.304004,-90.49629999999999,6.38552e-5,7.453000000000031,0.352331,FALSE,2,93,116.765,FALSE,NA,NA
LD,2024-11-14T05:30:00Z,-7.40742,NA,-61.22414,3.20756e-4,5.7309999999999945,0.23815,FALSE,1,48,105.169,FALSE,NA,NA
LD,2024-11-14T08:30:00Z,-15.8882,NA,26.35772,0,5.594000000000051,0.271267,FALSE,2,38,101.864,FALSE,NA,NA
LD,2024-11-14T11:00:00Z,-7.18713,-569.24157,-29.388599999999997,0,5.563000000000045,0.287613,FALSE,0,48,102.866,FALSE,NA,NA
LD,2024-11-14T11:30:00Z,-29.388599999999997,-7.18713,-363.288306,0,5.603000000000009,0.861581,FALSE,1,46,105.147,FALSE,NA,NA
LD,2024-11-14T13:30:00Z,-8.7134,107.23259999999999,28.23097,8.72105,5.844000000000051,0.308633,FALSE,1,40,100.52,FALSE,NA,NA
LD,2024-11-18T03:00:00Z,-19.43299,1.0198899999999997,29.39642,5.34758e-4,9.494000000000028,0.188028,FALSE,2,43,247.291,FALSE,NA,NA
LD,2024-11-19T13:00:00Z,-16.72355,32.09446,-0.511078,0.550119,10.691000000000031,0.502101,FALSE,0,93,117.339,FALSE,NA,NA
LD,2024-11-19T14:00:00Z,-13.01551,-0.511078,2.1045300000000005,6.58224,11.072000000000003,0.532455,FALSE,1,83,122.394,FALSE,NA,NA
LD,2024-11-21T01:00:00Z,-6.188388,1.7130226899999998,-6.384699999999999,0,3.4740000000000464,0.684223,FALSE,2,99,265.588,FALSE,NA,NA
LD,2024-11-21T01:30:00Z,-6.384699999999999,-6.188388,5.949558,0,2.6240000000000236,0.40721,FALSE,1,89,261.514,FALSE,NA,NA
LD,2024-11-21T03:30:00Z,-23.99447,1.515458,-3.6596990000000003,0,0.7860000000000014,0.411429,FALSE,1,22,250.541,FALSE,NA,NA
LD,2024-11-21T07:00:00Z,-12.26518,4.54222,-1.453385,0,0.6790000000000305,0.374458,FALSE,2,79,255.002,FALSE,NA,NA
LD,2024-11-22T00:00:00Z,-8.6143,-0.17405800000000002,-3.40657,5.91709e-5,0.5910000000000082,0.1117,FALSE,1,91,257.99,FALSE,NA,NA
LD,2024-11-23T05:30:00Z,-12.34033,-53.28822,49.132069,0,5.275000000000034,0.885217,FALSE,2,33,309.04,FALSE,NA,NA
LD,2024-11-26T00:30:00Z,-24.889165000000002,-3.29232,6.89612,0,6.0120000000000005,0.475213,FALSE,2,90,281.815,FALSE,NA,NA
LD,2024-11-26T02:30:00Z,-21.26045,-4.202386,3.9761408,0,4.346000000000004,0.485768,FALSE,2,84,287.815,FALSE,NA,NA
LD,2024-11-26T04:30:00Z,-14.18145,3.6505,4.94851,0,3.583000000000027,0.64917,FALSE,2,58,286.089,FALSE,NA,NA
LD,2024-11-26T07:30:00Z,-10.439969999999999,15.232598,-0.3871000000000011,0,2.941000000000031,0.61537,FALSE,2,54,277.629,FALSE,NA,NA
LD,2024-12-15T13:00:00Z,-7.6465,-35.88364,115.18443,0.0674722,0.7909999999999968,0.333018,FALSE,2,48,110.902,FALSE,NA,NA
LD,2024-12-16T22:30:00Z,-7.43105,14.3847,2.6117749999999997,0.442841,7.93300000000005,0.612669,FALSE,1,41,257.391,FALSE,NA,NA
LD,2024-12-16T23:30:00Z,-14.22325,2.6117749999999997,14.91703,0,6.895000000000039,0.535678,FALSE,1,36,258.886,FALSE,NA,NA
LD,2024-12-20T02:30:00Z,-7.55758,0.8132978000000001,-0.690038,3.92008e-5,-3.784999999999968,0.270788,FALSE,1,98,90.1204,FALSE,NA,NA
LD,2024-12-26T12:00:00Z,-7.8862760000000005,6.1093720000000005,-0.049296000000000006,0,0.5480000000000018,0.260469,FALSE,2,81,119.854,FALSE,NA,NA
LD,2024-12-27T06:30:00Z,-8.08678,1.5066599999999999,-31.378156,0,4.970000000000027,0.397166,FALSE,2,13,139.701,FALSE,NA,NA
LD,2024-12-27T10:00:00Z,-10.27002,17.81776,-1.2382700000000002,0,4.460000000000036,0.364805,FALSE,2,44,122.888,FALSE,NA,NA
LD,2024-12-27T22:30:00Z,-11.48951,-0.673802,49.5972,0.707365,6.220000000000027,0.339845,FALSE,2,59,106.041,FALSE,NA,NA
LD,2024-12-27T23:30:00Z,-8.86111,49.5972,-13.669500000000001,0,6.2830000000000155,0.340298,FALSE,0,17,109.197,FALSE,NA,NA
LD,2024-12-28T00:00:00Z,-13.669500000000001,-8.86111,-64.20622,0,6.235000000000014,0.356478,FALSE,2,16,110.888,FALSE,NA,NA
LD,2024-12-28T01:30:00Z,-11.02048,-4.38202,-6.479190000000001,0,6.213999999999999,0.422116,FALSE,2,57,113.677,FALSE,NA,NA
LD,2024-12-28T02:00:00Z,-6.479190000000001,-11.02048,-17.857051000000002,0,6.446000000000026,0.454247,FALSE,2,61,117.748,FALSE,NA,NA
LD,2024-12-28T02:30:00Z,-17.857051000000002,-6.479190000000001,1.139485,0,6.641999999999996,0.42298,FALSE,2,59,117.898,FALSE,NA,NA
LD,2024-12-29T04:30:00Z,-6.72307,-15.40382,-39.45188,0,4.79200000000003,0.145681,FALSE,2,98,180.121,FALSE,NA,NA
LD,2024-12-29T09:00:00Z,-11.500101,1.1297540000000001,-1.839131,0,3.684000000000026,0.101796,FALSE,1,95,93.0094,FALSE,NA,NA
LD,2024-12-30T05:30:00Z,-24.774789700000003,44.348102,-9.180900000000001,0,2.847000000000037,0.570087,FALSE,0,32,303.598,FALSE,NA,NA
LD,2024-12-30T06:00:00Z,-9.180900000000001,-24.774789700000003,-4.77396,0,2.75,0.575483,FALSE,2,29,307.435,FALSE,NA,NA
LD,2024-12-30T07:30:00Z,-16.3845,-4.77396,1.2680900000000002,0,2.7450000000000045,0.696421,FALSE,0,26,294.097,FALSE,NA,NA
LD,2024-12-31T01:00:00Z,-8.75823,5.1313737999999995,NA,0,1.962000000000046,0.12391,FALSE,2,63,239.641,FALSE,NA,NA
MD,2024-01-03T23:30:00Z,-7.549612,1.2025399999999995,-1.4674525999999999,2.72926e-4,-0.2330000000000041,0.504127,FALSE,2,93,343.467,FALSE,NA,NA
MD,2024-01-15T02:00:00Z,-8.719626,1.3556185,4.34067,0.11111111111111112,-11.64,0.537019,FALSE,1,100,221.098,FALSE,NA,NA
MD,2024-01-26T05:30:00Z,-7.1046499999999995,1.1710600000000007,-10.356839999999998,2.70461e-4,0.7240000000000464,0.45603,FALSE,2,60,67.1074,FALSE,NA,NA
MD,2024-01-26T06:00:00Z,-10.356839999999998,-7.1046499999999995,9.67265,2.63557e-4,0.7620000000000005,0.568811,FALSE,0,56,70.3207,FALSE,NA,NA
MD,2024-01-26T08:30:00Z,-25.99070871,9.726100000000002,-24.6467,1.44476e-4,1.0670000000000073,0.325771,FALSE,0,56,23.1832,FALSE,NA,NA
MD,2024-01-26T09:00:00Z,-24.6467,-25.99070871,-41.637989999999995,0,1.066000000000031,0.414415,FALSE,2,55,18.147,FALSE,NA,NA
MD,2024-01-26T10:00:00Z,-22.33049,-41.637989999999995,57.498009999999994,4.68437e-5,1.0270000000000437,0.326945,FALSE,1,46,13.7369,FALSE,NA,NA
MD,2024-01-26T11:30:00Z,-28.674189999999996,5.30605,8.001819999999999,0,1.1240000000000236,0.357586,FALSE,1,46,34.4801,FALSE,NA,NA
MD,2024-01-27T12:00:00Z,-5.4783800000000005,2.4355290000000003,-3.92091,0.1388888888888889,0.76,0.187555,FALSE,2,50,105.936,FALSE,NA,NA
MD,2024-01-28T09:00:00Z,-8.754690000000002,3.32003,3.13665,0.08333333333333333,1.85,0.264243,FALSE,2,57,20.751,FALSE,NA,NA
MD,2024-01-28T12:00:00Z,-8.80725,3.385567,-2.1847299999999996,0.1388888888888889,1.49,0.368561,FALSE,2,63,5.21822,FALSE,NA,NA
MD,2024-02-15T11:30:00Z,-6.119600000000002,67.0358,-114.33009999999999,0.05555555555555556,0.12,0.525257,FALSE,0,15,130.07,FALSE,NA,NA
MD,2024-02-15T12:30:00Z,-12.307770000000001,-114.33009999999999,-4.20988,0.08333333333333333,-1.42,0.756599,FALSE,1,41,140.074,FALSE,NA,NA
MD,2024-02-15T14:00:00Z,-26.278999999999996,27.153047,14.666800000000002,1.6944444444444444,-0.84,0.158678,FALSE,0,3,190.175,FALSE,NA,NA
MD,2024-02-15T15:00:00Z,-15.0313,14.666800000000002,-29.10747,7.305555555555556,-0.53,0.13427,FALSE,1,30,342.711,FALSE,NA,NA
MD,2024-02-15T15:30:00Z,-29.10747,-15.0313,31.22869,7.305555555555556,-0.53,0.203969,FALSE,0,13,351.373,FALSE,NA,NA
MD,2024-02-28T12:30:00Z,-6.422451,-35.55442,1.9303769999999998,0.563959,-3.2659999999999627,0.812306,FALSE,2,100,323.873,FALSE,NA,NA
MD,2024-03-05T07:30:00Z,-6.86487,-32.64374,0.98855,0,13.420000000000016,0.285757,FALSE,1,72,303.956,FALSE,NA,NA
MD,2024-03-05T09:30:00Z,-12.20195,32.1516,-35.16027,0,8.78000000000003,0.233609,FALSE,2,25,65.0289,FALSE,NA,NA
MD,2024-03-05T10:30:00Z,-20.6363,-35.16027,-16.90638,0,8.965000000000032,0.411334,FALSE,1,24,3.4151,FALSE,NA,NA
MD,2024-03-05T11:00:00Z,-16.90638,-20.6363,66.50210000000001,0,8.5460000000000491,0.313994,FALSE,2,30,349.901,FALSE,NA,NA
MD,2024-03-05T12:00:00Z,-5.9442200000000005,66.50210000000001,-62.269729999999996,0.00755835,6.088999999999999,0.491001,FALSE,2,49,28.6588,FALSE,NA,NA
MD,2024-03-06T06:00:00Z,-9.18176,-2.839727,0.050980000000000025,0,5.461000000000013,0.272387,FALSE,2,96,66.6206,FALSE,NA,NA
MD,2024-03-09T00:30:00Z,-23.08969,63.361005,-30.076197999999998,0.00556134,5.842000000000041,0.412827,FALSE,0,35,64.4458,FALSE,NA,NA
MD,2024-03-09T01:30:00Z,-15.2226,-30.076197999999998,-12.061914,0,5.7620000000000005,0.442784,FALSE,2,38,61.066,FALSE,NA,NA
MD,2024-03-09T02:00:00Z,-12.061914,-15.2226,-13.470321,0,5.600999999999999,0.349714,FALSE,1,37,41.9175,FALSE,NA,NA
MD,2024-03-09T02:30:00Z,-13.470321,-12.061914,19.494904,0,5.2000000000000455,0.366779,FALSE,0,37,24.5888,FALSE,NA,NA
MD,2024-03-09T05:00:00Z,-14.0083,21.839688000000002,-11.962397000000001,0,4.528999999999996,0.481042,FALSE,2,46,3.81291,FALSE,NA,NA
MD,2024-03-09T05:30:00Z,-11.962397000000001,-14.0083,4.193393,0,4.485000000000014,0.439704,FALSE,1,40,2.47758,FALSE,NA,NA
MD,2024-03-09T06:30:00Z,-15.163017,4.193393,2.86006,0,4.508000000000038,0.500445,FALSE,2,46,5.41556,FALSE,NA,NA
MD,2024-03-14T02:30:00Z,-8.34075,7.614000000000001,-10.67632,0,14.802000000000021,0.215471,FALSE,2,90,349.864,FALSE,NA,NA
MD,2024-03-14T03:00:00Z,-10.67632,-8.34075,3.7228000000000003,0,14.965000000000032,0.32875,FALSE,2,97,0.0668847,FALSE,NA,NA
MD,2024-03-14T06:00:00Z,-10.84711,8.13067,2.68013,0,10.708000000000027,0.227546,FALSE,2,89,99.9968,FALSE,NA,NA
MD,2024-03-14T08:00:00Z,-8.04778,42.361909999999995,2.7375920000000002,0,10.016999999999996,0.241986,FALSE,0,98,60.346,FALSE,NA,NA
MD,2024-03-21T10:30:00Z,-5.0270274,1.83931638,-17.340929000000003,3.69816e-6,-6.397999999999968,0.652086,FALSE,1,100,270.985,FALSE,NA,NA
MD,2024-03-21T11:00:00Z,-17.340929000000003,-5.0270274,-3.805208,4.57589e-4,-6.949999999999989,0.601658,FALSE,1,100,307.994,FALSE,NA,NA
MD,2024-03-21T12:00:00Z,-5.409093,-3.805208,-8.193343,9.11838,-7.710999999999956,0.604245,FALSE,1,100,307.79,FALSE,NA,NA
MD,2024-03-26T07:00:00Z,-13.134079999999999,-34.45596,-7.213913999999999,0,11.951000000000022,0.675551,FALSE,2,69,173.136,FALSE,NA,NA
MD,2024-03-26T07:30:00Z,-7.213913999999999,-13.134079999999999,16.39,0,10.51400000000001,0.31199,FALSE,0,69,154.497,FALSE,NA,NA
MD,2024-03-26T09:00:00Z,-9.36876,86.52055,-37.381060000000005,0,8.123000000000047,0.573578,FALSE,2,38,138.27,FALSE,NA,NA
MD,2024-03-26T11:00:00Z,-6.46828,-3.64198,5.98991,0,8.360000000000014,0.681806,FALSE,2,89,141.151,FALSE,NA,NA
MD,2024-03-26T12:30:00Z,-21.111269999999998,105.36000000000001,14.556980000000001,2.38314,8.912000000000035,0.958381,FALSE,1,56,160.411,FALSE,NA,NA
MD,2024-03-27T03:00:00Z,-8.71756,5.48934,10.53411,0,3.4610000000000127,0.746125,FALSE,2,88,242.457,FALSE,NA,NA
MD,2024-03-31T01:00:00Z,-8.589886,-0.3624100000000001,10.16832,0.00329459,4.287000000000035,0.308757,FALSE,1,72,332.823,FALSE,NA,NA
MD,2024-03-31T02:30:00Z,-8.31006,7.0666009999999995,-1.01078,0,3.684000000000026,0.285912,FALSE,2,62,331.36,FALSE,NA,NA
MD,2024-11-01T07:30:00Z,-17.537679999999998,6.6183231750000004,-6.5387,0,6.218000000000018,0.497365,FALSE,2,89,271.676,FALSE,NA,NA
MD,2024-11-01T08:00:00Z,-6.5387,-17.537679999999998,14.43827,0,5.946000000000026,0.500899,FALSE,2,84,273.247,FALSE,NA,NA
MD,2024-11-01T12:30:00Z,-12.677367,2.7016699999999996,7.04432,2.08698,4.93100000000004,0.496961,FALSE,2,73,317.248,FALSE,NA,NA
MD,2024-11-04T04:30:00Z,-22.51626,24.415713,-24.2661,0,12.408000000000015,0.724795,FALSE,2,90,142.036,FALSE,NA,NA
MD,2024-11-04T05:00:00Z,-24.2661,-22.51626,-20.630896,0,11.659000000000049,0.700384,FALSE,1,63,154.9,FALSE,NA,NA
MD,2024-11-04T05:30:00Z,-20.630896,-24.2661,7.804460000000001,0,10.088000000000022,0.519222,FALSE,0,64,148.142,FALSE,NA,NA
MD,2024-11-05T05:00:00Z,-12.4964,-42.68044,0.32336999999999994,0,16.65300000000002,0.487667,FALSE,2,61,198.961,FALSE,NA,NA
MD,2024-11-05T06:30:00Z,-17.915010000000002,5.280951,5.561923,0,16.724000000000046,0.351263,FALSE,2,64,195.065,FALSE,NA,NA
MD,2024-11-05T08:30:00Z,-7.826438,-1.455306,5.38384,0,17.047000000000025,0.351808,FALSE,1,77,189.998,FALSE,NA,NA
MD,2024-11-05T11:00:00Z,-20.414559999999998,15.468715,-3.00102,0,16.819000000000017,0.628767,FALSE,2,74,178.969,FALSE,NA,NA
MD,2024-11-05T22:00:00Z,-7.035990000000001,5.4676176000000005,16.00937,6.07059,18.799000000000035,0.536517,FALSE,2,88,192.858,FALSE,NA,NA
MD,2024-11-05T23:00:00Z,-15.711450000000001,16.00937,-5.24275,0.108553,17.637,0.539124,FALSE,2,59,180.685,FALSE,NA,NA
MD,2024-11-05T23:30:00Z,-5.24275,-15.711450000000001,6.700802,2.98813e-4,17.20300000000003,0.52144,FALSE,0,61,174.475,FALSE,NA,NA
MD,2024-11-06T01:30:00Z,-29.212183,30.640750999999998,24.18233,0,17.170000000000016,0.600425,FALSE,1,65,200.133,FALSE,NA,NA
MD,2024-11-06T03:00:00Z,-11.53387,13.414705,5.918849999999999,0,15.504000000000019,0.401431,FALSE,1,66,227.543,FALSE,NA,NA
MD,2024-11-16T12:00:00Z,-7.303112,1.9716900000000002,10.458719,0.00105546,7.043000000000006,0.203253,FALSE,1,100,135.293,FALSE,NA,NA
MD,2024-11-18T09:30:00Z,-14.21203,7.214554000000001,6.323869999999999,0.00138534,3.3140000000000214,0.113579,FALSE,1,15,121.668,FALSE,NA,NA
MD,2024-11-18T22:30:00Z,-12.289719999999999,9.30119,10.63442,1.76008,10.769000000000005,0.333095,FALSE,2,95,112.348,FALSE,NA,NA
MD,2024-11-19T00:00:00Z,-8.095220000000001,8.393647,2.173987,0,9.689000000000021,0.396147,FALSE,2,80,111.462,FALSE,NA,NA
MD,2024-11-19T01:00:00Z,-8.70248,2.173987,43.07655,0,8.65300000000002,0.472001,FALSE,2,66,117.971,FALSE,NA,NA
MD,2024-11-19T02:30:00Z,-10.0532,40.07373,32.700808,0,8.360000000000014,0.581222,FALSE,2,60,116.3,FALSE,NA,NA
MD,2024-11-19T05:00:00Z,-11.84878,1.3973000000000004,-0.6992100000000001,0,8.911000000000001,0.659862,FALSE,2,85,116.359,FALSE,NA,NA
MD,2024-11-19T07:00:00Z,-7.365819999999999,3.8559840000000003,1.45678,7.44569e-5,9.120000000000005,0.662701,FALSE,2,93,116.408,FALSE,NA,NA
MD,2024-11-19T13:00:00Z,-27.83868,-46.313219999999994,0.7621000000000002,0.550119,10.691000000000031,0.655534,FALSE,2,40,127.599,FALSE,NA,NA
MD,2024-11-21T07:00:00Z,-5.25609,1.460363,-12.576912,0,0.6790000000000305,0.40053,FALSE,1,52,246.564,FALSE,NA,NA
MD,2024-11-21T07:30:00Z,-12.576912,-5.25609,36.80908,0,0.4759999999999991,0.360281,FALSE,1,49,253.004,FALSE,NA,NA
MD,2024-11-21T09:00:00Z,-28.6271,4.7291,-0.6884199999999998,1.24506e-4,0.08600000000001273,0.441826,FALSE,2,75,263.513,FALSE,NA,NA
MD,2024-11-23T00:30:00Z,-6.423922999999999,3.1814483,39.74171,0,6.253000000000043,0.60058,FALSE,2,100,331.521,FALSE,NA,NA
MD,2024-11-23T03:00:00Z,-12.228940000000001,6.92378,-4.544420000000001,0,5.424000000000035,0.482526,FALSE,2,90,331.585,FALSE,NA,NA
MD,2024-11-23T04:00:00Z,-5.9558670000000005,-4.544420000000001,27.7501,0,5.314000000000021,0.353252,FALSE,2,96,326.587,FALSE,NA,NA
MD,2024-11-25T05:00:00Z,-21.78574,19.02015,0.6021799999999999,0,4.611000000000047,0.493129,FALSE,0,92,101.405,FALSE,NA,NA
MD,2024-11-25T09:30:00Z,-25.84534,34.54511,0.9324299999999999,0,4.215000000000032,0.499393,FALSE,1,83,112.506,FALSE,NA,NA
MD,2024-11-26T07:00:00Z,-9.53308,10.583801000000001,-6.21513,0,3.5130000000000337,0.65151,FALSE,2,97,293.128,FALSE,NA,NA
MD,2024-11-26T07:30:00Z,-6.21513,-9.53308,3.4319099999999993,0,2.941000000000031,0.688939,FALSE,1,80,286.14,FALSE,NA,NA
MD,2024-11-26T08:30:00Z,-18.87531,3.4319099999999993,-6.839230000000001,0,2.140000000000043,0.606743,FALSE,1,71,286.713,FALSE,NA,NA
MD,2024-11-26T09:00:00Z,-6.839230000000001,-18.87531,-4.073180000000001,0,2.1280000000000427,0.520156,FALSE,2,67,293.415,FALSE,NA,NA
MD,2024-12-16T04:30:00Z,-15.43934,6.08135,8.3034,5.5818e-4,3.872000000000014,0.284872,FALSE,2,27,155.765,FALSE,NA,NA
MD,2024-12-16T13:30:00Z,-23.44451,33.47197,-10.754912000000001,0.705039,6.076999999999998,0.447828,FALSE,1,30,147.096,FALSE,NA,NA
MD,2024-12-16T14:00:00Z,-10.754912000000001,-23.44451,17.822580000000002,2.74543,6.282000000000039,0.392681,FALSE,0,36,148.136,FALSE,NA,NA
MD,2024-12-17T05:30:00Z,-7.14254,5.27909,-0.19049000000000005,8.87565e-5,4.446000000000026,0.618989,FALSE,2,100,253.402,FALSE,NA,NA
MD,2024-12-23T22:00:00Z,-12.646019999999998,1.8602759999999998,1.47694,6.31825,-0.010999999999967258,0.227107,FALSE,1,70,192.169,FALSE,NA,NA
MD,2024-12-24T01:30:00Z,-6.37786,6.87773,30.9452,0,0.160000000000025,0.229063,FALSE,1,64,288.665,FALSE,NA,NA
MD,2024-12-26T08:00:00Z,-5.315532,6.02017,-30.2096,0,-0.31399999999996453,0.256915,FALSE,1,39,95.6496,FALSE,NA,NA
MD,2024-12-26T09:00:00Z,-5.915179,-30.2096,-16.405095,0,-0.15899999999999181,0.254861,FALSE,1,25,95.9643,FALSE,NA,NA
MD,2024-12-26T09:30:00Z,-16.405095,-5.915179,6.623200000000001,0,-0.09099999999995134,0.298383,FALSE,1,19,101.849,FALSE,NA,NA
MD,2024-12-26T11:30:00Z,-6.165866,-0.6942117,-11.28561,0,0.41700000000003,0.268152,FALSE,2,29,136.818,FALSE,NA,NA
MD,2024-12-26T12:00:00Z,-11.28561,-6.165866,-10.179939999999998,0,0.5480000000000018,0.293809,FALSE,2,69,132.416,FALSE,NA,NA
MD,2024-12-26T12:30:00Z,-10.179939999999998,-11.28561,4.027627,1.07247e-4,0.6419999999999959,0.257485,FALSE,2,58,131.831,FALSE,NA,NA
MD,2024-12-27T05:30:00Z,-8.00576,-47.41,-42.4922,0,5.201000000000022,0.320562,FALSE,2,68,147.404,FALSE,NA,NA
MD,2024-12-27T07:00:00Z,-7.00765,-38.373000000000005,33.655052999999995,0,4.855000000000018,0.374147,FALSE,2,21,143.512,FALSE,NA,NA
MD,2024-12-28T02:30:00Z,-22.28138,-1.316901,34.035012,0,6.641999999999996,0.562185,FALSE,2,25,128.769,FALSE,NA,NA
MD,2024-12-28T06:00:00Z,-13.31582,14.51917,-15.991818,0,8.116000000000042,0.570609,FALSE,2,26,145.061,FALSE,NA,NA
MD,2024-12-28T06:30:00Z,-15.991818,-13.31582,6.03343,0,8.469000000000051,0.592405,FALSE,2,39,150.247,FALSE,NA,NA
MD,2024-12-28T09:00:00Z,-12.58931,8.9403,3.58794,0,10.217000000000041,0.699325,FALSE,2,72,213.701,FALSE,NA,NA
MD,2024-12-28T11:00:00Z,-8.508009999999999,-2.042853,13.83692,0,9.249000000000024,0.551375,FALSE,2,100,221.607,FALSE,NA,NA
MD,2024-12-28T13:30:00Z,-19.901809999999998,57.2216,5.93542,1.40772,8.991000000000042,0.617146,FALSE,1,97,227.338,FALSE,NA,NA
MD,2024-12-29T14:30:00Z,-15.31306,0.430974,1.2197799999999996,4.42891,5.274000000000001,0.453231,FALSE,1,91,70.4633,FALSE,NA,NA
MD,2024-12-29T22:30:00Z,-29.602230000000002,1.201691,-2.55579,0.272473,3.8170000000000073,0.473005,FALSE,1,33,341.367,FALSE,NA,NA
MD,2024-12-30T00:30:00Z,-21.21879,-39.65368,-67.78669,0,3.1230000000000473,0.680009,FALSE,1,41,335.13,FALSE,NA,NA
MD,2024-12-30T02:00:00Z,-17.1337,-53.7472,-2.4746500000000005,0,2.766999999999996,0.481928,FALSE,2,60,328.442,FALSE,NA,NA
MD,2024-12-30T06:30:00Z,-22.343230000000002,7.75032,51.814640000000004,0,2.7309999999999945,0.520411,FALSE,1,44,310.89,FALSE,NA,NA
MD,2024-12-30T07:30:00Z,-14.441180000000001,51.814640000000004,-11.69056,0,2.7450000000000045,0.633675,FALSE,2,54,300.36,FALSE,NA,NA
MD,2024-12-30T08:00:00Z,-11.69056,-14.441180000000001,13.17679,0,2.665999999999997,0.628636,FALSE,1,52,296.511,FALSE,NA,NA
MD,2024-12-30T09:30:00Z,-15.596029999999999,138.15640000000002,-5.49393,0,2.6090000000000373,0.458805,FALSE,2,81,307.858,FALSE,NA,NA
MD,2024-12-30T10:00:00Z,-5.49393,-15.596029999999999,-0.9425000000000001,0,2.580000000000041,0.537357,FALSE,2,88,303.254,FALSE,NA,NA
MD,2024-12-31T09:30:00Z,-11.6015,0.4334499999999999,11.02633,0,-1.1119999999999663,0.161978,FALSE,0,20,62.5436,FALSE,NA,NA
MD,2024-12-31T11:30:00Z,-16.19087,-1.1433300000000006,6.327900000000001,0,-0.05899999999996908,0.40538,FALSE,2,27,68.9421,FALSE,NA,NA
MD,2024-12-31T12:30:00Z,-23.84717,6.327900000000001,-7.212250000000001,2.06852e-4,0.18300000000004957,0.458463,FALSE,1,45,74.0856,FALSE,NA,NA
MD,2024-12-31T13:00:00Z,-7.212250000000001,-23.84717,-62.6113,0.0652019,0.17600000000004457,0.520261,FALSE,2,67,65.1995,FALSE,NA,NA
